id	gene_name	Topological domain	Transmembrane	Intramembrane	has_signal	has_transmem	has_intramem	has_topo_dom
A0A178WF56	CYSTM3		Helical			True
A0A1I9LMX5	CEP9				True
A0A1I9LN01	LAF3		Helical			True
A0A1P8AQ95	STMP4				True
A0JQ18	PROSCOOP14				True
A1L4X0	CLT2		Helical			True
A2RVU1	MWL1	Cytoplasmic; Extracellular	Helical		True	True		True
A4FVP6	NAC016		Helical			True
A7WM73	HEXO1				True
A7XDQ9	GALT2	Cytoplasmic; Lumenal	Helical; Signal-anchor for type II membrane protein			True		True
A8MPR5	FTSHI2		Helical			True
A8MQA5	ESF1.3				True
A8MQY1	NAC68		Helical			True
A8MR93	ALG12		Helical			True
A8MRY9	UGNT1		Helical			True
A8R7E6	CERK1	Extracellular; Cytoplasmic	Helical		True	True		True
B3GS44	LRE				True
B3H4Y2	STMP3				True
B3H5A9	CEP6				True
B3H5J1	GLV10				True
B3H754	APD3		Helical			True
B3H7I1	PROSCOOP12				True
B5TYT3	OSCA1.3		Helical			True
B7ZWR6	OEP61	Cytoplasmic; Lumenal	Helical			True		True
B8XCH5	QKY		Helical			True
B9DFK5	RE		Helical			True
B9DFU2	CYP711A1		Helical			True
B9DFX7	PAA2		Helical			True
B9DGY1	ABC1K7		Helical			True
C0LGE0		Extracellular; Cytoplasmic	Helical		True	True		True
C0LGF4	FEI1	Extracellular; Cytoplasmic	Helical		True	True		True
C0LGF5	RGI5	Extracellular; Cytoplasmic	Helical		True	True		True
C0LGG6		Extracellular; Cytoplasmic	Helical		True	True		True
C0LGG8		Extracellular; Cytoplasmic	Helical		True	True		True
C0LGH3		Extracellular; Cytoplasmic	Helical		True	True		True
C0LGH8		Extracellular; Cytoplasmic	Helical		True	True		True
C0LGI5		Extracellular; Cytoplasmic	Helical		True	True		True
C0LGJ1		Extracellular; Cytoplasmic	Helical		True	True		True
C0LGJ9		Extracellular; Cytoplasmic	Helical		True	True		True
C0LGL4		Extracellular; Cytoplasmic	Helical		True	True		True
C0LGL9	FEI2	Extracellular; Cytoplasmic	Helical		True	True		True
C0LGN2	LRR-RLK	Extracellular; Cytoplasmic	Helical		True	True		True
C0LGP2	MEE39	Extracellular; Cytoplasmic	Helical		True	True		True
C0LGP9	IMK3	Extracellular; Cytoplasmic	Helical		True	True		True
C0LGQ4	MDIS2	Extracellular; Cytoplasmic	Helical		True	True		True
C0LGQ5	GSO1	Extracellular; Cytoplasmic	Helical		True	True		True
C0LGQ9	GHR1	Extracellular; Cytoplasmic	Helical		True	True		True
C0LGR3	RGI3	Extracellular; Cytoplasmic	Helical		True	True		True
C0LGR6		Extracellular; Cytoplasmic	Helical		True	True		True
C0LGR9		Extracellular; Cytoplasmic	Helical		True	True		True
C0LGS2		Extracellular; Cytoplasmic	Helical		True	True		True
C0LGS3		Extracellular; Cytoplasmic	Helical		True	True		True
C0LGT1		Extracellular; Cytoplasmic	Helical		True	True		True
C0LGT6	EFR	Extracellular; Cytoplasmic	Helical		True	True		True
C0LGU0	PRK1	Extracellular; Cytoplasmic	Helical		True	True		True
C0LGU5	CIK4	Extracellular; Cytoplasmic	Helical		True	True		True
C0LGU7	MDIS1	Extracellular; Cytoplasmic	Helical		True	True		True
C0LGV1	RGI2	Extracellular; Cytoplasmic	Helical		True	True		True
C0LGW2	PAM74	Extracellular; Cytoplasmic	Helical		True	True		True
C0LGW6	ERL1	Extracellular; Cytoplasmic	Helical		True	True		True
C0LGX3	HSL2	Extracellular; Cytoplasmic	Helical		True	True		True
C5I9W9	WTS	Cytoplasmic; Lumenal	Helical		True	True		True
D7SFH9	LRK10L-2.6	Extracellular; Cytoplasmic	Helical		True	True		True
F4HQM3	NCER1				True
F4HTM3	GCS1	Cytoplasmic; Lumenal	Helical; Signal-anchor for type II membrane protein			True		True
F4HVJ3	POD1		Helical			True
F4HVS0			Helical			True
F4HVW5	VAD1		Helical			True
F4HVY0	CER1		Helical			True
F4HXQ7	MYOB1		Helical			True
F4HXY7	PSS1		Helical			True
F4I2N7	RLK7	Extracellular; Cytoplasmic	Helical		True	True		True
F4I316	SUN3		Helical			True
F4I3V6	SHW1		Helical			True
F4I4K5	LPR1				True
F4I8I0	SUN4		Helical			True
F4I9A2	TNO1	Cytoplasmic; Vesicular	Helical; Anchor for type IV membrane protein			True		True
F4IB81	LYK3	Extracellular; Cytoplasmic	Helical		True	True		True
F4ICF4	RBL10		Helical			True
F4ICX9	TSA1				True
F4IDU4	LPCAT1		Helical			True
F4IDY5			Helical			True
F4IED2	NAC013		Helical			True
F4IHS9	UXT1		Helical			True
F4IME2	MSL8		Helical			True
F4IMH3	NOC4		Helical			True
F4IQV7	SCY2		Helical			True
F4ISL7	TIC236	Stromal; Chloroplast intermembrane	Helical			True		True
F4ISV9	APD4		Helical			True
F4ITL6	RTE1		Helical			True
F4ITM1	RSL1		Helical			True
F4IYM4	DEX1	Extracellular; Cytoplasmic	Helical		True	True		True
F4J0W4	MIRO2	Cytoplasmic; Mitochondrial intermembrane	Helical			True		True
F4J220	LPPE1		Helical			True
F4J3N2	FTSHI5		Helical			True
F4JAU3	P4H2	Cytoplasmic; Lumenal	Helical; Signal-anchor for type II membrane protein			True		True
F4JBX1	RGF10				True
F4JFU8	OBL1		Helical			True
F4JIN3	ERDJ2B	Lumenal; Cytoplasmic	Helical			True		True
F4JJL0	ENDO4				True
F4JJL3	ENDO5				True
F4JKK0	SUD1		Helical			True
F4JLZ6	SMO1-3		Helical			True
F4JN35	NTL9		Helical			True
F4JP36	HAP2	Extracellular; Cytoplasmic	Helical		True	True		True
F4JPW1	BASS5		Helical			True
F4JS25	SRFR1		Helical			True
F4JSE7	EDR2		Helical			True
F4JSH1	APY7	Cytoplasmic; Extracellular	Helical			True		True
F4JTB3	DTX35		Helical			True
F4JTN2	LAZ1	Cytoplasmic; Lumenal	Helical			True		True
F4JUU5	S2P	Cytoplasmic; Lumenal	Helical			True		True
F4JY11	CAND7		Helical		True	True
F4JYC8	PTM		Helical			True
F4JZG9	TERC	Stromal; Lumenal, thylakoid	Helical			True		True
F4JZN6	TSC10B	Lumenal; Cytoplasmic	Helical			True		True
F4K6B8	RGI4	Extracellular; Cytoplasmic	Helical		True	True		True
F4K6F1	XLT2	Cytoplasmic; Lumenal	Helical; Signal-anchor for type II membrane protein			True		True
F4KCH3	PROSCOOP15				True
F4KF14	FTSHI4		Helical			True
F4KFS7	MEB2		Helical			True
F4KG58	EXO70A3		Helical			True
F4KGN5	IREG2		Helical			True
F4KHQ8	NCER3				True
O04023	SRC2	Cytoplasmic; Lumenal	Helical; Signal-anchor			True		True
O04046	GGPPS2				True
O04151	CRT1				True
O04153	CRT3				True
O04200	PXN		Helical			True
O04331	PHB3	Mitochondrial matrix; Mitochondrial intermembrane	Helical; Signal-anchor for type II membrane protein			True		True
O04373	ILL4				True
O04468	STMP6				True
O04523	AXY4	Cytoplasmic; Lumenal	Helical; Signal-anchor for type II membrane protein			True		True
O04529	2MMP				True
O04532	FH8		Helical		True	True
O04547	CLE26				True
O04567			Helical		True	True
O04616	CURT1A	Stromal; Lumenal	Helical			True		True
O04619	ADNT1		Helical			True
O04714	GCR1	Extracellular; Cytoplasmic	Helical			True		True
O04846	ACA1				True
O04928	CDS1		Helical			True
O22049	AOX2		Helical			True
O22149	PME17				True
O22203	CYP98A3		Helical			True
O22208	BZIP17	Cytoplasmic; Lumenal	Helical			True		True
O22213	CKX1				True
O22218	ACA4	Cytoplasmic; Lumenal	Helical			True		True
O22263	PDIL2-1				True
O22267	CKI1	Cytoplasmic; Extracellular	Helical			True		True
O22476	BRI1		Helical		True	True
O22752	MLO7	Extracellular; Cytoplasmic	Helical			True		True
O22755	ATL44		Helical			True
O22775	XXT2	Cytoplasmic; Lumenal	Helical; Signal-anchor for type II membrane protein			True		True
O22784	PDLP3	Extracellular; Cytoplasmic	Helical		True	True		True
O22833	LECRK54	Extracellular; Cytoplasmic	Helical		True	True		True
O22854	ETFQO						True
O22943	STL1	Cytoplasmic; Lumenal	Helical			True		True
O22993	FTSHI1		Helical			True
O23044	PER3				True
O23051	KAO1		Helical			True
O23066	CYP86A2		Helical			True
O23144	PPI1		Helical			True
O23147	ADPG1				True
O23349	AO1				True
O23373	FH3		Helical		True	True
O23474	PER40				True
O23507	1MMP				True
O23680	TOC33		Helical			True
O48528	OEP163		Helical			True
O48538	RBOHF	Cytoplasmic; Extracellular	Helical			True		True
O48711	PME12				True
O48849	RLP23	Extracellular; Cytoplasmic	Helical		True	True		True
O48915	NDR1				True
O48946	CESA1	Cytoplasmic; Extracellular	Helical			True		True
O48947	CESA2	Cytoplasmic; Extracellular	Helical			True		True
O49006	PME3				True
O49342	CYP71A13		Helical			True
O49394	CYP82C2		Helical			True
O49434	AAH				True
O49447	AAC3		Helical			True
O49519	CLE2				True
O49545	BAM1	Extracellular; Cytoplasmic	Helical		True	True		True
O49660	DTX56		Helical			True
O49668	PAM68	Stromal; Lumenal, thylakoid	Helical			True		True
O49696	ALMT12		Helical			True
O64425	RMA1		Helical; Anchor for type IV membrane protein			True
O64471	MTX1		Helical			True
O64474	HMA4	Cytoplasmic; Extracellular	Helical			True		True
O64483	SIRK	Extracellular; Cytoplasmic	Helical		True	True		True
O64495	SBT1.2				True
O64503	UTR1		Helical			True
O64614	YIP4A	Cytoplasmic; Lumenal	Helical			True		True
O64743	MEE23				True
O64763	ATL9		Helical		True	True
O64782	SD129	Extracellular; Cytoplasmic	Helical		True	True		True
O64784		Extracellular; Cytoplasmic	Helical		True	True		True
O64825	LYK4	Extracellular; Cytoplasmic	Helical		True	True		True
O64865	LTPG14				True
O64879	BGLU15				True
O64884	OFUT20	Cytoplasmic; Lumenal	Helical; Signal-anchor for type II membrane protein			True		True
O64989	CYP90B1		Helical			True
O65272	KEA2	Stromal; Chloroplast intermembrane	Helical			True		True
O65351	SBT1.7				True
O65355	GGH2				True
O65359	SYP41	Cytoplasmic	Helical; Anchor for type IV membrane protein			True		True
O65375	LRX1				True
O65390	APA1				True
O65440	BAM3	Extracellular; Cytoplasmic	Helical		True	True		True
O65479	CRK20	Extracellular; Cytoplasmic	Helical		True	True		True
O65493	XCP1				True
O65660	PLAT1				True
O65677	KCS17		Helical			True
O65717	CNGC1	Cytoplasmic; Extracellular	Helical			True		True
O65718	CNGC2	Cytoplasmic; Extracellular	Helical			True		True
O65782	CYP83B1		Helical			True
O80434	IRX12				True
O80452	AMPD		Helical			True
O80460	CEP3				True
O80565	OEP37	Cytoplasmic; Chloroplast intermembrane	Beta stranded			True		True
O80605	SUC3	Cytoplasmic; Extracellular	Helical			True		True
O80612	APY6	Cytoplasmic; Extracellular	Helical			True		True
O80632	MTP11	Cytoplasmic; Vacuolar	Helical			True		True
O80722	PME4				True
O80725	ABCB4		Helical			True
O80803	XTH17				True
O80809	CLV2	Extracellular; Cytoplasmic	Helical		True	True		True
O80822	PER25				True
O80823	CYP86A8		Helical			True
O80845	PEX11D	Cytoplasmic; Lumenal	Helical			True		True
O80860	FTSH2	Lumenal, thylakoid; Stromal	Helical			True		True
O80885	ARASP		Helical			True
O80912	PER23				True
O80939	LECRK41	Extracellular; Cytoplasmic	Helical		True	True		True
O80952	PGPS1		Helical			True
O80963	CCR2	Extracellular; Cytoplasmic	Helical		True	True		True
O80977	VSR3	Lumenal; Cytoplasmic	Helical		True	True		True
O80983	FTSH4		Helical			True
O81045		Lumenal; Cytoplasmic	Helical		True	True		True
O81062	SPP	Lumenal; Cytoplasmic	Helical			True		True
O81069		Extracellular; Cytoplasmic	Helical		True	True		True
O81077	CYP707A2		Helical			True
O81081	LAC2				True
O81108	ACA2	Cytoplasmic; Lumenal	Helical			True		True
O81208	OHP1	Stromal; Lumenal	Helical			True		True
O81210	RBOHC	Cytoplasmic; Extracellular	Helical			True		True
O81283	TOC159		Helical			True
O81291	LECRK44	Extracellular; Cytoplasmic	Helical		True	True		True
O81346	CYP79B2		Helical			True
O81417	SRPP				True
O81775	GDU1	Extracellular; Cytoplasmic	Helical			True		True
O81833	SD11	Extracellular; Cytoplasmic	Helical		True	True		True
O81845	PUMP1		Helical			True
O81862	ChiC				True
O81905	SD18	Extracellular; Cytoplasmic	Helical		True	True		True
O82226	CNGC6	Cytoplasmic; Extracellular	Helical			True		True
O82245	TSPO		Helical			True
O82318	SKM1	Extracellular; Cytoplasmic	Helical		True	True		True
O82390	ANTR1		Helical			True
O82587	SWEET12	Extracellular; Cytoplasmic	Helical			True		True
O82811	NRT2.1		Helical			True
P04778	LHCB1.3		Helical			True
P0C5E2	LRK10L-1.2	Extracellular; Cytoplasmic	Helical		True	True		True
P0CJ48	LHCB1.1		Helical			True
P0CW78	HMA3	Cytoplasmic; Extracellular	Helical			True		True
P0DH86	SRK	Extracellular; Cytoplasmic	Helical		True	True		True
P0DI10	PER1				True
P0DKC5	HSD1		Helical; Signal-anchor for type II membrane protein			True
P0DKC6	HSD1		Helical; Signal-anchor for type II membrane protein			True
P0DKI0	SDH3-1		Helical			True
P0DO44	ATP6		Helical			True
P14891	HMG1		Helical			True
P15455	CRA1				True
P15456	CRB				True
P19171	CHI-B				True
P19172	CHIB1				True
P19456	AHA2	Cytoplasmic; Extracellular	Helical			True		True
P20431	AHA3	Cytoplasmic; Extracellular	Helical			True		True
P20649	AHA1	Cytoplasmic; Extracellular	Helical			True		True
P24101	PER33				True
P24102	PER22				True
P24806	XTH24				True
P25818	TIP1-1	Cytoplasmic; Vacuolar	Helical			True		True
P27521	LHCA4		Helical			True
P29402	CNX1	Lumenal; Cytoplasmic	Helical		True	True		True
P30302	PIP2-3	Cytoplasmic; Extracellular	Helical			True		True
P31167	AAC1		Helical			True
P31414	AVP1	Intravacuolar; Cytoplasmic	Helical			True		True
P32746	PYRD		Helical			True
P33157	BG2				True
P33487	ERABP1				True
P37702	TGG1				True
P40941	AAC2		Helical			True
P42792	MT-CYB; 	Mitochondrial matrix; Mitochondrial intermembrane	Helical			True		True
P42813	RNS1				True
P42814	RNS2				True
P43082	HEL				True
P43256	HMG2		Helical			True
P43286	PIP2-1	Cytoplasmic; Extracellular	Helical			True		True
P43287	PIP2-2	Cytoplasmic; Extracellular	Helical			True		True
P43296	RD19A				True
P43297	RD21A				True
P43298	TMK1	Extracellular; Cytoplasmic	Helical		True	True		True
P46014	KAPP	Extracellular; Cytoplasmic	Helical			True		True
P46032	NPF8.3		Helical			True
P46310	FAD7		Helical			True
P46313	FAD2		Helical			True
P46690	GASA4				True
P47192	VAMP722	Cytoplasmic; Vesicular	Helical; Anchor for type IV membrane protein			True		True
P47735	RLK5	Extracellular; Cytoplasmic	Helical		True	True		True
P48421	CYP83A1		Helical			True
P48622	FAD8		Helical			True
P49333	ETR1		Helical			True
P49599	PPH1		Helical			True
P54144	AMT1-1		Helical			True
P54968	ILR1				True
P54970	ILL2				True
P56761	psbD		Helical			True
P56766	psaA		Helical			True
P56778	psbC		Helical			True
P56780	psbH		Helical			True
P61837	PIP1-1	Cytoplasmic; Extracellular	Helical			True		True
P82805	TOM20-4	Cytoplasmic; Mitochondrial intermembrane	Helical			True		True
P82873	TOM20-2	Cytoplasmic; Mitochondrial intermembrane	Helical			True		True
P82874	TOM20-3	Cytoplasmic; Mitochondrial intermembrane	Helical			True		True
P83755	psbA		Helical			True
P92934	AAP6	Cytoplasmic; Extracellular	Helical			True		True
P92939	ECA1	Cytoplasmic; Lumenal	Helical			True		True
P92941	CLC-A		Helical			True
P92949	FRO2	Cytoplasmic; Extracellular	Helical			True		True
P92960	KAT3	Cytoplasmic; Extracellular	Helical; Helical; Voltage-sensor	Pore-forming		True	True	True
P92990	PGL3				True
P92994	CYP73A5		Helical			True
P93004	PIP2-7	Cytoplasmic; Extracellular	Helical			True		True
P93026	VSR1	Lumenal; Cytoplasmic	Helical		True	True		True
P93030	RMA2		Helical; Anchor for type IV membrane protein			True
P93042	RHD3	Cytoplasmic; Lumenal	Helical			True		True
P93046	XTH31				True
P93654	SYP22	Cytoplasmic; Vesicular	Helical; Anchor for type IV membrane protein			True		True
P93735	ELIP1		Helical			True
P93825	ERS2		Helical			True
P93834	HXK2		Helical			True
P94040	GLP1				True
P94072	GER3				True
P98204	ALA1	Cytoplasmic; Extracellular	Helical			True		True
P98205	ALA2	Cytoplasmic; Extracellular	Helical			True		True
Q01667	LHCA1		Helical			True
Q05085	NPF6.3		Helical			True
Q058G9	CEP5				True
Q058N4	MRS2-11		Helical			True
Q06611	PIP1-2	Cytoplasmic; Extracellular	Helical			True		True
Q06915	A6				True
Q06BH3	SRF1	Extracellular; Cytoplasmic	Helical		True	True		True
Q07473	LHCB4.1		Helical			True
Q07488	BCB				True
Q08298	RD22				True
Q08466	CKA2				True
Q08467	CKA1				True
Q08733	PIP1-3	Cytoplasmic; Extracellular	Helical			True		True
Q0PW40	CRK13	Extracellular; Cytoplasmic	Helical		True	True		True
Q0WL80	UGGT				True
Q0WML0	ABCB27		Helical			True
Q0WNY5	WAKL18	Extracellular; Cytoplasmic	Helical		True	True		True
Q0WP36	MOT2		Helical			True
Q0WPA5	MSR2	Cytoplasmic; Lumenal	Helical; Signal-anchor for type II membrane protein			True		True
Q0WPN7	CGR3	Cytoplasmic; Lumenal	Helical			True		True
Q0WPQ2	ETR2		Helical			True
Q0WQG8	GTG2		Helical			True
Q0WRJ2	TSC10A	Lumenal; Cytoplasmic	Helical			True		True
Q0WS06	APD1		Helical			True
Q0WSX8	TIK		Helical			True
Q0WT48	ERDJ2A	Lumenal; Cytoplasmic	Helical			True		True
Q0WUA3	ABC4		Helical			True
Q0WUG6	SBT6.1	Lumenal; Cytoplasmic	Helical		True	True		True
Q0WV13	GAUT13	Cytoplasmic; Lumenal	Helical; Signal-anchor for type II membrane protein			True		True
Q0WVM4	CIK2	Extracellular; Cytoplasmic	Helical		True	True		True
Q0WW17	RWA2		Helical			True
Q15KI9	PHYLLO		Helical			True
Q1ACB3	HST		Helical			True
Q1EBV7	BASS2		Helical			True
Q1EC69	SMO1-2		Helical			True
Q1JPL7	PME18				True
Q1KPV0	FZL	Stromal; Chloroplast intermembrane	Helical			True		True
Q1PDW5	FTSH6	Lumenal, thylakoid; Stromal	Helical			True		True
Q1PET6	ICMEL2		Helical			True
Q1PEY6	EPFL6				True
Q24JN5	P4H5	Cytoplasmic; Extracellular	Helical; Signal-anchor for type II membrane protein			True		True
Q2V3I3	EPFL4				True
Q2V4E2	CLE8				True
Q33884	CCMFN2		Helical			True
Q37145	ACA1	Stromal; Lumenal	Helical			True		True
Q38846	ERS1		Helical			True
Q38849	KAT2	Cytoplasmic; Extracellular	Helical; Helical; Voltage-sensor	Pore-forming		True	True	True
Q38856	IRT1	Extracellular; Cytoplasmic	Helical		True	True		True
Q38857	XTH22				True
Q38858	CRT2				True
Q38860	FAE1		Helical			True
Q38890	KOR	Cytoplasmic; Extracellular	Helical; Signal-anchor for type II membrane protein			True		True
Q38898	AKT2	Cytoplasmic; Extracellular	Helical; Helical; Voltage-sensor	Pore-forming		True	True	True
Q38906	TOC34		Helical			True
Q38909	XTH28				True
Q38911	XTH15				True
Q38913	EXT1				True
Q38932	LUT2		Helical			True
Q38944	DET2		Helical			True
Q38954	PHT2-1		Helical			True
Q38967	AAP2	Cytoplasmic; Extracellular	Helical			True		True
Q38998	AKT1	Cytoplasmic; Extracellular	Helical; Helical; Voltage-sensor	Pore-forming		True	True	True
Q39034	PER59				True
Q39041	BFRUCT4	Cytoplasmic; Lumenal	Helical; Signal-anchor for type II membrane protein			True		True
Q39043	BIP2				True
Q39044	bVPE				True
Q39085	DIM	Lumenal; Cytoplasmic	Helical; Signal-anchor			True		True
Q39086	SD17	Extracellular; Cytoplasmic	Helical		True	True		True
Q39099	XTH4				True
Q39102	FTSH1		Helical			True
Q39119					True
Q39128	KAT1	Cytoplasmic; Extracellular	Helical; Helical; Voltage-sensor	Pore-forming		True	True	True
Q39134	AAP3	Cytoplasmic; Extracellular	Helical			True		True
Q39176	EARLI1				True
Q39191	WAK1	Extracellular; Cytoplasmic	Helical		True	True		True
Q39203	SD22	Extracellular; Cytoplasmic	Helical		True	True		True
Q39208	STE1		Helical			True
Q39219	AOX1A		Helical			True
Q39231	SUC2	Cytoplasmic; Extracellular	Helical			True		True
Q39232	SUC1	Cytoplasmic; Extracellular	Helical			True		True
Q39233	SYP21	Cytoplasmic	Helical; Anchor for type IV membrane protein			True		True
Q39253	CAX1	Cytoplasmic; Extracellular	Helical			True		True
Q39254	CAX2	Cytoplasmic; Extracellular	Helical			True		True
Q3B724	CALS5	Cytoplasmic; Extracellular	Helical			True		True
Q3E7D0	NAT12		Helical			True
Q3E880	GLV11				True
Q3E8W4	ANX2	Extracellular; Cytoplasmic	Helical		True	True		True
Q3E991	PRK6	Extracellular; Cytoplasmic	Helical		True	True		True
Q3EBF7	SLD2		Helical			True
Q3EBM6	CEP4				True
Q3ECH9	CLE18				True
Q3ECJ5	CLE14				True
Q3ECM0	CEP2				True
Q3ECR7	CYSTM2		Helical			True
Q3ECS3	TGG5				True
Q3EDG5	TPST	Lumenal; Cytoplasmic	Helical		True	True		True
Q3KTM0	FRO7		Helical			True
Q41951	TIP2-1	Cytoplasmic; Vacuolar	Helical			True		True
Q41963	TIP1-2	Cytoplasmic; Vacuolar	Helical			True		True
Q42093	ABCC2		Helical			True
Q42342	CYTB5-E		Helical			True
Q42371	ERECTA	Extracellular; Cytoplasmic	Helical		True	True		True
Q42374	KN	Cytoplasmic; Vesicular	Helical; Anchor for type IV membrane protein			True		True
Q42400	AAP1	Cytoplasmic; Extracellular	Helical			True		True
Q42525	HXK1		Helical			True
Q42556	AHA9	Cytoplasmic; Extracellular	Helical			True		True
Q42564	APX3		Helical			True
Q42569	CYP90A1		Helical			True
Q42578	PER53				True
Q42580	PER21				True
Q42593	APXT		Helical			True
Q43128	AHA10	Cytoplasmic; Extracellular	Helical			True		True
Q43348	BFRUCT3	Cytoplasmic; Lumenal	Helical; Signal-anchor for type II membrane protein			True		True
Q43387	PER71				True
Q43729	PER57				True
Q43731	PER50				True
Q43735	PER27				True
Q43866	CWINV1				True
Q43867	PME1				True
Q43872	PER64				True
Q43873	PER73				True
Q4F883	SAG101		Helical		True	True
Q4V398	RRT1		Helical; Signal-anchor for type II membrane protein			True
Q4V3D2	A36				True
Q4VCM1	PSAT	Cytoplasmic; Lumenal	Helical; Signal-anchor for type II membrane protein			True		True
Q4VP08	LURE1.2				True
Q500W7	PIGM	Cytoplasmic; Lumenal	Helical			True		True
Q501D8	CYP79B3		Helical			True
Q52T38	PAT24	Cytoplasmic; Extracellular	Helical			True		True
Q56X46	MSL2		Helical			True
Q56X52	AOX4		Helical			True
Q56XP4	NHX2	Cytoplasmic; Vacuolar	Helical	Helical		True	True	True
Q56Y01	IPCS3		Helical			True
Q56ZN6	AVPL1		Helical			True
Q56ZQ3	VSR4	Lumenal; Cytoplasmic	Helical		True	True		True
Q570B4	FDH		Helical			True
Q570K8	PROSCOOP4				True
Q5KS41	WSD11	Cytoplasmic; Extracellular	Helical			True		True
Q5MFV8	PME5				True
Q5PP23	FLY1	Lumenal; Cytoplasmic	Helical		True	True		True
Q5XEP9	KCS2		Helical			True
Q5XEZ1	HPGT3	Cytoplasmic; Lumenal	Helical; Signal-anchor for type II membrane protein			True		True
Q5XEZ5	OSCA1.2	Extracellular; Cytoplasmic	Helical			True		True
Q5XF51	3MMP				True
Q5XV40	LAZY1		Helical			True
Q5XVI1	SINE1		Helical			True
Q66GN2	LECRK64	Extracellular; Cytoplasmic	Helical		True	True		True
Q66GQ5	RWA3		Helical			True
Q67Z07	PER2				True
Q67ZE1	3BETAHSD/D2		Helical			True
Q67ZM7	FOLK		Helical			True
Q680I5	GGT2				True
Q681I0	ORTHL		Helical			True
Q681K7	GEX1	Extracellular; Cytoplasmic	Helical		True	True		True
Q68KI4	NHX1	Cytoplasmic; Vacuolar	Helical	Helical		True	True	True
Q6DBD7	TOD1	Cytoplasmic; Lumenal	Helical			True		True
Q6DBG8	ARAD1	Cytoplasmic; Lumenal	Helical; Signal-anchor for type II membrane protein			True		True
Q6DBH0	APD2		Helical			True
Q6DSU1	GLV5				True
Q6ID76	GLV7				True
Q6IMT1	SAB				True
Q6IWA9	CLE45				True
Q6NKS4	LIL3.2		Helical			True
Q6NKW9					True
Q6NLA5	LPPG		Helical			True
Q6NM73	PDLP2	Extracellular; Cytoplasmic	Helical		True	True		True
Q6NMD6	ARGOS		Helical			True
Q6NNL3	GLV4				True
Q6NPN4	LYM3				True
Q6NQA8	APY5	Cytoplasmic; Extracellular	Helical; Signal-anchor for type II membrane protein			True		True
Q6NQI8	LOH3		Helical			True
Q6NQL6	LPPE2		Helical			True
Q6NQN8	VLG				True
Q6R2K1	SRF5	Extracellular; Cytoplasmic	Helical		True	True		True
Q6R2K3	SRF3	Cytoplasmic; Extracellular	Helical		True	True		True
Q6R8G6	PHO1-H4	Cytoplasmic; Extracellular	Helical			True		True
Q6S5G3	TOC90		Helical			True
Q6X5V0	DVL1		Helical			True
Q6XAT2	ERL2	Extracellular; Cytoplasmic	Helical		True	True		True
Q6XBF8	CDR1				True
Q71DJ5	LIP1				True
Q7DM58	ABCC4		Helical			True
Q7DMA9	PAS1		Helical; Anchor for type IV membrane protein			True
Q7EB72	LTPG15				True
Q7FK82	LECRK12	Extracellular; Cytoplasmic	Helical		True	True		True
Q7GB25	ABCC5		Helical			True
Q7PC88	ABCG31		Helical			True
Q7X6P3	RUS1		Helical			True
Q7X8C5	WAKL2	Extracellular; Cytoplasmic	Helical		True	True		True
Q7XA74	MVP1				True
Q7XA86	PAT10		Helical			True
Q7XJ98	MUR3	Cytoplasmic; Lumenal	Helical; Signal-anchor for type II membrane protein			True		True
Q7XJL2	GLR3.1	Extracellular; Cytoplasmic	Helical		True	True		True
Q7XXN8	DVL16		Helical			True
Q7XZF5	RST1		Helical			True
Q7XZP5	APX5		Helical			True
Q7Y208	GDPDL1	Extracellular; Cytoplasmic	Helical		True	True		True
Q84J37	TT10				True
Q84J95	GASA5				True
Q84JA6	CESA4	Cytoplasmic; Extracellular	Helical			True		True
Q84JQ4	PRK2		Helical		True	True
Q84JW1	PEX11E	Cytoplasmic; Lumenal	Helical			True		True
Q84K00	NAC078		Helical			True
Q84MA8	AZG2		Helical			True
Q84MB5	RBL11	Stromal; Chloroplast intermembrane	Helical			True		True
Q84TH5	ABCG25		Helical			True
Q84TI7	HKT1	Cytoplasmic; Extracellular	Helical			True		True
Q84V22	PSD1	Mitochondrial matrix; Mitochondrial intermembrane	Helical			True		True
Q84VQ4	ndhU		Helical			True
Q84W41	GLR3.6	Extracellular; Cytoplasmic	Helical		True	True		True
Q84W98	CLE41				True
Q84WB7	GINT1		Helical			True
Q84WM7	PPME1				True
Q84WN3	SWEET17	Vacuolar; Cytoplasmic	Helical			True		True
Q84WV9	QCT	Cytoplasmic; Lumenal	Helical; Signal-anchor for type II membrane protein			True		True
Q84XU2	PAPP5		Helical			True
Q8GRX1	TGG4				True
Q8GSJ6	LQY1		Helical			True
Q8GUJ2	PDLP5	Extracellular; Cytoplasmic	Helical		True	True		True
Q8GUK1	DGS1		Helical			True
Q8GUK7	RMA3		Helical; Anchor for type IV membrane protein			True
Q8GUM3	AAP5	Cytoplasmic; Extracellular	Helical			True		True
Q8GV50	PLA2-DELTA				True
Q8GW19	FACE2		Helical			True
Q8GWA7	MCD1	Chloroplast intermembrane; Stromal	Helical			True		True
Q8GWB7	IPUT1		Helical			True
Q8GWD2	CNGC12	Cytoplasmic; Extracellular	Helical			True		True
Q8GWG0	GPAT9	Cytoplasmic	Helical			True		True
Q8GWH3	OS9				True
Q8GWJ7	CRK19	Extracellular; Cytoplasmic	Helical		True	True		True
Q8GWR0	COX11	Mitochondrial matrix; Mitochondrial intermembrane	Helical			True		True
Q8GWT1	GAUT14	Cytoplasmic; Lumenal	Helical; Signal-anchor for type II membrane protein			True		True
Q8GWW4	GUX2		Helical; Signal-anchor for type II membrane protein			True
Q8GWW6	4MMP				True
Q8GX78	PHT4;4		Helical			True
Q8GX93	CLC-E		Helical			True
Q8GXA4	WIP1		Helical			True
Q8GXE6	AKT6	Cytoplasmic; Extracellular	Helical; Helical; Voltage-sensor	Pore-forming		True	True	True
Q8GXG6	GALT4	Cytoplasmic; Lumenal	Helical; Signal-anchor for type II membrane protein			True		True
Q8GXJ4	GLR3.4	Extracellular; Cytoplasmic	Helical		True	True		True
Q8GXN2	NPF7.2		Helical			True
Q8GXQ3	WAKL6	Extracellular; Cytoplasmic	Helical		True	True		True
Q8GXU8	LPAT1		Helical			True
Q8GXV5	UGLYAH				True
Q8GXV7	PDLP1	Extracellular; Cytoplasmic	Helical		True	True		True
Q8GYA4	CRK10	Extracellular; Cytoplasmic	Helical		True	True		True
Q8GYC7	PGRL1B	Stromal; Lumenal, thylakoid	Helical			True		True
Q8GYT9	SIS3		Helical		True	True
Q8GZ52	ABCG30		Helical			True
Q8GZ99	HPCA1	Extracellular; Cytoplasmic	Helical		True	True		True
Q8GZB4	PLA2-BETA				True
Q8H0X6	CYS6				True
Q8H112	PGRL1A	Stromal; Lumenal, thylakoid	Helical			True		True
Q8H116	MNS2	Cytoplasmic; Lumenal	Helical; Signal-anchor for type II membrane protein			True		True
Q8H157	NPF4.6		Helical			True
Q8H166	ALEU				True
Q8H1B3	BIP3				True
Q8H1D8	APY4	Cytoplasmic; Extracellular	Helical; Signal-anchor for type II membrane protein			True		True
Q8H1F2	RGS1		Helical			True
Q8H1H9	CuAOgamma1				True
Q8H1Z0	CER3		Helical			True
Q8L4R0	TGD1	Chloroplast intermembrane; Stromal	Helical			True		True
Q8L540	LTO1	Stromal; Lumenal	Helical			True		True
Q8L636	NCL		Helical			True
Q8L638	ALG10	Cytoplasmic; Lumenal	Helical			True		True
Q8L707	IRX14	Cytoplasmic; Lumenal	Helical; Signal-anchor for type II membrane protein			True		True
Q8L710	CRK17	Extracellular; Cytoplasmic	Helical		True	True		True
Q8L778	CESA5	Cytoplasmic; Extracellular	Helical			True		True
Q8L7C8	RWA1		Helical			True
Q8L7D5	CYP708A2		Helical			True
Q8L7E9	MCA1		Helical			True
Q8L7F9	GALT1	Cytoplasmic; Lumenal	Helical; Signal-anchor for type II membrane protein			True		True
Q8L7M0	TUN	Cytoplasmic; Lumenal	Helical			True		True
Q8L7N4	SP1	Chloroplast intermembrane; Cytoplasmic	Helical			True		True
Q8L7Q7	PME64		Helical			True
Q8L7R3	LPEAT1		Helical			True
Q8L7S6	HEXO3				True
Q8L7W5	SMO1-1		Helical			True
Q8L7W8	FUC95A				True
Q8L856	CYB561A	Cytoplasmic; Lumenal	Helical			True		True
Q8L8Q7	COBL2; COBL3				True
Q8L8W0	ALIS5		Helical			True
Q8L8Y3	CEP1				True
Q8L970	P4H7	Cytoplasmic; Lumenal	Helical; Signal-anchor for type II membrane protein			True		True
Q8L9C4	KCR1		Helical			True
Q8L9J7	SWEET1	Extracellular; Cytoplasmic	Helical			True		True
Q8LAD7	IDA				True
Q8LAR0	BDX				True
Q8LB08	ER-ANT1		Helical			True
Q8LBA6	PIS1		Helical			True
Q8LBL1	TPK1	Cytoplasmic	Helical	Pore-forming		True	True	True
Q8LBP4	ALB3	Lumenal; Stromal	Helical			True		True
Q8LC45	XTH33		Helical		True	True
Q8LC53	EPF2				True
Q8LC95	ENODL13				True
Q8LCA1	CURT1B	Stromal; Lumenal	Helical			True		True
Q8LCQ4	LHCA6		Helical			True
Q8LD98	NHL6		Helical			True
Q8LDL0	HHL1		Helical			True
Q8LDP4	CYP19-4				True
Q8LDS2	XTH27				True
Q8LDW6	ENDO3				True
Q8LDW9	XTH9				True
Q8LE06	PROSCOOP13				True
Q8LED3	TBL3		Helical; Signal-anchor for type II membrane protein			True
Q8LEE7	AOX3		Helical			True
Q8LEJ6	FLA11				True
Q8LEK2	ECH		Helical			True
Q8LES0	ROCK1	Cytoplasmic; Lumenal	Helical			True		True
Q8LET2	NUDT11		Helical			True
Q8LFH5	SWEET8	Extracellular; Cytoplasmic	Helical			True		True
Q8LFL4	CLE25				True
Q8LFX7	BDG1				True
Q8LG50	LPAT2		Helical			True
Q8LG89	ARPN				True
Q8LGA5	ATL31		Helical		True	True
Q8LGN1	GLR1.4	Extracellular; Cytoplasmic	Helical		True	True		True
Q8LPK5	CESA8	Cytoplasmic; Extracellular	Helical			True		True
Q8LPL3	AAO				True
Q8LPQ5	BTS		Helical			True
Q8LPQ8	MSSP2		Helical			True
Q8LPR9	TIC110	Stromal; Chloroplast intermembrane	Helical			True		True
Q8LPS2	ACD6	Cytoplasmic; Extracellular	Helical			True		True
Q8LPS5	SERK5	Extracellular; Cytoplasmic	Helical		True	True		True
Q8LPT1	ABCB6		Helical			True
Q8RUS5	ATG9	Cytoplasmic; Lumenal	Helical			True	True	True
Q8RUW5	SCPL8				True
Q8RVL2	DEK1	Extracellular; Cytoplasmic	Helical		True	True		True
Q8RWI0	FLAP1		Helical			True
Q8RWM6		Lumenal; Cytoplasmic	Helical		True	True		True
Q8RWS1	OSR1		Helical			True
Q8RWS9	CNGC5	Cytoplasmic; Extracellular	Helical			True		True
Q8RWU6	NHX6	Cytoplasmic; Lumenal	Helical	Helical		True	True	True
Q8RWW0	ALE2	Extracellular; Cytoplasmic	Helical		True	True		True
Q8RWW7	URGT4		Helical			True
Q8RWX4	KOC1	Cytoplasmic; Chloroplast intermembrane	Helical			True		True
Q8RWZ1	SUB	Extracellular; Cytoplasmic	Helical		True	True		True
Q8RWZ5	SD25	Extracellular; Cytoplasmic	Helical		True	True		True
Q8RWZ6	PIN4	Extracellular; Cytoplasmic	Helical			True		True
Q8RWZ7	VHA-a1	Cytoplasmic; Vacuolar	Helical			True		True
Q8RX55	GALT5	Cytoplasmic; Lumenal	Helical; Signal-anchor for type II membrane protein			True		True
Q8RX77	NPF2.13		Helical			True
Q8RX86	AGAL2				True
Q8RX88	FACE1		Helical			True
Q8RXD5	KTI4				True
Q8RXF8	MIRO1	Cytoplasmic; Mitochondrial intermembrane	Helical			True		True
Q8RXK7	PME41				True
Q8RXN0	ABCG11		Helical			True
Q8RXN3	PPT1		Helical			True
Q8RXP7	DLDG1		Helical			True
Q8RXX9	ATL6		Helical		True	True
Q8RY00	SIA2	Cytoplasmic; Lumenal	Helical; Signal-anchor for type II membrane protein			True		True
Q8RY17	WAKL22	Extracellular; Cytoplasmic	Helical		True	True		True
Q8RY23	NSH3				True
Q8RY29	ADPG2				True
Q8RY65	CIK6	Extracellular; Cytoplasmic	Helical		True	True		True
Q8RY67	WAKL14	Extracellular; Cytoplasmic	Helical		True	True		True
Q8S2W4	AGP23				True
Q8S396	NHX5	Cytoplasmic; Lumenal	Helical	Helical		True	True	True
Q8S403	PHO1	Cytoplasmic; Lumenal	Helical			True		True
Q8S4F6	SQD2		Helical			True
Q8S8I4	EPF1				True
Q8S8K8	CV		Helical			True
Q8S8N6	PLA2-ALPHA				True
Q8S8S1	PEX16		Helical			True
Q8S8S2	LPEAT2		Helical			True
Q8S8T4	UXS4	Cytoplasmic; Lumenal	Helical; Signal-anchor for type II membrane protein			True		True
Q8VWJ1	HPT1		Helical			True
Q8VWZ8	SMO2-2		Helical			True
Q8VX13	PDIL1-3				True
Q8VXY9	UAH				True
Q8VXZ5	XEG113	Cytoplasmic; Lumenal	Helical; Signal-anchor for type II membrane protein			True		True
Q8VXZ7	AGAL3				True
Q8VY16	CDP1	Stromal; Chloroplast intermembrane	Helical			True		True
Q8VY57	ARL8A			Note=Mediates targeting to membranes			True
Q8VY77	TGD5		Helical			True
Q8VY92		Lumenal; Cytoplasmic	Helical		True	True		True
Q8VYA3	WAKL10	Extracellular; Cytoplasmic	Helical		True	True		True
Q8VYC8	RIN2		Helical			True
Q8VYD4	CHX23		Helical			True
Q8VYE5					True
Q8VYI1	SBH1		Helical			True
Q8VYI9	LTPG31				True
Q8VYJ1	AAE14		Helical			True
Q8VYM2	PHT1-1	Cytoplasmic; Extracellular	Helical			True		True
Q8VYP0	HCC1		Helical			True
Q8VYP5	PAT14		Helical			True
Q8VYR7	BOR1	Cytoplasmic; Extracellular	Helical			True		True
Q8VYT3	CIK3	Extracellular; Cytoplasmic	Helical		True	True		True
Q8VYW6	GGT1				True
Q8VYY5	NCRK	Extracellular; Cytoplasmic	Helical		True	True		True
Q8VYZ3	PME53				True
Q8VZ10	SOQ1	Stromal; Lumenal	Helical			True		True
Q8VZ52	ATG10		Helical			True
Q8VZ56	AMY1				True
Q8VZ80	PLT5		Helical			True
Q8VZ87	LHCB1.2		Helical			True
Q8VZ95	PVA11	Cytoplasmic	Helical; Anchor for type IV membrane protein			True		True
Q8VZB2	PAS2	Cytoplasmic; Lumenal	Helical			True		True
Q8VZC0	UXS1	Cytoplasmic; Lumenal	Helical; Signal-anchor for type II membrane protein			True		True
Q8VZG2	HSR4		Helical			True
Q8VZG8	MIK2	Extracellular; Cytoplasmic	Helical		True	True		True
Q8VZJ0	SIA1	Cytoplasmic; Lumenal	Helical; Signal-anchor for type II membrane protein			True		True
Q8VZR6	INT1		Helical			True
Q8VZS0	PNC2		Helical			True
Q8VZU2	SYP132	Cytoplasmic; Vesicular	Helical; Anchor for type IV membrane protein			True		True
Q8VZU3	SCPL19				True
Q8VZW1	NIP1-1		Helical			True
Q8W1S1	DGD2				True
Q8W413	CWINV4				True
Q8W453	DIR1				True
Q8W496	PTC52		Helical			True
Q8W4A7	GUX3		Helical; Signal-anchor for type II membrane protein			True
Q8W4B2	APEM9	Cytoplasmic; Peroxisomal	Helical			True		True
Q8W4E7	IREG3		Helical			True
Q8W4J3	QSOX1				True
Q8W4P8	MEB1		Helical			True
Q8W4Q5	RIN3		Helical			True
Q8W4S4	VHA-a3	Cytoplasmic; Vacuolar	Helical			True		True
Q8W4S5		Extracellular; Cytoplasmic	Helical		True	True		True
Q8W585	FTSH8	Lumenal, thylakoid; Stromal	Helical			True		True
Q93V66	FAX1		Helical			True
Q93VH1	YIP4B	Cytoplasmic; Lumenal	Helical			True		True
Q93VJ2	IRE1B	Lumenal; Cytoplasmic	Helical		True	True		True
Q93VK8	GLV1				True
Q93W54	ICMTB		Helical			True
Q93W95	QUA3	Cytoplasmic; Lumenal	Helical; Signal-anchor for type II membrane protein			True		True
Q93Y07	SFR2	Stromal; Cytoplasmic	Helical; Signal-anchor			True		True
Q93Y08	ABC1K8		Helical			True
Q93Y37	MNS3	Cytoplasmic; Lumenal	Helical; Signal-anchor for type II membrane protein			True		True
Q93YP7	PPT1		Helical			True
Q93YT1	GLR3.2	Extracellular; Cytoplasmic	Helical		True	True		True
Q93YW7	CLS	Mitochondrial intermembrane	Helical			True		True
Q93Z04	PMR6				True
Q93Z16	RPN2	Lumenal; Cytoplasmic	Helical		True	True		True
Q93Z75	UPS5	Extracellular; Cytoplasmic	Helical			True		True
Q93Z81	CAX3	Cytoplasmic; Extracellular	Helical			True		True
Q93ZA0	NYC1		Helical			True
Q93ZB2	KO	Chloroplast intermembrane; Cytoplasmic	Helical			True		True
Q93ZE8	SDF2				True
Q93ZH0	LYM1				True
Q93ZR6	WSD1	Cytoplasmic; Lumenal	Helical			True		True
Q93ZS4	CIK1	Extracellular; Cytoplasmic	Helical		True	True		True
Q93ZY3	STT3A	Cytoplasmic; Lumenal	Helical			True		True
Q940G0	TMN1	Lumenal; Cytoplasmic	Helical		True	True		True
Q940Q8	IRX10L	Cytoplasmic; Lumenal	Helical; Signal-anchor for type II membrane protein			True		True
Q940U6	FLU		Helical			True
Q940V4	CYP85A2		Helical			True
Q940Y5	PIN7	Extracellular; Cytoplasmic	Helical			True		True
Q941C5	CLE44				True
Q941C7	PSY1				True
Q941L0	CESA3	Cytoplasmic; Extracellular	Helical			True		True
Q941R4	GONST1		Helical			True
Q944A9	NPSN11	Cytoplasmic; Vesicular	Helical; Anchor for type IV membrane protein			True		True
Q944G5	NPF2.10		Helical			True
Q944K2	OST48	Lumenal; Cytoplasmic	Helical		True	True		True
Q945F0	DTX47		Helical			True
Q945S5	CAX4	Cytoplasmic; Extracellular	Helical			True		True
Q946Y7	SYP61	Cytoplasmic	Helical; Anchor for type IV membrane protein			True		True
Q949N0	NAC053		Helical			True
Q949P1	CYP707A1		Helical			True
Q949Q1	GAUT11	Cytoplasmic; Lumenal	Helical; Signal-anchor for type II membrane protein			True		True
Q949Q5	PSAO	Stromal; Lumenal, thylakoid	Helical			True		True
Q949U1	CYP79F1		Helical			True
Q949X0	ADS3		Helical			True
Q949Y3	PAP26				True
Q949Y5	EGY1		Helical			True
Q94A02	TAR2		Helical			True
Q94A03	CDS4		Helical			True
Q94A05	HPGT2	Cytoplasmic; Lumenal	Helical; Signal-anchor for type II membrane protein			True		True
Q94A15	APTG1		Helical			True
Q94A76	GORK	Cytoplasmic; Extracellular	Helical; Helical; Voltage-sensor	Pore-forming		True	True	True
Q94A99	CGF1		Helical			True
Q94AA9	XGD1	Cytoplasmic; Lumenal	Helical; Signal-anchor for type II membrane protein			True		True
Q94AG2	SERK1	Extracellular; Cytoplasmic	Helical		True	True		True
Q94AG6	SAMC1		Helical			True
Q94AH1	CAND2		Helical			True
Q94AN2	CHER1	Cytoplasmic; Extracellular	Helical			True		True
Q94AP3	WAT1		Helical			True
Q94AS5	ICME		Helical			True
Q94AS9	CNGC4	Cytoplasmic; Extracellular	Helical			True		True
Q94AU2	SEC221	Cytoplasmic; Vesicular	Helical; Anchor for type IV membrane protein			True		True
Q94AX5	PAM71	Stromal; Lumenal, thylakoid	Helical			True		True
Q94B38	GPT2		Helical			True
Q94B65	UTR7	Cytoplasmic; Lumenal	Helical			True		True
Q94B77	FH5		Helical; Signal-anchor; Helical			True
Q94BT2	AIR12				True
Q94BZ1	ZIFL1		Helical			True
Q94C26	PCC1		Helical			True
Q94C49	PAT13		Helical			True
Q94CB1	PME25				True
Q94CK0	WSD7	Cytoplasmic; Lumenal	Helical			True		True
Q94EH2	TIM22-2		Helical			True
Q94F09	PDIL5-2		Helical		True	True
Q94F27	HPTG1	Cytoplasmic; Lumenal	Helical; Signal-anchor for type II membrane protein			True		True
Q94F62	BAK1	Extracellular; Cytoplasmic	Helical		True	True		True
Q94FB9	ABCD1		Helical			True
Q94HV7	SPL1	Chloroplast intermembrane; Cytoplasmic	Helical			True		True
Q94IA6	CYP90D1		Helical			True
Q94IB8	LCB1		Helical			True
Q94IB9	ACER	Lumenal; Cytoplasmic	Helical			True		True
Q94JQ6	CESA6	Cytoplasmic; Extracellular	Helical			True		True
Q94JS0	UCR1-1	Mitochondrial matrix; Mitochondrial intermembrane	Helical			True		True
Q94K66	ELIP2		Helical			True
Q94K85	CATHB3				True
Q94KE0	ESL1		Helical			True
Q94KI8	TPC1	Cytoplasmic; Vacuolar	Helical; Helical; Voltage-sensor	Pore-forming		True	True	True
Q94KT8	COB				True
Q96247	AUX1	Cytoplasmic; Extracellular	Helical			True		True
Q96285	LECRK55	Extracellular; Cytoplasmic	Helical		True	True		True
Q96290	MSSP1		Helical			True
Q96303	PHT1-4	Cytoplasmic; Extracellular	Helical			True		True
Q96318	CRC				True
Q96511	PER69				True
Q96520	PER12				True
Q9ASQ2	MAMYB	Cytoplasmic; Lumenal	Helical			True		True
Q9ASS4		Extracellular; Cytoplasmic	Helical		True	True		True
Q9AST3	SBH2		Helical			True
Q9AST8	ROSY1				True
Q9ASU1	DGAT2		Helical			True
Q9ASV5	MIC60	Mitochondrial matrix; Mitochondrial intermembrane	Helical			True		True
Q9ASW1	GALT3	Cytoplasmic; Lumenal	Helical; Signal-anchor for type II membrane protein			True		True
Q9AUE0	CALS1	Cytoplasmic; Extracellular	Helical			True		True
Q9C509	DPL1	Lumenal; Cytoplasmic	Helical; Signal-anchor for type III membrane protein			True		True
Q9C512	MNS1	Cytoplasmic; Lumenal	Helical; Signal-anchor for type II membrane protein			True		True
Q9C525	BGLU21				True
Q9C533	PAT22		Helical			True
Q9C5C2	TGG2				True
Q9C5G5	SAC7		Helical			True
Q9C5M0	DTC		Helical			True
Q9C5S2	IRE1A	Lumenal; Cytoplasmic	Helical		True	True		True
Q9C5S8	CRK5	Extracellular; Cytoplasmic	Helical		True	True		True
Q9C5S9	CRK6	Extracellular; Cytoplasmic	Helical		True	True		True
Q9C5U0	AHK4	Cytoplasmic; Extracellular	Helical			True		True
Q9C5U1	AHK3	Extracellular; Cytoplasmic	Helical			True		True
Q9C5U2	AHK2	Cytoplasmic; Extracellular	Helical			True		True
Q9C5Y2	KAO2		Helical			True
Q9C639	LHCA5		Helical			True
Q9C660	PERK10	Extracellular; Cytoplasmic	Helical			True		True
Q9C664	TTM2		Helical			True
Q9C6B8	PIN1	Extracellular; Cytoplasmic	Helical			True		True
Q9C6L5	KCS5		Helical			True
Q9C6W5	ABCG14		Helical			True
Q9C757	INT2		Helical			True
Q9C7F7	LTPG1				True
Q9C7F9	AGM1		Helical			True
Q9C7S0	BZIP60		Helical			True
Q9C7S5	PSY1R		Helical			True
Q9C7S6	KTI2				True
Q9C7T7	CEPR2	Extracellular; Cytoplasmic	Helical		True	True		True
Q9C8E7	GLR3.3	Extracellular; Cytoplasmic	Helical		True	True		True
Q9C8G5	OSCA3.1	Extracellular; Cytoplasmic	Helical			True		True
Q9C8G9	ABCC1		Helical			True
Q9C8H3	FTIP4		Helical			True
Q9C8I6	IOS1	Extracellular; Cytoplasmic	Helical		True	True		True
Q9C8K2	ABCG12		Helical			True
Q9C8M9	SRF6	Extracellular; Cytoplasmic	Helical		True	True		True
Q9C8X2	SUC5	Cytoplasmic; Extracellular	Helical			True		True
Q9C8Y9	BGLU22				True
Q9C999	PILS2	Lumenal; Cytoplasmic	Helical			True		True
Q9C9B9	TTM1		Helical			True
Q9C9G4	ENDO2				True
Q9C9L5	WAKL9	Extracellular; Cytoplasmic	Helical		True	True		True
Q9C9Q8	QUA2	Cytoplasmic; Lumenal	Helical; Signal-anchor for type II membrane protein			True		True
Q9C9U3	DOX2				True
Q9C9Z2	RER3		Helical			True
Q9C9Z9	ELD1				True
Q9CA61	CYP98A8		Helical			True
Q9CA75	XXT5	Cytoplasmic; Lumenal	Helical; Signal-anchor for type II membrane protein			True		True
Q9CA86	PEX2	Peroxisomal matrix; Cytoplasmic	Helical			True		True
Q9CA93	BAC2		Helical			True
Q9CAC4	MYOB2		Helical			True
Q9CAC5	ndhL		Helical			True
Q9CAJ0	HAB1				True
Q9CAL3	CRK2	Extracellular; Cytoplasmic	Helical		True	True		True
Q9CAL8	PERK13	Extracellular; Cytoplasmic	Helical			True		True
Q9CAN8	LPCAT2		Helical			True
Q9CAT6	OCT1	Cytoplasmic; Extracellular	Helical			True		True
Q9FE38	POT3	Cytoplasmic; Extracellular	Helical			True		True
Q9FE59	SUC4	Cytoplasmic; Extracellular	Helical			True		True
Q9FEC1	OHP2	Stromal; Lumenal	Helical			True		True
Q9FF29	PR5K	Extracellular; Cytoplasmic	Helical		True	True		True
Q9FF55	PDIL1-4				True
Q9FF75	SUN1	Nuclear; Perinuclear space	Helical			True		True
Q9FF98	ML3				True
Q9FFD0	PIN5		Helical			True
Q9FFD9	SEI1		Helical			True
Q9FFK1	SYP31	Cytoplasmic; Vesicular	Helical; Anchor for type IV membrane protein			True		True
Q9FFK8	NFXL2		Helical			True
Q9FFL1	RMV1		Helical			True
Q9FFW5	PERK8	Extracellular; Cytoplasmic	Helical			True		True
Q9FG00	SUC9	Cytoplasmic; Extracellular	Helical			True		True
Q9FG34	PER54				True
Q9FG87	KCS20		Helical			True
Q9FG93	MNS4	Cytoplasmic; Lumenal	Helical; Signal-anchor for type II membrane protein			True		True
Q9FGF6	GLV2				True
Q9FGL5	CEPR1	Extracellular; Cytoplasmic	Helical		True	True		True
Q9FGM0	FTSH11		Helical			True
Q9FGQ2	SWEET13	Extracellular; Cytoplasmic	Helical			True		True
Q9FGR9	CEP1				True
Q9FGS5	NRT3.1		Helical		True	True
Q9FGY1	BXL1				True
Q9FH02	FTSH5		Helical			True
Q9FH18	WIP2		Helical			True
Q9FH36	GAUT12	Cytoplasmic; Lumenal	Helical; Signal-anchor for type II membrane protein			True		True
Q9FH76	CYP707A3		Helical			True
Q9FHG4	LECRKS7	Extracellular; Cytoplasmic	Helical		True	True		True
Q9FHX3	LECRKS6	Extracellular; Cytoplasmic	Helical		True	True		True
Q9FHX5					True
Q9FI21					True
Q9FI39	CYP705A5		Helical			True
Q9FI43	APC2	Mitochondrial intermembrane; Mitochondrial matrix	Helical			True		True
Q9FI46	CRL		Helical			True
Q9FIG9	ARC6	Stromal; Chloroplast intermembrane	Helical			True		True
Q9FII5	TDR	Extracellular; Cytoplasmic	Helical		True	True		True
Q9FIJ0	RBOHD	Cytoplasmic; Extracellular	Helical			True		True
Q9FIJ6	CCR4	Extracellular; Cytoplasmic	Helical		True	True		True
Q9FIQ5	TRN2	Cytoplasmic; Extracellular	Helical			True		True
Q9FIU5	CRLK1		Helical			True
Q9FIW0	ARACIN1				True
Q9FIW1	STMP9				True
Q9FIW4	BGLU42				True
Q9FIZ3	GSO2	Extracellular; Cytoplasmic	Helical		True	True		True
Q9FJ47	SAG12				True
Q9FJ57	TRN1		Helical			True
Q9FJ62	GDPDL4	Extracellular	Helical		True	True		True
Q9FJ87	DTX50		Helical			True
Q9FJW3	WIH1		Helical			True
Q9FJZ3	MAN7				True
Q9FJZ9	PER72				True
Q9FK13	PDV1	Cytoplasmic; Chloroplast intermembrane	Helical			True		True
Q9FK63	CAMRLK	Extracellular; Cytoplasmic	Helical		True	True		True
Q9FK96	DMP9		Helical			True
Q9FKA4	PER62				True
Q9FKF4	OR		Helical			True
Q9FKL9	XTH12				True
Q9FKS5	CYC1-2	Mitochondrial intermembrane; Mitochondrial matrix	Helical			True		True
Q9FKS8	LHT1	Cytoplasmic; Extracellular	Helical			True		True
Q9FKT1	LLG1				True
Q9FL28	FLS2	Extracellular; Cytoplasmic	Helical		True	True		True
Q9FL59	FTIP1		Helical			True
Q9FLC0	PER52				True
Q9FLC8	CYP79A2		Helical			True
Q9FLD5	AATP1		Helical			True
Q9FLG1	BXL4				True
Q9FLI5	OMA1	Mitochondrial matrix; Mitochondrial intermembrane	Helical			True		True
Q9FLN0	GLIP1				True
Q9FLS8	APC1	Mitochondrial intermembrane; Mitochondrial matrix	Helical			True		True
Q9FLT5	ABCA9		Helical			True
Q9FLT9	HP30-2		Helical			True
Q9FLV9	SLAH3	Cytoplasmic; Extracellular	Helical			True		True
Q9FM65	FLA1				True
Q9FM79	QRT1				True
Q9FM96	PSL4				True
Q9FMA5	CYP85A1		Helical			True
Q9FMD5	TIC40	Chloroplast intermembrane; Stromal	Helical			True		True
Q9FMD7			Helical		True	True
Q9FMF7	DIT2-1		Helical			True
Q9FMU6	MPT3	Mitochondrial intermembrane; Mitochondrial matrix	Helical			True		True
Q9FMW9	ICMTA		Helical			True
Q9FN05	PSL5				True
Q9FN18	NRAMP4		Helical			True
Q9FN37	PSKR2		Helical		True	True
Q9FN48	CAS	Lumenal, thylakoid; Stromal	Helical			True		True
Q9FN50	CPP1		Helical			True
Q9FN94		Extracellular; Cytoplasmic	Helical		True	True		True
Q9FNA9	PDAT1	Cytoplasmic; Lumenal	Helical			True		True
Q9FNH6	NHL3		Helical			True
Q9FNL7	NPF5.2		Helical			True
Q9FNQ2	PDCB1				True
Q9FRS6	PXL1	Extracellular; Cytoplasmic	Helical		True	True		True
Q9FS16	EXT3				True
Q9FUJ2	CKX4				True
Q9FUJ3	CKX2				True
Q9FUT3	ABCB23		Helical			True
Q9FUY7	CYP79F2		Helical			True
Q9FVQ4	PLGG1		Helical			True
Q9FVU0	CYB	Lumenal; Cytoplasmic	Helical		True	True		True
Q9FWX7	ABCB11		Helical			True
Q9FX01	3BETAHSD/D1		Helical			True
Q9FX21	STT3B	Cytoplasmic; Lumenal	Helical			True		True
Q9FXF2	RKF1	Extracellular; Cytoplasmic	Helical		True	True		True
Q9FXG3	RWA4		Helical			True
Q9FXT6	PEX14	Peroxisomal; Cytoplasmic	Helical			True		True
Q9FY94	SWEET15	Extracellular; Cytoplasmic	Helical			True		True
Q9FYK0	TMK2	Extracellular; Cytoplasmic	Helical		True	True		True
Q9FYL3	ALB4		Helical			True
Q9FZ33	AXR4		Helical			True
Q9FZ49	ALG9		Helical			True
Q9FZ59	PEPR2	Extracellular; Cytoplasmic	Helical		True	True		True
Q9FZ97	MUCI70	Cytoplasmic; Lumenal	Helical; Signal-anchor for type II membrane protein			True		True
Q9FZA2	AGP31				True
Q9FZC4	FOX1				True
Q9FZF1	PEX11A	Cytoplasmic; Lumenal	Helical			True		True
Q9FZJ1	IRX10	Lumenal	Helical; Signal-anchor for type II membrane protein			True		True
Q9LD45	BI-1		Helical			True
Q9LD83	SLAC1	Cytoplasmic; Extracellular	Helical			True		True
Q9LDC0	FKBP42		Helical; Anchor for type IV membrane protein			True
Q9LDF2	LOH1		Helical			True
Q9LDH0	XYLT	Cytoplasmic; Lumenal	Helical; Signal-anchor for type II membrane protein			True		True
Q9LDN9	PER37				True
Q9LDU6	DWF5		Helical			True
Q9LE15	PER4				True
Q9LE59	GAUT1	Cytoplasmic; Lumenal	Helical; Signal-anchor for type II membrane protein			True		True
Q9LEQ3	CNGC18	Cytoplasmic; Extracellular	Helical			True		True
Q9LEX1	CLB		Helical			True
Q9LF50	MEX1		Helical			True
Q9LF79	ACA8	Cytoplasmic; Extracellular	Helical			True		True
Q9LFC6	FRB1	Cytoplasmic; Lumenal	Helical; Signal-anchor for type II membrane protein			True		True
Q9LFH0	ABCG37		Helical			True
Q9LFP1	VAMP713	Cytoplasmic; Vesicular	Helical; Anchor for type IV membrane protein			True		True
Q9LFP6	PIN8	Extracellular; Cytoplasmic	Helical			True		True
Q9LFR0	GMII	Cytoplasmic; Lumenal	Helical; Signal-anchor			True		True
Q9LFS4	CIK5	Extracellular; Cytoplasmic	Helical		True	True		True
Q9LFX9	NPF2.12		Helical			True
Q9LHB9	PER32				True
Q9LHP4	RGI1	Extracellular; Cytoplasmic	Helical		True	True		True
Q9LI64	GLV3				True
Q9LIC2	TMN7	Lumenal; Cytoplasmic	Helical		True	True		True
Q9LIG2		Extracellular; Cytoplasmic	Helical		True	True		True
Q9LIN9	PAGR	Cytoplasmic; Lumenal	Helical; Signal-anchor for type II membrane protein			True		True
Q9LIS3	GAE6		Helical			True
Q9LJ86	LTPG5				True
Q9LJF3	BRL3	Extracellular; Cytoplasmic	Helical		True	True		True
Q9LJG3	ESM1				True
Q9LJI2	CCX3		Helical			True
Q9LJK1	FUT11	Cytoplasmic; Lumenal	Helical; Signal-anchor for type II membrane protein			True		True
Q9LJK3	LOH2		Helical			True
Q9LJM4	IKU2	Extracellular; Cytoplasmic	Helical		True	True		True
Q9LJP4	CSLC4		Helical			True
Q9LJR7	XTH3				True
Q9LJS0	RLP42	Extracellular; Cytoplasmic	Helical		True	True		True
Q9LJU0	COBL10				True
Q9LJX0	ABCB19		Helical			True
Q9LJX8	dVPE				True
Q9LJY0	PRK4		Helical		True	True
Q9LK35	THE1	Extracellular; Cytoplasmic	Helical		True	True		True
Q9LK43	TMK4	Extracellular; Cytoplasmic	Helical		True	True		True
Q9LK50	ABCG26		Helical			True
Q9LK64	ABCC3		Helical			True
Q9LK94	MDAR4	Cytoplasmic; Peroxisomal	Helical			True		True
Q9LKG8	NAC091		Helical			True
Q9LKR3	BIP1				True
Q9LKW9	NHX7	Extracellular; Cytoplasmic	Helical			True		True
Q9LM66	XCP2				True
Q9LMG7	PAP2				True
Q9LMN6	WAK4	Extracellular; Cytoplasmic	Helical		True	True		True
Q9LMN7	WAK5	Extracellular; Cytoplasmic	Helical		True	True		True
Q9LMN8	WAK3	Extracellular; Cytoplasmic	Helical		True	True		True
Q9LMP1	WAK2	Extracellular; Cytoplasmic	Helical		True	True		True
Q9LMX7	CYP78A5		Helical			True
Q9LN59	WAKL11	Extracellular; Cytoplasmic	Helical		True	True		True
Q9LN68	GATL1	Cytoplasmic; Lumenal	Helical; Signal-anchor for type II membrane protein			True		True
Q9LNJ0	CNGC10	Cytoplasmic; Extracellular	Helical			True		True
Q9LNJ4	CYP703A2		Helical			True
Q9LNN7	GRI				True
Q9LNP9	HAB2				True
Q9LNU1	CRSP				True
Q9LP24		Extracellular; Cytoplasmic	Helical		True	True		True
Q9LP77	RKL1		Helical		True	True
Q9LPS1	HXK3		Helical			True
Q9LPT1	PRK5	Extracellular; Cytoplasmic	Helical		True	True		True
Q9LPZ9	SD113	Extracellular; Cytoplasmic	Helical		True	True		True
Q9LQ32	GXM3		Helical			True
Q9LQ73	PEX11C	Cytoplasmic; Lumenal	Helical			True		True
Q9LQL2	NPF7.3		Helical			True
Q9LS40	ASPG1				True
Q9LSB1	GUX1		Helical; Signal-anchor for type II membrane protein			True
Q9LSB4	NAI2				True
Q9LSC4	PGM48		Helical			True
Q9LSF6	VTL5	Cytoplasmic; Vacuolar	Helical			True		True
Q9LSF8	CYP82G1		Helical			True
Q9LSG3	GAUT8	Cytoplasmic; Lumenal	Helical; Signal-anchor for type II membrane protein			True		True
Q9LSI9	BIR2	Extracellular; Cytoplasmic	Helical		True	True		True
Q9LSL5	LECRK92	Extracellular; Cytoplasmic	Helical		True	True		True
Q9LSP0	PER29				True
Q9LSP7	UBC32		Helical			True
Q9LSR8	LECRK19	Extracellular; Cytoplasmic	Helical		True	True		True
Q9LSR9	LECRK18	Extracellular; Cytoplasmic	Helical		True	True		True
Q9LSS0	LECRK17	Extracellular; Cytoplasmic	Helical		True	True		True
Q9LSY7	PER30				True
Q9LSZ9	LCB2a		Helical			True
Q9LT02	PDR2	Cytoplasmic; Lumenal	Helical			True		True
Q9LT15	STP10	Cytoplasmic	Helical			True		True
Q9LT96		Extracellular; Cytoplasmic	Helical		True	True		True
Q9LTR2	TGD2	Stromal; Chloroplast intermembrane	Helical			True		True
Q9LTS3	CKX3				True
Q9LU01	Y3IP1		Helical			True
Q9LU40	MSR1	Cytoplasmic; Lumenal	Helical; Signal-anchor for type II membrane protein			True		True
Q9LU41	ACA9	Cytoplasmic; Lumenal	Helical			True		True
Q9LU77	PIN2	Extracellular; Cytoplasmic	Helical			True		True
Q9LUL4	SRF7	Extracellular; Cytoplasmic	Helical		True	True		True
Q9LUR4	SWEET16	Extracellular; Cytoplasmic	Helical			True		True
Q9LUS2	TOC120		Helical			True
Q9LUZ9	ATL63		Helical			True
Q9LV10	NPF2.11		Helical			True
Q9LV16	GALT6	Cytoplasmic; Lumenal	Helical; Signal-anchor for type II membrane protein			True		True
Q9LV33	BGLU44				True
Q9LV85	CPR5		Helical			True
Q9LVC0	AGP14				True
Q9LVD6	CYP81F2		Helical			True
Q9LVI6	RLK902		Helical		True	True
Q9LVM1	ABCB25		Helical			True
Q9LVP9	VTI13	Cytoplasmic; Vesicular	Helical; Anchor for type IV membrane protein			True		True
Q9LVR5	MCU6		Helical			True
Q9LW27	CYP71B15		Helical			True
Q9LW83	CES101	Extracellular; Cytoplasmic	Helical		True	True		True
Q9LW85	MFP1	Lumenal, thylakoid; Stromal	Helical			True		True
Q9LX29	ACR4	Extracellular; Cytoplasmic	Helical		True	True		True
Q9LX66	HERK1	Extracellular; Cytoplasmic	Helical		True	True		True
Q9LX93	ATL55		Helical			True
Q9LXA5	LECRK91	Extracellular; Cytoplasmic	Helical		True	True		True
Q9LXD6	BXL3				True
Q9LXR8	PMD1	Cytoplasmic; Mitochondrial intermembrane	Helical			True		True
Q9LXU0	CLE40				True
Q9LXV3	DIT1		Helical			True
Q9LY03	IRK	Extracellular; Cytoplasmic	Helical		True	True		True
Q9LY08	GRP16		Helical			True
Q9LY09	GRP17		Helical			True
Q9LY28	APC3	Mitochondrial intermembrane; Mitochondrial matrix	Helical			True		True
Q9LY46	ESK1	Cytoplasmic; Lumenal	Helical; Signal-anchor for type II membrane protein			True		True
Q9LY50	CCR3	Extracellular; Cytoplasmic	Helical		True	True		True
Q9LY62	GMT1	Cytoplasmic; Lumenal	Helical; Signal-anchor for type II membrane protein			True		True
Q9LY74	VTE3	Chloroplast intermembrane; Stromal	Helical			True		True
Q9LYN8	EMS1		Helical		True	True
Q9LYR2	UCR1-2	Mitochondrial matrix; Mitochondrial intermembrane	Helical			True		True
Q9LYT3	DTX41	Cytoplasmic; Vacuolar	Helical			True		True
Q9LYU7	CRN	Extracellular; Cytoplasmic	Helical		True	True		True
Q9LYX1	LECRK82	Extracellular; Cytoplasmic	Helical		True	True		True
Q9LZD0	NCS1		Helical			True
Q9LZF5	LLP				True
Q9LZH5	LTPG2				True
Q9LZI2	UXS2	Cytoplasmic; Lumenal	Helical; Signal-anchor for type II membrane protein			True		True
Q9LZJ3	XXT1	Cytoplasmic; Lumenal	Helical; Signal-anchor for type II membrane protein			True		True
Q9LZK5	ERDJ3B				True
Q9LZL3	PCS1				True
Q9LZR3	CSLA9		Helical			True
Q9LZU4	CRK4	Extracellular; Cytoplasmic	Helical		True	True		True
Q9LZV7	PXC2	Extracellular; Cytoplasmic	Helical		True	True		True
Q9M001	CDS5		Helical			True
Q9M020	LECRK63	Extracellular; Cytoplasmic	Helical		True	True		True
Q9M021	LECRK62	Extracellular; Cytoplasmic	Helical		True	True		True
Q9M024	TAAC		Helical			True
Q9M066	CYP90C1		Helical			True
Q9M092	WAKL17	Extracellular; Cytoplasmic	Helical		True	True		True
Q9M099	SCPL24				True
Q9M0B6	GAE1		Helical			True
Q9M0D1	XTH19				True
Q9M0D7	PLA2-GAMMA				True
Q9M0G0	GGT3		Helical			True
Q9M0G7	MIK1	Extracellular; Cytoplasmic	Helical		True	True		True
Q9M0G9	ABCB24		Helical			True
Q9M0Z3	KEA3	Lumenal, thylakoid; Stromal	Helical			True		True
Q9M0Z6	MSRB3				True
Q9M126	NAC69		Helical			True
Q9M146	MGP4	Cytoplasmic; Lumenal	Helical; Signal-anchor for type II membrane protein			True		True
Q9M158	STR4		Helical			True
Q9M1E2	NPF2.7		Helical			True
Q9M1G4	LECRK15	Extracellular; Cytoplasmic	Helical		True	True		True
Q9M1J1	FIS1A		Helical			True
Q9M1L7	PRK3		Helical		True	True
Q9M1Q9	ABCB21		Helical			True
Q9M1S8	AMP1	Cytoplasmic; Extracellular	Helical; Signal-anchor for type II membrane protein			True		True
Q9M1V9	LFG2		Helical			True
Q9M2B9	CuAOgamma2				True
Q9M2D2	VCCN1	Lumenal, thylakoid; Stromal	Helical			True		True
Q9M2G7	LPPD		Helical			True
Q9M2L4	ACA11	Cytoplasmic; Lumenal	Helical			True		True
Q9M2R0	FTIP3		Helical			True
Q9M2S4	LECRKS4	Extracellular; Cytoplasmic	Helical		True	True		True
Q9M2S6	SDIR1	Cytoplasmic; Lumenal	Helical			True		True
Q9M2U2	ECR		Helical			True
Q9M2U5	EP3				True
Q9M2W3	PGPS2		Helical			True
Q9M2Y6	CGR2	Cytoplasmic; Lumenal	Helical			True		True
Q9M2Z1	BAM2	Extracellular; Cytoplasmic	Helical		True	True		True
Q9M304	LCB2b		Helical			True
Q9M345	LECRK42	Extracellular; Cytoplasmic	Helical		True	True		True
Q9M353	CHX20		Helical			True
Q9M390	NPF8.1		Helical			True
Q9M3B0	PME34		Helical			True
Q9M3B1	WSD6	Cytoplasmic; Lumenal	Helical			True		True
Q9M3B3	WSD4	Cytoplasmic; Lumenal	Helical			True		True
Q9M3B9	ABCB20		Helical			True
Q9M3D8	LECRK13	Extracellular; Cytoplasmic	Helical		True	True		True
Q9M3E5	LECRK11	Extracellular; Cytoplasmic	Helical		True	True		True
Q9M3H5	HMA1	Stromal; Lumenal	Helical			True		True
Q9M5A9	GPT1		Helical			True
Q9M622	RMR1	Lumenal; Cytoplasmic	Helical		True	True		True
Q9M670	RTM2		Helical			True
Q9M7K4	POT5	Cytoplasmic; Extracellular	Helical			True		True
Q9M841	PEX12	Peroxisomal matrix; Cytoplasmic	Helical			True		True
Q9M8S6	SKOR	Cytoplasmic; Extracellular	Helical; Helical; Voltage-sensor	Pore-forming		True	True	True
Q9M8T0			Helical		True	True
Q9M8W7	GLR1.1	Extracellular; Cytoplasmic	Helical		True	True		True
Q9M903	TGD4					True
Q9M9A8	APCB1		Helical			True
Q9M9C5		Extracellular; Cytoplasmic	Helical		True	True		True
Q9M9E0	LECRKS1	Extracellular; Cytoplasmic	Helical		True	True		True
Q9M9E1	ABCG40		Helical			True
Q9M9H7	SOL1	Extracellular; Cytoplasmic	Helical		True	True		True
Q9M9M4	CSLD3		Helical			True
Q9M9S6	UTR3		Helical			True
Q9M9U5	B1L		Helical			True
Q9MA41	CTL1				True
Q9MA83	RLP30	Extracellular; Cytoplasmic	Helical		True	True		True
Q9MA87	OFUT23		Helical; Signal-anchor for type II membrane protein			True
Q9MA90	PNC1		Helical			True
Q9MAM3	KCS1		Helical			True
Q9MAP5	SBT3.3				True
Q9MAP8	GALT31A	Cytoplasmic; Lumenal	Helical; Signal-anchor for type II membrane protein			True		True
Q9MAU6	PDIL2-2				True
Q9MAX3	SULTR1;2	Cytoplasmic; Extracellular	Helical			True		True
Q9S746	HTH				True
Q9S7D9	CCR1	Extracellular; Cytoplasmic	Helical		True	True		True
Q9S7I6	RPK2	Extracellular; Cytoplasmic	Helical		True	True		True
Q9S7J7	LHCB2.2		Helical			True
Q9S7J8	RAN1	Cytoplasmic; Extracellular	Helical			True		True
Q9S7M0	LHCB3		Helical			True
Q9S7M9		Lumenal; Cytoplasmic	Helical		True	True		True
Q9S7N7	PSAG		Helical			True
Q9S7W1	LHCB4.3		Helical			True
Q9S7Y7	XYL1				True
Q9S7Z8	PIN3	Extracellular; Cytoplasmic	Helical			True		True
Q9S814	EIN2	Cytoplasmic; Extracellular	Helical			True		True
Q9S972	SD16	Extracellular; Cytoplasmic	Helical		True	True		True
Q9S9K4	A39				True
Q9S9M1	WAKL5	Extracellular; Cytoplasmic	Helical		True	True		True
Q9S9M2	WAKL4	Extracellular; Cytoplasmic	Helical		True	True		True
Q9S9M3	WAKL3	Extracellular; Cytoplasmic	Helical		True	True		True
Q9S9M5	WAKL1	Extracellular; Cytoplasmic	Helical		True	True		True
Q9S9N8	NRAMP6		Helical			True
Q9SA23	SYP51	Cytoplasmic; Vesicular	Helical; Anchor for type IV membrane protein			True		True
Q9SA25	WAKL8	Extracellular; Cytoplasmic	Helical		True	True		True
Q9SA77	MUR4	Cytoplasmic; Lumenal	Helical; Signal-anchor for type II membrane protein			True		True
Q9SAA9	CYP51G1		Helical			True
Q9SAH8	NRAMP1		Helical			True
Q9SAJ3	FTSH12		Helical			True
Q9SB37	PMEI7				True
Q9SB48	ATR1	Lumenal; Cytoplasmic	Helical			True		True
Q9SB51	UBP16		Helical			True
Q9SB75	CSLC5		Helical			True
Q9SB81	PER42				True
Q9SBI0	RBOHB	Cytoplasmic; Extracellular	Helical			True		True
Q9SCK3	HP30-1		Helical			True
Q9SCK6	NAC062		Helical			True
Q9SCN0	STL2	Cytoplasmic; Lumenal	Helical			True		True
Q9SCX8	PAP17				True
Q9SCZ4	FER	Extracellular; Cytoplasmic	Helical		True	True		True
Q9SD46	PER36				True
Q9SD84	PDCB2				True
Q9SD85	CYP75B1	Cytoplasmic	Helical			True		True
Q9SE50	BGLU18				True
Q9SE97	FH1		Helical		True	True
Q9SEL5	VTI12	Cytoplasmic; Vesicular	Helical; Anchor for type IV membrane protein			True		True
Q9SEL6	VTI11	Cytoplasmic; Vesicular	Helical; Anchor for type IV membrane protein			True		True
Q9SF29	SYP71	Cytoplasmic; Vesicular	Helical; Anchor for type IV membrane protein			True		True
Q9SFB0	DTX43	Cytoplasmic; Extracellular	Helical			True		True
Q9SFB7	QRT2				True
Q9SFU3	PAP15				True
Q9SFU6	CALS9	Cytoplasmic; Extracellular	Helical			True		True
Q9SG79	SUN2	Nuclear; Perinuclear space	Helical			True		True
Q9SG80	ASD1				True
Q9SG86	BZIP28	Cytoplasmic; Lumenal	Helical			True		True
Q9SH30	HMA5	Cytoplasmic; Extracellular	Helical			True		True
Q9SH31	GT16	Cytoplasmic; Lumenal	Helical; Signal-anchor for type II membrane protein			True		True
Q9SH71		Extracellular; Cytoplasmic	Helical		True	True		True
Q9SH93	IPCS2		Helical			True
Q9SHC8	PVA12	Cytoplasmic	Helical; Anchor for type IV membrane protein			True		True
Q9SHG5	CYP72C1		Helical			True
Q9SHI2		Extracellular; Cytoplasmic	Helical		True	True		True
Q9SHI4	RLP3	Extracellular; Cytoplasmic	Helical		True	True		True
Q9SHI7	UBC34		Helical			True
Q9SHJ5	GPAT1		Helical			True
Q9SHL8	PILS5	Lumenal; Cytoplasmic	Helical			True		True
Q9SHR7	LHCB2.1		Helical			True
Q9SHU7	TIC21		Helical			True
Q9SI09	XERICO		Helical			True
Q9SI62	PPRD2		Helical			True
Q9SID2	ADS2		Helical			True
Q9SIH4	CASP1	Cytoplasmic; Extracellular	Helical			True		True
Q9SIT1	TMK3	Extracellular; Cytoplasmic	Helical		True	True		True
Q9SIV9	PAP10				True
Q9SIX1	KCS9		Helical			True
Q9SIZ8	RKP		Helical			True
Q9SJ22	CESA9	Cytoplasmic; Extracellular	Helical			True		True
Q9SJA2	CSLC8		Helical			True
Q9SJE9	ALMT1		Helical			True
Q9SJM0	CALS10		Helical			True
Q9SJT7	VHA-a2	Cytoplasmic; Vacuolar	Helical			True		True
Q9SJV5	TATC	Stromal; Lumenal	Helical			True		True
Q9SJY5	PUMP5		Helical			True
Q9SJZ2	PER17				True
Q9SK27	ENODL14				True
Q9SK50	TIC55	Stromal; Chloroplast intermembrane	Helical			True		True
Q9SKA3	MCTP6		Helical			True
Q9SKB2	SOBIR1	Extracellular; Cytoplasmic	Helical		True	True		True
Q9SKG5	SERK4	Extracellular; Cytoplasmic	Helical		True	True		True
Q9SKR2	SYT1	Extracellular; Cytoplasmic	Helical			True		True
Q9SKT0	THF1	Chloroplast intermembrane; Cytoplasmic	Helical			True		True
Q9SKT6	GAUT10	Cytoplasmic; Lumenal	Helical; Signal-anchor for type II membrane protein			True		True
Q9SL15	GRP3				True
Q9SL29	CNGC15	Cytoplasmic; Extracellular	Helical			True		True
Q9SL95	MOT1		Helical			True
Q9SLD2	DGAT1		Helical			True
Q9SLF3	TOC132		Helical			True
Q9SLG2	GGPP4				True
Q9SLH7	PER20				True
Q9SLK6	ALA6	Cytoplasmic; Extracellular	Helical			True		True
Q9SLV0	DTX48		Helical			True
Q9SM02	SQE1		Helical			True
Q9SM23	ACBP1		Helical; Signal-anchor			True
Q9SMM5	SWEET11	Extracellular; Cytoplasmic	Helical			True		True
Q9SMP5	CYP94B3		Helical			True
Q9SMS0	ndhT		Helical			True
Q9SMU8	PER34				True
Q9SN38	RLP51	Extracellular; Cytoplasmic	Helical		True	True		True
Q9SNC3	FLA4				True
Q9SNV9	NRAMP3		Helical			True
Q9SP02	CYP20-1				True
Q9SP35	TIM17-2		Helical			True
Q9SPM5	APY2	Cytoplasmic; Lumenal	Helical; Signal-anchor for type II membrane protein			True		True
Q9SQG2	APY1	Cytoplasmic; Lumenal	Helical; Signal-anchor for type II membrane protein			True		True
Q9SQH6	PIN6	Extracellular; Cytoplasmic	Helical			True		True
Q9SQR5	SINE2		Helical			True
Q9SR05	ANX1	Extracellular; Cytoplasmic	Helical		True	True		True
Q9SR37	BGLU23				True
Q9SR96	ERDJ3A				True
Q9SRE4	URGT1		Helical			True
Q9SRG3	PDIL1-2				True
Q9SRQ1	CYP89A9		Helical; Signal-anchor for type II membrane protein			True
Q9SRT3	CSLC6		Helical			True
Q9SRU2	BIG		Helical			True
Q9SRW9	CSLD5		Helical			True
Q9SRY3	RALF1				True
Q9SS43	MUCI21	Cytoplasmic; Lumenal	Helical; Signal-anchor for type II membrane protein			True		True
Q9SSD1	TMM	Extracellular; Cytoplasmic	Helical		True	True		True
Q9SSL9	PEPR1	Extracellular; Cytoplasmic	Helical		True	True		True
Q9STE8	TOC75-3	Chloroplast intermembrane; Cytoplasmic	Beta stranded			True		True
Q9STP8	ACBP2		Helical; Signal-anchor			True
Q9STX1	ACBP3				True
Q9STX5	HSP90-7				True
Q9STY0	PEX11B	Cytoplasmic; Lumenal	Helical			True		True
Q9SU35	AZI1				True
Q9SU40	SKU5				True
Q9SU50	TRE1		Helical			True
Q9SU56	GLDH		Helical			True
Q9SUC5	FAH2		Helical			True
Q9SUJ1	SYP43	Cytoplasmic; Vesicular	Helical; Anchor for type IV membrane protein			True		True
Q9SUM3	ATR2	Lumenal; Cytoplasmic	Helical			True		True
Q9SUQ8	DIR6				True
Q9SUR3	RTNLB1		Helical			True
Q9SUT9	RTNLB2		Helical			True
Q9SUV1	BT1		Helical			True
Q9SV72	EPFL9				True
Q9SV84	NIP5-1		Helical			True
Q9SVC2	SYP122	Cytoplasmic; Vesicular	Helical; Anchor for type IV membrane protein			True		True
Q9SVG4					True
Q9SVV6	TPK3	Cytoplasmic	Helical	Pore-forming		True	True	True
Q9SW25	SWEET14	Extracellular; Cytoplasmic	Helical			True		True
Q9SW97	GLR3.5	Extracellular; Cytoplasmic	Helical		True	True		True
Q9SWH4	SYP42	Cytoplasmic	Helical; Anchor for type IV membrane protein			True		True
Q9SWH5	FUT1	Cytoplasmic; Lumenal	Helical; Signal-anchor for type II membrane protein			True		True
Q9SWS1	CYB561B		Helical			True
Q9SWW6	CESA7	Cytoplasmic; Extracellular	Helical			True		True
Q9SX31	PERK9	Extracellular; Cytoplasmic	Helical			True		True
Q9SXA6	ENDO1				True
Q9SXB3		Extracellular; Cytoplasmic	Helical		True	True		True
Q9SXB8		Extracellular; Cytoplasmic	Helical		True	True		True
Q9SXC4	IRX9H	Cytoplasmic; Lumenal	Helical; Signal-anchor for type II membrane protein			True		True
Q9SXE1	FMOGS-OX3		Helical			True
Q9SXL4	AHK1	Cytoplasmic; Extracellular	Helical			True		True
Q9SY55	ECA3	Cytoplasmic; Lumenal	Helical			True		True
Q9SY95		Extracellular; Cytoplasmic	Helical		True	True		True
Q9SY97	LHCA3		Helical			True
Q9SYD6	DTX42	Cytoplasmic; Extracellular	Helical			True		True
Q9SYF0	GLIP2				True
Q9SYK0	HEXO2				True
Q9SYL6	GGH1				True
Q9SYM0	VTE6		Helical			True
Q9SYQ8	CLV1	Extracellular; Cytoplasmic	Helical		True	True		True
Q9SYU4	PEX10	Peroxisomal matrix; Cytoplasmic	Helical			True		True
Q9SYW8	LHCA2		Helical			True
Q9SYX1	LIL3.1		Helical			True
Q9SZ11	GDPDL3	Extracellular	Helical		True	True		True
Q9SZ42	FAD4		Helical			True
Q9SZ46	CYP82C4		Helical			True
Q9SZ96	URGT5		Helical			True
Q9SZC9	PAA1		Helical			True
Q9SZE2	DTX51		Helical			True
Q9SZR9	ABCG9		Helical			True
Q9SZW4	HMA2	Cytoplasmic; Extracellular	Helical			True		True
Q9SZZ8	BETA-OHASE 1		Helical			True
Q9T045	COBL11				True
Q9T071			Helical			True
Q9T0H9	PAM71-HL		Helical			True
Q9XEA1	OSCA1	Extracellular; Cytoplasmic	Helical			True		True
Q9XEC6	CRK36	Extracellular; Cytoplasmic	Helical		True	True		True
Q9XEE9	ALG11	Lumenal; Cytoplasmic	Helical	Helical		True	True	True
Q9XF04	CLV3				True
Q9XF43	CUT1		Helical			True
Q9XF87	LHCB2.4		Helical			True
Q9XF88	LHCB4.2		Helical			True
Q9XF89	LHCB5		Helical			True
Q9XF91	PSBS		Helical			True
Q9XFM6	MSBP1		Helical			True
Q9XGM8	GNTI	Cytoplasmic; Lumenal	Helical; Signal-anchor for type II membrane protein			True		True
Q9XH75	TATB	Lumenal; Stromal	Helical			True		True
Q9XI01	PDIL1-1				True
Q9XI46	CCMH	Mitochondrial intermembrane; Mitochondrial matrix	Helical			True		True
Q9XIC5	NAC017		Helical			True
Q9XIC7	SERK2	Extracellular; Cytoplasmic	Helical		True	True		True
Q9XIE2	ABCG36		Helical			True
Q9XIE6	ALA3	Cytoplasmic; Extracellular	Helical			True		True
Q9XIG2	PLM		Helical			True
Q9XII1	PDV2	Cytoplasmic; Chloroplast intermembrane	Helical			True		True
Q9XIN7	NTL8		Helical			True
Q9XIP7	GTG1		Helical			True
Q9ZNQ8	PERK4	Extracellular; Cytoplasmic	Helical			True		True
Q9ZNT1	CBR1		Helical			True
Q9ZP16	CRK11	Extracellular; Cytoplasmic	Helical		True	True		True
Q9ZPR7	UPS1	Extracellular; Cytoplasmic	Helical			True		True
Q9ZPS9	BRL2	Extracellular; Cytoplasmic	Helical		True	True		True
Q9ZQ89	UPS2	Extracellular; Cytoplasmic	Helical			True		True
Q9ZQ94	UGT73C5		Helical			True
Q9ZQB9	CSLC12		Helical			True
Q9ZQC6	IRX9	Cytoplasmic; Lumenal	Helical; Signal-anchor for type II membrane protein			True		True
Q9ZQI2	CASP3	Cytoplasmic; Extracellular	Helical			True		True
Q9ZQN8	CSLA7		Helical			True
Q9ZR03	petC		Helical			True
Q9ZR72	ABCB1		Helical			True
Q9ZR79	LECRK57	Extracellular; Cytoplasmic	Helical		True	True		True
Q9ZRF9	RPK1	Extracellular; Cytoplasmic	Helical		True	True		True
Q9ZRP7	SLD1		Helical			True
Q9ZSD4	SYP121	Cytoplasmic; Vesicular	Helical; Anchor for type IV membrane protein			True		True
Q9ZSJ0	RGXT2	Cytoplasmic; Lumenal	Helical; Signal-anchor for type II membrane protein			True		True
Q9ZSJ2	RGXT1	Cytoplasmic; Lumenal	Helical; Signal-anchor for type II membrane protein			True		True
Q9ZSR7	TPT		Helical			True
Q9ZSU4	XTH14				True
Q9ZT63	MTP1	Cytoplasmic; Vacuolar	Helical			True		True
Q9ZT82	CALS12	Cytoplasmic; Extracellular	Helical			True		True
Q9ZTP3	EIN4		Helical			True
Q9ZTW3	VAMP721	Cytoplasmic; Vesicular	Helical; Anchor for type IV membrane protein			True		True
Q9ZTZ7	KEA1	Stromal; Chloroplast intermembrane	Helical			True		True
Q9ZU46	ZAR1		Helical		True	True
Q9ZU50	BAT1		Helical			True
Q9ZUA5	VIT1	Cytoplasmic; Vacuolar	Helical			True		True
Q9ZUE0	PERK12	Extracellular; Cytoplasmic	Helical			True		True
Q9ZUJ5	5MMP				True
Q9ZUN3	KEA4		Helical		True	True
Q9ZUZ0	HIC		Helical		True	True
Q9ZV02	SWEET9	Extracellular; Cytoplasmic	Helical			True		True
Q9ZV04	PER24				True
Q9ZV24	OEP161		Helical			True
Q9ZV40	XTH21				True
Q9ZV57	VCC		Helical		True	True
Q9ZVH7	FAX3		Helical			True
Q9ZVI9	PECT1		Helical			True
Q9ZVR7	PSKR1		Helical		True	True
Q9ZW22	SMO2-1		Helical			True
Q9ZW86	P4H1	Cytoplasmic; Lumenal	Helical; Signal-anchor for type II membrane protein			True		True
Q9ZWA9	CRD				True
Q9ZWC8	BRL1	Extracellular; Cytoplasmic	Helical		True	True		True
A0A1P8ANJ1	STMP5				True
A0A1P8B554	TLP1				True
A0A1P8BDL3	PROSCOOP2				True
A2RVP7	TIM22-1		Helical			True
A2RVQ4	DEAL3		Helical		True	True
A3KPF5	PDIL1-5				True
A8MQR0	WIT2		Helical			True
A8MQX3	ESF1.2				True
A8MS31	PROSCOOP7				True
A8MSA6	ESF1.1				True
A9X4U2	3BETAHSD/D3		Helical			True
B3DN87	PAT01		Helical			True
B3H5Q2	GLV8				True
B5X0N6	KEA6		Helical		True	True
B6ETT4	SYT2	Cytoplasmic; Lumenal	Helical			True		True
B9DFR3	PAE9				True
B9DHD7	PVA22	Cytoplasmic	Helical; Anchor for type IV membrane protein			True		True
B9DHG0	PYG7		Helical			True
C0LGD6		Extracellular; Cytoplasmic	Helical		True	True		True
C0LGD7		Extracellular; Cytoplasmic	Helical		True	True		True
C0LGD8		Extracellular; Cytoplasmic	Helical		True	True		True
C0LGD9		Extracellular; Cytoplasmic	Helical		True	True		True
C0LGE4		Extracellular; Cytoplasmic	Helical		True	True		True
C0LGG3		Extracellular; Cytoplasmic	Helical		True	True		True
C0LGG7		Extracellular; Cytoplasmic	Helical		True	True		True
C0LGG9		Extracellular; Cytoplasmic	Helical		True	True		True
C0LGH2		Extracellular; Cytoplasmic	Helical		True	True		True
C0LGI2		Extracellular; Cytoplasmic	Helical		True	True		True
C0LGK4		Extracellular; Cytoplasmic	Helical		True	True		True
C0LGK9		Extracellular; Cytoplasmic	Helical		True	True		True
C0LGP4		Extracellular; Cytoplasmic	Helical		True	True		True
C0LGQ7		Extracellular; Cytoplasmic	Helical		True	True		True
C0LGT5		Extracellular; Cytoplasmic	Helical		True	True		True
C0LGU1		Extracellular; Cytoplasmic	Helical		True	True		True
C0LGV0		Extracellular; Cytoplasmic	Helical		True	True		True
C0LGX1		Extracellular; Cytoplasmic	Helical		True	True		True
F4HQ17	LRK10L-1.4	Extracellular; Cytoplasmic	Helical		True	True		True
F4HQ20	LRK10L-2.5	Extracellular; Cytoplasmic	Helical		True	True		True
F4HQ22	LRK10L-2.4	Extracellular; Cytoplasmic	Helical		True	True		True
F4HQ23	LRK10L-2.7	Extracellular; Cytoplasmic	Helical		True	True		True
F4HUC4	ACA5				True
F4HVZ1	CATHB1				True
F4HW02	GAT1		Helical			True
F4HW17	TMN5	Lumenal; Cytoplasmic	Helical		True	True		True
F4HW79	COAC1		Helical			True
F4HWL3	RLP4	Extracellular; Cytoplasmic	Helical		True	True		True
F4HWQ8	C/VIF1				True
F4HYR6	SBT2.4				True
F4I082	LTPG6				True
F4I111	MCU1		Helical			True
F4I1G5	COR413IM2	Stromal; Chloroplast intermembrane	Helical			True		True
F4I340	SEI2		Helical			True
F4I3V3	LRK10L-1.5	Extracellular; Cytoplasmic	Helical		True	True		True
F4I4K7	FRO3		Helical			True
F4I8Q7	KMS2	Cytoplasmic; Lumenal	Helical			True		True
F4I9E1	NFD4		Helical			True
F4IHR4	ACA2				True
F4IK45	CYP709B2		Helical			True
F4ILF8	P4H13	Cytoplasmic; Lumenal	Helical; Signal-anchor for type II membrane protein			True		True
F4IU14	WSD3	Cytoplasmic; Lumenal	Helical			True		True
F4IZ80	CYSTM10		Helical			True
F4J270	BG3				True
F4J2C8	EDA30		Helical; Signal-anchor for type II membrane protein			True
F4J4C8	EVN	Cytoplasmic; Lumenal	Helical			True		True
F4J4Y0		Lumenal; Cytoplasmic	Helical		True	True		True
F4JIE8	LFG1		Helical			True
F4JIK2	ACA4				True
F4JL85	ENODL3				True
F4JPE9	SUN5		Helical			True
F4JTU7	RLP48	Extracellular; Cytoplasmic	Helical		True	True		True
F4JU70	COAC2		Helical			True
F4JW83	CYP84A4		Helical			True
F4JXC5	SBT5.4				True
F4KA50	LRK10L-2.2	Extracellular; Cytoplasmic	Helical		True	True		True
F4KA51	LRK10L-2.3	Extracellular; Cytoplasmic	Helical		True	True		True
F4KCL7	OM64		Helical			True
F4KD71	DUR3		Helical			True
F4KHD8	GB210		Helical		True	True
F4KIB2	TMN8	Lumenal; Cytoplasmic	Helical		True	True		True
O04034	CCX5		Helical			True
O04036	ERD6		Helical			True
O04348	TPP1	Lumenal, thylakoid	Helical			True		True
O04533	LECRK52	Extracellular; Cytoplasmic	Helical		True	True		True
O04534	LECRK51	Extracellular; Cytoplasmic	Helical		True	True		True
O04660	GLR2.1	Extracellular; Cytoplasmic	Helical		True	True		True
O04722	SULTR2;1	Cytoplasmic; Extracellular	Helical			True		True
O04953	PME52				True
O05000	ND2		Helical			True
O22048	AOX1C		Helical			True
O22126	FLA8				True
O22141	GAE4		Helical			True
O22151	GOS12	Cytoplasmic; Vesicular	Helical; Anchor for type IV membrane protein			True		True
O22252	MHX		Helical			True
O22256	PME20				True
O22261	NDT1		Helical			True
O22807	GALS1		Helical			True
O22808	LYK5	Extracellular; Cytoplasmic	Helical		True	True		True
O22834	LECRK53	Extracellular; Cytoplasmic	Helical		True	True		True
O22862	PER26				True
O22881	POT2	Cytoplasmic; Extracellular	Helical			True		True
O22920	CHX13		Helical			True
O22925	VSR2	Lumenal; Cytoplasmic	Helical		True	True		True
O22938	PXC3	Extracellular; Cytoplasmic	Helical		True	True		True
O22940	TEB				True
O22959	PER19				True
O23006	LYM2				True
O23035	CYSTM1		Helical			True
O23038	PME8				True
O23053	ARASP2		Helical			True
O23081	CRK41	Extracellular; Cytoplasmic	Helical		True	True		True
O23087	ECA2	Cytoplasmic; Lumenal	Helical			True		True
O23237	PER49				True
O23244	PAP25				True
O23342	SECE1		Helical			True
O23429	VAMP724	Cytoplasmic; Vesicular	Helical; Anchor for type IV membrane protein			True		True
O23447	PME43				True
O23461	ARA1		Helical			True
O23482	OPT3		Helical			True
O23492	INT4		Helical			True
O23609	PER41				True
O23913	AOX1B		Helical			True
O24603	CHI				True
O48677	PER6				True
O48682	FH4		Helical		True	True
O48773	PDIL2-3				True
O48780	KCS11		Helical			True
O48786	CYP734A1		Helical			True
O48809	LRX2				True
O48818	EXPA4				True
O48840	PAP13				True
O48845	CYTB5-B		Helical			True
O48916	FAH1		Helical			True
O49293	PER13				True
O49298	PME6				True
O49340	CYP71A12		Helical			True
O49347	PSBY	Lumenal; Stromal	Helical			True		True
O49377	VAMP711	Cytoplasmic; Vesicular	Helical; Anchor for type IV membrane protein			True		True
O49432	QRT3				True
O49445	LECRK72	Extracellular; Cytoplasmic	Helical		True	True		True
O49564	CRK27	Extracellular; Cytoplasmic	Helical		True	True		True
O49605	CYP21-1				True
O49639	CDS2		Helical			True
O64477		Extracellular; Cytoplasmic	Helical		True	True		True
O64556		Extracellular; Cytoplasmic	Helical		True	True		True
O64668		Cytoplasmic; Lumenal	Helical	Helical		True	True	True
O64697	CYP710A1		Helical			True
O64698	CYP710A2		Helical			True
O64749		Cytoplasmic; Lumenal	Helical; Signal-anchor for type II membrane protein			True		True
O64758	VSR5	Lumenal; Cytoplasmic	Helical		True	True		True
O64761	PIGC		Helical			True
O64770		Extracellular; Cytoplasmic	Helical		True	True		True
O64771		Extracellular; Cytoplasmic	Helical		True	True		True
O64774		Extracellular; Cytoplasmic	Helical		True	True		True
O64776		Extracellular; Cytoplasmic	Helical		True	True		True
O64777		Extracellular; Cytoplasmic	Helical		True	True		True
O64778		Extracellular; Cytoplasmic	Helical		True	True		True
O64780		Extracellular; Cytoplasmic	Helical		True	True		True
O64781		Extracellular; Cytoplasmic	Helical		True	True		True
O64783		Extracellular; Cytoplasmic	Helical		True	True		True
O64791	SYP124	Cytoplasmic; Vesicular	Helical; Anchor for type IV membrane protein			True		True
O64793		Extracellular; Cytoplasmic	Helical		True	True		True
O64806	ACA7	Cytoplasmic; Lumenal	Helical			True		True
O64810	SCPL10				True
O64811	SCPL9				True
O64864	LTPG13				True
O65238		Extracellular; Cytoplasmic	Helical		True	True		True
O65399					True
O65405	CRK28	Extracellular; Cytoplasmic	Helical		True	True		True
O65431	GALS3		Helical			True
O65468	CRK8	Extracellular; Cytoplasmic	Helical		True	True		True
O65472	CRK12	Extracellular; Cytoplasmic	Helical		True	True		True
O65476	CRK16	Extracellular; Cytoplasmic	Helical		True	True		True
O65482	CRK23	Extracellular; Cytoplasmic	Helical		True	True		True
O65483	CRK24	Extracellular; Cytoplasmic	Helical		True	True		True
O65530	PERK14	Extracellular; Cytoplasmic	Helical			True		True
O65684	CIF2				True
O65708	MWL2	Cytoplasmic; Extracellular	Helical		True	True		True
O65790	CYP81F1		Helical			True
O65797	ADS1		Helical			True
O65924		Extracellular; Cytoplasmic	Helical		True	True		True
O80437	GPAT6		Helical			True
O80458	DPS		Helical			True
O80493	DMP8		Helical			True
O80517					True
O80592	AAP8	Cytoplasmic; Extracellular	Helical			True		True
O80685	PAT02		Helical			True
O80689	BGLU45				True
O80690	BGLU46				True
O80832	VCCN2	Lumenal, thylakoid; Stromal	Helical			True		True
O80915	PRA1B4		Helical			True
O80961	MLO12	Extracellular; Cytoplasmic	Helical			True		True
O81000	SQE2		Helical			True
O81007	GT7	Cytoplasmic; Lumenal	Helical; Signal-anchor for type II membrane protein			True		True
O81016	ABCG32		Helical			True
O81020	NPC2				True
O81030	GULLO5				True
O81078	GLR2.9	Extracellular; Cytoplasmic	Helical		True	True		True
O81209	RBOHA	Cytoplasmic; Extracellular	Helical			True		True
O81211	RBOHE	Cytoplasmic; Extracellular	Helical			True		True
O81292	LECRK43	Extracellular; Cytoplasmic	Helical		True	True		True
O81301	PME40				True
O81415	PME39				True
O81755	PER48				True
O81765	PEX4				True
O81772	PER46				True
O81776	GLR2.4	Extracellular; Cytoplasmic	Helical		True	True		True
O81832					True
O81850	IRT2	Extracellular; Cytoplasmic	Helical		True	True		True
O81906	B120	Extracellular; Cytoplasmic	Helical		True	True		True
O82122	VSP2				True
O82227	ENODL11				True
O82244	ALG3		Helical			True
O82251	TIC20-II		Helical			True
O82275	TAX1				True
O82279	CGL160		Helical			True
O82316	TIP4-1	Cytoplasmic; Vacuolar	Helical			True		True
O82337	AGP16				True
O82498	DIR12				True
O82567	AAPT1		Helical			True
O82568	AAPT2		Helical			True
O82598	TIP1-3	Cytoplasmic; Vacuolar	Helical			True		True
O82775	ATI1		Helical			True
P0CAY6	LURE1.4				True
P0CC32	ndhB1		Helical			True
P0CC33	ndhB2		Helical			True
P0DH87	PSEUDOSRKA	Extracellular; Cytoplasmic	Helical		True	True		True
P0DH92	VHA-c1	Lumenal; Cytoplasmic	Helical			True		True
P0DH93	VHA-c3	Lumenal; Cytoplasmic	Helical			True		True
P0DH94	VHA-c5	Lumenal; Cytoplasmic	Helical			True		True
P0DKH9	AREP1		Helical			True
P0DKI1	SDH3-2		Helical			True
P0DN96	CEP7				True
P0DN97	CEP8				True
P0DN98	CEP11				True
P0DO00					True
P23586	STP1	Cytoplasmic; Extracellular	Helical			True		True
P26288	ndhD		Helical			True
P26289	ndhE		Helical			True
P26587	TIP3-1	Cytoplasmic; Vacuolar	Helical			True		True
P28493					True
P29388	ND5		Helical			True
P29525			Helical			True
P30224	PDF1.1				True
P33154					True
P33543	TMKL1	Extracellular; Cytoplasmic	Helical		True	True		True
P43295	RD19B				True
P45434		Lumenal; Cytoplasmic	Helical		True	True		True
P46312	FAD6		Helical			True
P46689	GASA1				True
P48422	CYP86A1		Helical			True
P48623	FAD3		Helical			True
P49047					True
P49062	PGA3				True
P49063					True
P53799	SQS1		Helical			True
P56751	ndhC		Helical			True
P56767	psaB		Helical			True
P56771	petA		Helical		True	True
P56773	petB		Helical			True
P56777	psbB		Helical			True
P56779	psbE		Helical			True
P56785	TIC214; TIC214-B		Helical			True
P57681	FCLY				True
P57792	ALA12	Cytoplasmic; Extracellular	Helical			True		True
P59120	PER58				True
P59228	VHA-c2	Lumenal; Cytoplasmic	Helical			True		True
P59229	VHA-c4	Lumenal; Cytoplasmic	Helical			True		True
P60112	ATP9		Helical			True
P60497	ND6		Helical			True
P60620	COX1		Helical			True
P82872	TOM20-1	Cytoplasmic; Mitochondrial intermembrane	Helical			True		True
P92514	COX3; 		Helical			True
P92527	CCMC		Helical			True
P92533	ND3		Helical			True
P92547	ATP6-2		Helical			True
P92558	ND1; ; 		Helical			True
P92942	CLC-B		Helical			True
P92943	CLC-D		Helical			True
P92946	SULTR2;2	Cytoplasmic; Extracellular	Helical			True		True
P92961	PROT1		Helical			True
P92962	PROT2		Helical			True
P92996	GLP5A				True
P93050	RKF3	Extracellular; Cytoplasmic	Helical		True	True		True
P93285	COX2	Mitochondrial intermembrane; Mitochondrial matrix	Helical			True		True
P93286	CCMFC		Helical			True
P93298	ATP6-1; 		Helical			True
P93303	YMF19; 		Helical			True
P93313	ND4		Helical			True
P93756	SD31	Extracellular; Cytoplasmic	Helical		True	True		True
P93829	PRA1D		Helical			True
P94014	GLP4				True
P94078					True
P94111	SSL12				True
Q04613	ATP4		Helical			True
Q04614	ND4L		Helical			True
Q058P6	CLT1		Helical			True
Q0V7T5		Extracellular; Cytoplasmic	Helical		True	True		True
Q0WMJ8	SPPL4	Lumenal; Cytoplasmic	Helical		True	True		True
Q0WML3	PROSCOOP6				True
Q0WMZ5	OEP162		Helical			True
Q0WNW4	MYOB3		Helical			True
Q0WPN8	PDLP7	Extracellular; Cytoplasmic	Helical		True	True		True
Q0WQ07	CYP705A1		Helical			True
Q0WQD2	GAUT3	Cytoplasmic; Lumenal	Helical; Signal-anchor for type II membrane protein			True		True
Q0WQK2	PAT07		Helical			True
Q0WQX7	RBL1		Helical			True
Q0WR59			Helical		True	True
Q0WUV7	EXL4				True
Q1G3L1	TIM21		Helical			True
Q1H583	GLL22				True
Q1H5D2	GET1	Lumenal; Cytoplasmic	Helical			True		True
Q1PDH6	LAC16				True
Q1PE39	MRS2-6		Helical			True
Q1PE40	PIP1				True
Q1PE48	CDS3		Helical			True
Q1PEC0	PME42				True
Q1PEF8	CWINV2				True
Q1PEM5	PERK3	Extracellular; Cytoplasmic	Helical			True		True
Q1PEX8	CYSTM5		Helical			True
Q1PF50	EDA2				True
Q29Q28	UTR2		Helical			True
Q2EF88	YSL3		Helical			True
Q2PE59	LTPG26				True
Q2PE60	LTPG23				True
Q2PE70	LTPG4				True
Q2UVJ5	CCC1	Cytoplasmic; Extracellular	Helical			True		True
Q2V4F9			Helical			True
Q2V4L8	CEL5				True
Q304A0	MRS2-7		Helical			True
Q304B9	NCER2				True
Q38798		Lumenal; Cytoplasmic	Helical		True	True		True
Q38833	CHLG		Helical			True
Q38885	SCY1		Helical			True
Q38907	XTH25				True
Q38908	XTH30				True
Q38910	XTH23				True
Q38924	PAP12				True
Q38936	FKBP15-2				True
Q39017	DGK1		Helical			True
Q39065	COPT1		Helical			True
Q39079	ATJ13		Helical			True
Q39165			Helical			True
Q39182	PDF2.2				True
Q39194	PSBW	Lumenal, thylakoid; Stromal	Helical			True		True
Q39196	PIP1.4	Cytoplasmic; Extracellular	Helical			True		True
Q39202	RLK1	Extracellular; Cytoplasmic	Helical		True	True		True
Q39221	STL2P	Cytoplasmic; Lumenal	Helical; Signal-anchor for type II membrane protein			True		True
Q39228	STP4	Cytoplasmic	Helical			True		True
Q3E884	LECRK110	Extracellular; Cytoplasmic	Helical		True	True		True
Q3E8E5	TGG3				True
Q3E8H4	PROSCOOP1				True
Q3E8Z8	PME28		Helical			True
Q3E989	PME54				True
Q3E9A0	ANTR6		Helical			True
Q3E9I4	CLE22				True
Q3E9X6	CRK21	Extracellular; Cytoplasmic	Helical		True	True		True
Q3EAY9	PME30				True
Q3EBC2	PAT17		Helical			True
Q3EBY6	MCA2		Helical			True
Q3EC11	PAT23		Helical			True
Q3ECH2	LRK10L-2.8	Extracellular; Cytoplasmic	Helical		True	True		True
Q3ECU1	CLE11				True
Q3YL57	NHX8	Extracellular; Cytoplasmic	Helical			True		True
Q41906	CYS3				True
Q41975	TIP2-2	Cytoplasmic; Vacuolar	Helical			True		True
Q42191	OXA1	Mitochondrial matrix; Mitochondrial intermembrane	Helical			True		True
Q42328	ATTI1				True
Q42534	PME2				True
Q42574	GRP19		Helical			True
Q42589	LTP1				True
Q42600	CYP84A1		Helical			True
Q494P0	PHT1-7	Cytoplasmic; Extracellular	Helical			True		True
Q4PSF4	DTX52		Helical			True
Q4PSX1	CLE10				True
Q4V3B8	SPPL3	Lumenal; Cytoplasmic	Helical		True	True		True
Q4V3C9	KCS8		Helical			True
Q4VP09	LURE1.1				True
Q4VP10	LURE1.3				True
Q500V2	FLY2	Lumenal; Cytoplasmic	Helical		True	True		True
Q56WV9	PROSCOOP5				True
Q56XE8			Helical			True
Q56YT0	LAC3				True
Q5E930	SLAH1	Cytoplasmic; Extracellular	Helical			True		True
Q5IZC8	TOC75-4	Chloroplast intermembrane; Cytoplasmic	Beta stranded			True		True
Q5MFV6	VGDH2				True
Q5MK23	ARV2		Helical			True
Q5MK24	ARV1		Helical			True
Q5PNZ1	PAT03		Helical			True
Q5PP12	AGP24				True
Q5XF03	GPAT8		Helical			True
Q5XF36	KMS1	Cytoplasmic; Lumenal	Helical			True		True
Q5XF85	ATL42		Helical		True	True
Q66GI9	ANTR4		Helical			True
Q66GQ3	PDIL1-6				True
Q67XQ0	CBSDUF1	Extracellular; Cytoplasmic	Helical			True		True
Q67XW5	UBP18		Helical			True
Q67XZ3	CWINV3				True
Q67YU0	CKX5				True
Q6DBB8	STMP7				True
Q6DR03	PAT21		Helical			True
Q6E263	PDLP4	Extracellular; Cytoplasmic	Helical		True	True		True
Q6E279	RRT3		Helical; Signal-anchor for type II membrane protein			True
Q6ID18	LAC10				True
Q6IDL4		Lumenal; Cytoplasmic	Helical		True	True		True
Q6IMT0	KIP				True
Q6IWB2	CLE42				True
Q6NKQ9	PDLP8	Extracellular; Cytoplasmic	Helical		True	True		True
Q6NKZ8	CYP714A2	Lumenal; Cytoplasmic	Helical; Signal-anchor for type III membrane protein			True		True
Q6NLC1	ABCC2		Helical			True
Q6NLF4	LLG2				True
Q6NMF0	CLE13				True
Q6NMK1	GXM1		Helical			True
Q6NML0	ATL76		Helical			True
Q6NMM8	F8H	Cytoplasmic; Lumenal	Helical; Signal-anchor for type II membrane protein			True		True
Q6NN03	CYSTM12		Helical			True
Q6NPT7	HRD1B	Cytoplasmic; Lumenal	Helical			True		True
Q6NQ51	RRT4		Helical; Signal-anchor for type II membrane protein			True
Q6NQ66	GULLO2				True
Q6NQ87	CRK22	Extracellular; Cytoplasmic	Helical		True	True		True
Q6NQB7	B3GALT7		Helical; Signal-anchor for type II membrane protein			True
Q6NQG7	ATL78		Helical			True
Q6R2J8	SRF8	Extracellular; Cytoplasmic	Helical		True	True		True
Q6R2K2	SRF4	Extracellular; Cytoplasmic	Helical		True	True		True
Q6R3K9	YSL2		Helical			True
Q6R3L0	YSL1		Helical			True
Q6R8G5	PHO1-H5	Cytoplasmic; Extracellular	Helical			True		True
Q6R8G7	PHO1;H3	Cytoplasmic; Extracellular	Helical			True		True
Q6TLJ2	TPD1				True
Q6TPH1	PAP23				True
Q7DNC3	MPT1	Mitochondrial intermembrane; Mitochondrial matrix	Helical			True		True
Q7FB56	ABCC15		Helical			True
Q7FZR1	RLP52	Extracellular; Cytoplasmic	Helical		True	True		True
Q7PC84	ABCG39		Helical			True
Q7X911	SAC6		Helical			True
Q7X9I4	AERO2				True
Q7XA06	SYT3		Helical			True
Q7XA87	FOLT1		Helical			True
Q7Y201	PME13		Helical			True
Q7Y228	LAMP1	Cytoplasmic; Extracellular	Helical; Signal-anchor for type II membrane protein			True		True
Q84JN2	TIN1				True
Q84JX1	PME19				True
Q84L08	GFT1		Helical			True
Q84L09	GONST2		Helical			True
Q84M97	MSL9		Helical			True
Q84MA5	CAT1	Cytoplasmic; Extracellular	Helical			True		True
Q84MD2	CIF1				True
Q84R10	PME36				True
Q84TJ7	MCTP7		Helical			True
Q84UC7	BAC1		Helical			True
Q84WE4	PMEI3				True
Q84WG1	NHX3	Cytoplasmic; Vacuolar	Helical	Helical		True	True	True
Q84WS0	SBTI1.1				True
Q84WU8	FTSH3		Helical			True
Q8GT74	NIP2	Lumenal, thylakoid; Stromal	Helical			True		True
Q8GUH7	OSCA2.3	Extracellular; Cytoplasmic	Helical			True		True
Q8GUJ1	UXT2		Helical			True
Q8GUU2	RIE1		Helical			True
Q8GW72	FUC1				True
Q8GWN6	PROSCOOP8				True
Q8GX23	PERK5	Extracellular; Cytoplasmic	Helical			True		True
Q8GX86	PME21		Helical			True
Q8GXA1	PME23				True
Q8GYE0	PHF1	Cytoplasmic; Lumenal	Helical			True		True
Q8GYF5	WAKL21	Extracellular; Cytoplasmic	Helical		True	True		True
Q8GYG1		Lumenal; Cytoplasmic	Helical		True	True		True
Q8GZ17	COBL7				True
Q8GZ79	TIC20-I		Helical			True
Q8GZD4	NAT3		Helical			True
Q8H0T6	PPT2		Helical			True
Q8H199	CRK14	Extracellular; Cytoplasmic	Helical		True	True		True
Q8H780	SCPL13				True
Q8L5Y5	PAT19		Helical			True
Q8L615	SEI3		Helical			True
Q8L6Z8			Helical			True
Q8L706	SYT5		Helical			True
Q8L7D2	SBT4.12				True
Q8L7E3	VSR7	Lumenal; Cytoplasmic	Helical		True	True		True
Q8L7E5	WIT1		Helical			True
Q8L7G3	CRK7	Extracellular; Cytoplasmic	Helical		True	True		True
Q8L7H3	XTH29				True
Q8L7W1	MSL3		Helical			True
Q8L7Z0	CNGC17	Cytoplasmic; Extracellular	Helical			True		True
Q8L868					True
Q8L8W5	CYP21-2				True
Q8L9A9	XTH8				True
Q8L9H6	CLE17				True
Q8L9S0		Cytoplasmic; Vesicular	Helical; Anchor for type IV membrane protein			True		True
Q8L9T5	ATL2		Helical			True
Q8L9T8	AGP41				True
Q8L9W3	ATL23		Helical			True
Q8LAL0	HCC2		Helical			True
Q8LAN3	P4H4	Cytoplasmic; Lumenal	Helical; Signal-anchor for type II membrane protein			True		True
Q8LBX7	TED6	Extracellular; Cytoplasmic	Helical			True		True
Q8LD38	MPC3		Helical			True
Q8LD43	AGP40				True
Q8LDD3	CURT1D	Stromal; Lumenal	Helical			True		True
Q8LE59	IRT3	Lumenal; Cytoplasmic	Helical			True		True
Q8LEE9	FLA12				True
Q8LEQ4	DPMS3		Helical			True
Q8LER3	XTH7				True
Q8LF99	XTH6				True
Q8LFP7	NIP1-2		Helical			True
Q8LFP9	ABA4		Helical			True
Q8LG54	AGP7				True
Q8LG58	XTH16				True
Q8LG88	TDT		Helical			True
Q8LGN0	GLR2.7	Extracellular; Cytoplasmic	Helical		True	True		True
Q8LGU1	ABCC8		Helical		True	True
Q8LPJ3					True
Q8LPK2	ABCB2		Helical		True	True
Q8LPL2	NPF1.1		Helical			True
Q8LPQ6	ABCB28		Helical			True
Q8LPT3	MEBL		Helical			True
Q8RWA5	NDT2		Helical			True
Q8RWA7	MEE4		Helical			True
Q8RWI9	ABCG15		Helical			True
Q8RWL5	CLT3		Helical			True
Q8RWN2	ZIF1		Helical			True
Q8RWQ9					True
Q8RWS6	FRO6	Cytoplasmic; Extracellular	Helical			True		True
Q8RX67	NPF5.11		Helical			True
Q8RX80	CRK18	Extracellular; Cytoplasmic	Helical		True	True		True
Q8RXE1	GAUT5	Cytoplasmic; Lumenal	Helical; Signal-anchor for type II membrane protein			True		True
Q8RXL7	ARL		Helical			True
Q8RXL8	UXT3		Helical			True
Q8RXP6	WAV2		Helical			True
Q8RXR2	CLC-F		Helical			True
Q8RXS1	PNSB4		Helical			True
Q8RXW0	RBL14		Helical			True
Q8S397	NHX4	Cytoplasmic; Vacuolar	Helical	Helical		True	True	True
Q8S8M0	WIH2		Helical			True
Q8S8M2	CLE16				True
Q8S8N9	GC1	Cytoplasmic; Lumenal	Helical; Signal-anchor for type II membrane protein			True		True
Q8S8Q6	TET8	Cytoplasmic; Extracellular	Helical			True		True
Q8S9L6	CRK29	Extracellular; Cytoplasmic	Helical		True	True		True
Q8VWI1	ERD2B		Helical			True
Q8VXX5	SKS1				True
Q8VY13	FRO8		Helical			True
Q8VYD8	ORLIKE		Helical			True
Q8VYE2	TIM50	Mitochondrial matrix; Mitochondrial intermembrane	Helical			True		True
Q8VYF9	SERGT1	Extracellular; Cytoplasmic	Helical		True	True		True
Q8VYG0	LRK10L-1.3	Extracellular; Cytoplasmic	Helical		True	True		True
Q8VYH2	SQE3		Helical			True
Q8VYL3	APA2				True
Q8VYP9	ICMEL1		Helical			True
Q8VYR9	KEA5		Helical		True	True
Q8VYS8	PAT09		Helical			True
Q8VYX0	ILL6				True
Q8VZ14	RMR2	Lumenal; Cytoplasmic	Helical		True	True		True
Q8VZA1	LAC11				True
Q8VZI8	FTSH10		Helical			True
Q8VZJ2					True
Q8VZJ7	P4H9	Cytoplasmic; Lumenal	Helical; Signal-anchor for type II membrane protein			True		True
Q8VZR2	ASD2				True
Q8VZZ4	ABCC6		Helical			True
Q8W037	NIP2-1		Helical			True
Q8W110	FRO4	Cytoplasmic; Lumenal	Helical			True		True
Q8W261	CLE19				True
Q8W469	SPPL2	Lumenal; Cytoplasmic	Helical		True	True		True
Q8W486	OFUT1	Cytoplasmic; Lumenal	Helical; Signal-anchor for type II membrane protein			True		True
Q8W4C8	ARL8C			Note=Mediates targeting to membranes			True
Q8W4D4	BAGP1		Helical			True
Q8W4E6	HPAT1		Helical; Signal-anchor			True
Q8W4G6	CRK15	Extracellular; Cytoplasmic	Helical		True	True		True
Q8W4H8	GLL23				True
Q8W4S6	CWINV6				True
Q93V72	PDCB4				True
Q93V74	CYCLASE1				True
Q93V93	PER44				True
Q93VC9	CATHB2				True
Q93VM8	COPT5		Helical			True
Q93WG3	CJD1	Stromal; Chloroplast intermembrane	Helical			True		True
Q93X94	EXL6				True
Q93XM7	BOU		Helical			True
Q93XY5	TOM2AH2	Cytoplasmic; Extracellular	Helical			True		True
Q93Y31	ARL8B			Note=Mediates targeting to membranes			True
Q93YS4	ABCG22		Helical			True
Q93Z08					True
Q93Z32	SPPL1	Lumenal; Cytoplasmic	Helical			True		True
Q93Z79	CYP714A1	Lumenal; Cytoplasmic	Helical; Signal-anchor for type III membrane protein			True		True
Q93Z92			Helical			True
Q93ZA3					True
Q93ZF5	PHO1-H1	Cytoplasmic; Extracellular	Helical			True		True
Q93ZH9	HHP1	Cytoplasmic; Extracellular	Helical			True		True
Q93ZR8	RRT2		Helical; Signal-anchor for type II membrane protein			True
Q93ZX7	GAUT4	Cytoplasmic; Lumenal	Helical; Signal-anchor for type II membrane protein			True		True
Q940M4	OCT7	Cytoplasmic; Extracellular	Helical			True		True
Q940P5	TOM2AH3	Cytoplasmic; Extracellular	Helical			True		True
Q941A0	SDH4		Helical			True
Q944H5	MTM1		Helical			True
Q944M5	SWEET4	Extracellular; Cytoplasmic	Helical			True		True
Q944N8	ENT6		Helical			True
Q949X9	LPR2				True
Q949Z1					True
Q94A18	ABCG29		Helical			True
Q94AL8	COR413IM1	Stromal; Chloroplast intermembrane	Helical			True		True
Q94AV5	WIP3		Helical			True
Q94AX3	LTPG16				True
Q94AZ2	STP13	Cytoplasmic; Extracellular	Helical			True		True
Q94B08	GCP1				True
Q94BQ5	FBP1		Helical		True	True
Q94BX4	PIGA	Cytoplasmic; Lumenal	Helical			True		True
Q94CD8					True
Q94CH5	EXL5				True
Q94CK3	FIS1B		Helical			True
Q94F20	DGR2				True
Q94GB1	PUP2		Helical			True
Q94KK5	SYP73	Cytoplasmic; Vesicular	Helical; Anchor for type IV membrane protein			True		True
Q94KK6	SYP72	Cytoplasmic; Vesicular	Helical; Anchor for type IV membrane protein			True		True
Q94KK7	SYP52	Cytoplasmic; Vesicular	Helical; Anchor for type IV membrane protein			True		True
Q96282	CLC-C		Helical			True
Q96316	UCC3				True
Q96326	CCME		Helical			True
Q96328	SAC8		Helical			True
Q96509	PER55				True
Q96510	PER35				True
Q96512	PER9				True
Q96518	PER16				True
Q96519	PER11				True
Q96522	PER45				True
Q9ASQ6	RFK1	Extracellular; Cytoplasmic	Helical		True	True		True
Q9C521	UDP-GALT1		Helical			True
Q9C554	EXPA1				True
Q9C565	RRG		Helical			True
Q9C5N2	TMN9	Lumenal; Cytoplasmic	Helical		True	True		True
Q9C5S0	AGP9				True
Q9C5V5	GLR2.8	Extracellular; Cytoplasmic	Helical		True	True		True
Q9C5W7	TOM2A	Cytoplasmic; Extracellular	Helical			True		True
Q9C5Z6	RPW8.2		Helical			True
Q9C6B2	NRAMP2		Helical			True
Q9C6E4	EXL1				True
Q9C6K9	LRK10L-1.1	Extracellular; Cytoplasmic	Helical		True	True		True
Q9C6P6	KRS				True
Q9C788	CYP704B1		Helical			True
Q9C7A2	ITN1		Helical			True
Q9C7F8	ABCB13		Helical			True
Q9C7H4	WSD2	Cytoplasmic; Lumenal	Helical			True		True
Q9C7N5					True
Q9C7S7	AERO1				True
Q9C7U5					True
Q9C821	PERK15	Extracellular; Cytoplasmic	Helical			True		True
Q9C835	CYP21-4		Helical; Signal-anchor for type II membrane protein			True
Q9C889	PRA1F2		Helical			True
Q9C8A4	AGP21				True
Q9C8H0	ABCC12		Helical			True
Q9C8H1	ABCC11		Helical			True
Q9C8J8	ABCG13		Helical			True
Q9C8W3	FUT13	Cytoplasmic; Lumenal	Helical; Signal-anchor for type II membrane protein			True		True
Q9C927	PAP5				True
Q9C992	KCS7		Helical			True
Q9C9H5	CEL3				True
Q9C9K5	PILS3	Lumenal; Cytoplasmic	Helical			True		True
Q9C9Q5	RRA2	Cytoplasmic; Lumenal	Helical; Signal-anchor for type II membrane protein			True		True
Q9C9Q6	RRA1	Cytoplasmic; Lumenal	Helical; Signal-anchor for type II membrane protein			True		True
Q9C9Y8			Helical		True	True
Q9CA25	LAX3	Cytoplasmic; Extracellular	Helical			True		True
Q9CA60	CYP98A9		Helical			True
Q9CA69	ROH1D		Helical			True
Q9CA71	FUT3	Cytoplasmic; Lumenal	Helical; Signal-anchor for type II membrane protein			True		True
Q9CA79	DPMS2		Helical			True
Q9CAC1	CEL1				True
Q9CAD6	CYP86A7		Helical			True
Q9CAH5	PPRD1		Helical			True
Q9CAK4	ROH1A		Helical			True
Q9CAL2	CRK3	Extracellular; Cytoplasmic	Helical		True	True		True
Q9CAN1	RBL2		Helical			True
Q9CAX3	CASP2	Cytoplasmic; Extracellular	Helical			True		True
Q9CAY3	GPAT5		Helical			True
Q9CAZ7	SSL5				True
Q9FDW8	CB5-A		Helical			True
Q9FDZ5	URGT6		Helical			True
Q9FEG2	TOM1	Cytoplasmic; Extracellular	Helical			True		True
Q9FF18	CYP735A1		Helical			True
Q9FF46	ABCG28		Helical			True
Q9FF77	PME47				True
Q9FF78	PME46		Helical			True
Q9FFE8	WSD8	Cytoplasmic; Lumenal	Helical			True		True
Q9FFH6	FLA13				True
Q9FFN4	BGAL6				True
Q9FFS0	RTNLB4		Helical			True
Q9FFZ7	CASP4	Cytoplasmic; Extracellular	Helical			True		True
Q9FG14	MYOB7		Helical			True
Q9FG24	SRF2	Extracellular; Cytoplasmic	Helical		True	True		True
Q9FG33	LECRKS5	Extracellular; Cytoplasmic	Helical		True	True		True
Q9FG35	TBR		Helical; Signal-anchor for type II membrane protein			True
Q9FGG1	EC1.5				True
Q9FGH4					True
Q9FGL2	TIP2-3	Cytoplasmic; Vacuolar	Helical			True		True
Q9FH27	KCS21		Helical			True
Q9FH66	CYP71A16		Helical			True
Q9FH75	GLR1.3	Extracellular; Cytoplasmic	Helical		True	True		True
Q9FH90	IRX14H	Cytoplasmic; Lumenal	Helical; Signal-anchor for type II membrane protein			True		True
Q9FHH5	GDU3	Extracellular; Cytoplasmic	Helical			True		True
Q9FHK7			Helical		True	True
Q9FHN4	PME60				True
Q9FHN5	PME59				True
Q9FHX2	MFL1		Helical			True
Q9FI03	NHL26	Cytoplasmic; Lumenal	Helical			True		True
Q9FI23	PDF1.2A				True
Q9FI31	XTH20				True
Q9FI79	TED7	Extracellular; Cytoplasmic	Helical			True		True
Q9FID8		Extracellular; Cytoplasmic	Helical		True	True		True
Q9FID9		Extracellular; Cytoplasmic	Helical		True	True		True
Q9FIF0	LECRK22	Extracellular; Cytoplasmic	Helical		True	True		True
Q9FIF1	LECRK21	Extracellular; Cytoplasmic	Helical		True	True		True
Q9FIH5	URGT3		Helical			True
Q9FIM2	FTSH9		Helical			True
Q9FJ13	COBL9				True
Q9FJ21	PME58				True
Q9FJD5	LAC17				True
Q9FJD6	RBOHH	Cytoplasmic; Extracellular	Helical			True		True
Q9FJI4	LECRK111	Extracellular; Cytoplasmic	Helical		True	True		True
Q9FJR1	PER65				True
Q9FJR5	PMEI12				True
Q9FJU9					True
Q9FJX6	FH6		Helical		True	True
Q9FK04	WSD10	Cytoplasmic; Lumenal	Helical			True		True
Q9FK05	PME61		Helical			True
Q9FK10			Helical		True	True
Q9FK16	AGP22				True
Q9FK28	MEMB12	Cytoplasmic; Vesicular	Helical; Anchor for type IV membrane protein			True		True
Q9FK29	UBC33		Helical			True
Q9FK66	RLP55	Extracellular; Cytoplasmic	Helical		True	True		True
Q9FK89	WSD9	Cytoplasmic; Lumenal	Helical			True		True
Q9FKH6			Helical		True	True
Q9FKL8	XTH13				True
Q9FKX4	PP2C79				True
Q9FKX5	ATL27		Helical			True
Q9FKY3	AVT3A	Cytoplasmic; Vacuolar	Helical			True		True
Q9FL16	PER63				True
Q9FL25	TPK2	Cytoplasmic	Helical	Pore-forming		True	True	True
Q9FL44	MPH1		Helical			True
Q9FL63		Extracellular; Cytoplasmic	Helical		True	True		True
Q9FLA5	ARAD2	Cytoplasmic; Lumenal	Helical; Signal-anchor for type II membrane protein			True		True
Q9FLC6	ATL73		Helical		True	True
Q9FLD7	GLCAT14A	Cytoplasmic; Lumenal	Helical; Signal-anchor for type II membrane protein			True		True
Q9FLG2	MRS2-2		Helical			True
Q9FLJ8		Extracellular; Cytoplasmic	Helical		True	True		True
Q9FLM3	PAT06		Helical			True
Q9FLV4		Extracellular; Cytoplasmic	Helical		True	True		True
Q9FLV5	PER61				True
Q9FLW2	FRO5	Cytoplasmic; Extracellular	Helical			True		True
Q9FM10	SWEET5	Extracellular; Cytoplasmic	Helical			True		True
Q9FM67	TIC20-V		Helical			True
Q9FM86			Helical			True
Q9FM99	ACA8				True
Q9FMA0	EXPA14				True
Q9FMH8	RD21B				True
Q9FMI7	PER70				True
Q9FMR0	PER60				True
Q9FMR5	VAMP714	Cytoplasmic; Vesicular	Helical; Anchor for type IV membrane protein			True		True
Q9FMV7	CYP94B1		Helical			True
Q9FMX3	STP11	Cytoplasmic; Extracellular	Helical			True		True
Q9FMY1	CYP86B1		Helical			True
Q9FN04	AAP4	Cytoplasmic; Extracellular	Helical			True		True
Q9FN92		Extracellular; Cytoplasmic	Helical		True	True		True
Q9FN93		Extracellular; Cytoplasmic	Helical		True	True		True
Q9FNA3	NAGLU				True
Q9FNB2	RRL		Helical			True
Q9FNC9	TOM9-2	Cytoplasmic; Mitochondrial intermembrane	Helical			True		True
Q9FNI7	CSLA2		Helical			True
Q9FPR2	AGP18				True
Q9FPS0	UBP27		Helical			True
Q9FT88	GNT2	Cytoplasmic; Lumenal	Helical; Signal-anchor for type II membrane protein			True		True
Q9FT97	AGAL1				True
Q9FVS9	CYP96A15		Helical			True
Q9FWX6	TPK4	Cytoplasmic	Helical	Pore-forming		True	True	True
Q9FWX8	ABCB12		Helical			True
Q9FWY9	GATL5	Cytoplasmic; Lumenal	Helical; Signal-anchor for type II membrane protein			True		True
Q9FX85	PER10				True
Q9FX97	FUT12	Cytoplasmic; Lumenal	Helical; Signal-anchor for type II membrane protein			True		True
Q9FX99		Extracellular; Cytoplasmic	Helical		True	True		True
Q9FXA7	RGXT3	Cytoplasmic; Lumenal	Helical; Signal-anchor for type II membrane protein			True		True
Q9FXE5	FXG1				True
Q9FXH5	PUP14		Helical			True
Q9FXH6	CNGC8	Cytoplasmic; Extracellular	Helical			True		True
Q9FY46	SULTR4;1		Helical			True
Q9FY51	HPAT3		Helical; Signal-anchor			True
Q9FY68	PUMP6		Helical			True
Q9FY75	POT7	Cytoplasmic; Extracellular	Helical			True		True
Q9FY78	LTPG29				True
Q9FYE3	ACA3				True
Q9FYE5	UUAT1		Helical			True
Q9FYG0	AGM2		Helical			True
Q9FYH7	VSR6	Lumenal; Cytoplasmic	Helical		True	True		True
Q9FYL6	KCR2		Helical			True
Q9FYL8	NFD2				True
Q9FYQ8	TMN11	Lumenal; Cytoplasmic	Helical		True	True		True
Q9FZ45	SHOU4L	Cytoplasmic; Extracellular	Helical			True		True
Q9FZ54	CEP13				True
Q9FZ96	PUP1		Helical			True
Q9FZB8		Extracellular; Cytoplasmic	Helical		True	True		True
Q9FZC7	FOX4				True
Q9FZE4	CLE9				True
Q9LD37	CNGC20	Stromal; Lumenal	Helical			True		True
Q9LD40	CNGC13	Cytoplasmic; Extracellular	Helical			True		True
Q9LDA4	PER38				True
Q9LDM5	CRK31	Extracellular; Cytoplasmic	Helical		True	True		True
Q9LDN1	CRK33	Extracellular; Cytoplasmic	Helical		True	True		True
Q9LDQ3	CRK34	Extracellular; Cytoplasmic	Helical		True	True		True
Q9LDR2	CNGC19	Cytoplasmic; Extracellular	Helical			True		True
Q9LDR4	FK		Helical			True
Q9LDR9	EXPA10				True
Q9LDS6	CRK32	Extracellular; Cytoplasmic	Helical		True	True		True
Q9LDT0	CRK30	Extracellular; Cytoplasmic	Helical		True	True		True
Q9LE56	LTPG3				True
Q9LEA3	LECRK56	Extracellular; Cytoplasmic	Helical		True	True		True
Q9LF06	POQ				True
Q9LF61	XPT		Helical			True
Q9LF80	XXT3	Cytoplasmic; Lumenal	Helical; Signal-anchor for type II membrane protein			True		True
Q9LFB8	NPF8.2		Helical			True
Q9LFD2	LAC8				True
Q9LFG1		Extracellular; Cytoplasmic	Helical		True	True		True
Q9LFH9	LECRK81	Extracellular; Cytoplasmic	Helical		True	True		True
Q9LFL0	CSLD2		Helical			True
Q9LFN5	GLR2.5	Extracellular; Cytoplasmic	Helical		True	True		True
Q9LFN8	GLR2.6	Extracellular; Cytoplasmic	Helical		True	True		True
Q9LFR3	GASA14				True
Q9LFV3	CRLK2		Helical			True
Q9LFW3	COBL4				True
Q9LHA7	PER31				True
Q9LHJ3	CYSTM9		Helical			True
Q9LI83	ALA10	Cytoplasmic; Extracellular	Helical			True		True
Q9LIC6	PRA1F3		Helical			True
Q9LIE4	PAT20		Helical			True
Q9LII0	ENODL5				True
Q9LIK7	ACA13	Cytoplasmic; Lumenal	Helical			True		True
Q9LIL4		Lumenal; Cytoplasmic	Helical		True	True		True
Q9LIN2					True
Q9LJD9	AGP12				True
Q9LJK2	CYP707A4		Helical			True
Q9LJR2	LEC				True
Q9LJS2	RLP41	Extracellular; Cytoplasmic	Helical		True	True		True
Q9LJU1	ENODL9				True
Q9LJV9		Lumenal; Cytoplasmic	Helical		True	True		True
Q9LJY5	CYP705A22		Helical			True
Q9LK03	PERK2	Extracellular; Cytoplasmic	Helical			True		True
Q9LK09	SYP32	Cytoplasmic; Vesicular	Helical; Anchor for type IV membrane protein			True		True
Q9LK25	PHB4	Mitochondrial matrix; Mitochondrial intermembrane	Helical; Signal-anchor for type II membrane protein			True		True
Q9LK29	CYC1-1	Mitochondrial intermembrane; Mitochondrial matrix	Helical			True		True
Q9LK62	ABCC7		Helical			True
Q9LKU2	TATA	Lumenal; Stromal	Helical			True		True
Q9LM25	HRD3A		Helical		True	True
Q9LM69	ATL80		Helical			True
Q9LMB9	CRK1	Extracellular; Cytoplasmic	Helical		True	True		True
Q9LMM0	GPAT4		Helical			True
Q9LMM1	CYP86A4		Helical			True
Q9LMM2	FRO1	Cytoplasmic; Lumenal	Helical			True		True
Q9LMP7	GOS11	Cytoplasmic; Vesicular	Helical; Anchor for type IV membrane protein			True		True
Q9LMS3	LAC1				True
Q9LMT9	WAKL13	Extracellular; Cytoplasmic	Helical		True	True		True
Q9LMU2	KTI5				True
Q9LMZ9	NRT2.2		Helical			True
Q9LN20	P4H3	Cytoplasmic; Lumenal	Helical; Signal-anchor for type II membrane protein			True		True
Q9LN49	KCS4		Helical			True
Q9LN62	RRA3	Cytoplasmic; Lumenal	Helical; Signal-anchor for type II membrane protein			True		True
Q9LN71			Helical			True
Q9LNF2	PMEI1				True
Q9LNH6	NPSN12	Cytoplasmic; Vesicular	Helical; Anchor for type IV membrane protein			True		True
Q9LNL0	PER8				True
Q9LNQ4	ALA4	Cytoplasmic; Extracellular	Helical			True		True
Q9LNV3	STP2	Cytoplasmic	Helical			True		True
Q9LNV9	RLP1	Extracellular; Cytoplasmic	Helical		True	True		True
Q9LPC3	SEC1A				True
Q9LPU2	URGT2		Helical			True
Q9LPU9	VTL1; 	Cytoplasmic; Vacuolar	Helical			True		True
Q9LPV5	NRT2.5		Helical			True
Q9LPZ3		Extracellular; Cytoplasmic	Helical		True	True		True
Q9LQU2	PCR1		Helical			True
Q9LQU4	PCR2		Helical			True
Q9LQY3		Lumenal; Cytoplasmic	Helical		True	True		True
Q9LRB5	LHT2	Cytoplasmic; Extracellular	Helical			True		True
Q9LRP3		Extracellular; Cytoplasmic	Helical		True	True		True
Q9LRS2	AXY4L	Cytoplasmic; Lumenal	Helical; Signal-anchor for type II membrane protein			True		True
Q9LRT1		Extracellular; Cytoplasmic	Helical		True	True		True
Q9LS46	ALMT9		Helical			True
Q9LS95	PERK6	Extracellular; Cytoplasmic	Helical			True		True
Q9LSP9	CTL2				True
Q9LSV3	WAKL16	Extracellular; Cytoplasmic	Helical		True	True		True
Q9LT68	NHD1		Helical			True
Q9LT91	PER66				True
Q9LTG0	BETA-OHASE 2		Helical			True
Q9LTP5	GRP5				True
Q9LTW0	ALIS1		Helical			True
Q9LTZ9	GALS2		Helical			True
Q9LU08	PROSCOOP10				True
Q9LUE3	SWEET10	Extracellular; Cytoplasmic	Helical			True		True
Q9LUH2	DTX19		Helical			True
Q9LUH9	EPFL5				True
Q9LUJ7	PAP85				True
Q9LUL8	PME26		Helical			True
Q9LUS7	RALF23				True
Q9LUV1	PMEI2				True
Q9LUZ6	PMR5		Helical; Signal-anchor for type II membrane protein			True
Q9LV11	AHA11	Cytoplasmic; Extracellular	Helical			True		True
Q9LV48	PERK1	Extracellular; Cytoplasmic	Helical			True		True
Q9LV72	GLR1.2	Extracellular; Cytoplasmic	Helical		True	True		True
Q9LV97	CLE21				True
Q9LVF4	DMP1		Helical			True
Q9LVH5	OEP64	Chloroplast intermembrane; Cytoplasmic	Helical			True		True
Q9LVJ1	SBT1.4				True
Q9LVK9	ALA7	Cytoplasmic; Extracellular	Helical			True		True
Q9LVL1	PER68				True
Q9LVL2	PER67				True
Q9LVM0			Helical		True	True
Q9LVP0		Extracellular; Cytoplasmic	Helical		True	True		True
Q9LVZ7	ROD1		Helical			True
Q9LW56	FAO3		Helical			True
Q9LW77	HRD1A	Cytoplasmic; Lumenal	Helical			True		True
Q9LXB8	PELPK1				True
Q9LXD9	PME51				True
Q9LXF3	CASP5	Cytoplasmic; Extracellular	Helical			True		True
Q9LXG3	PER56				True
Q9LXK7	PME32				True
Q9LXL9	NAC60		Helical			True
Q9LXS1	MTPA2	Cytoplasmic; Vacuolar	Helical			True		True
Q9LXT9	CALS3	Cytoplasmic; Extracellular	Helical			True		True
Q9LXW3	RDL3				True
Q9LY19	PME48				True
Q9LY32	AHA7	Cytoplasmic; Extracellular	Helical			True		True
Q9LY41	ATL4		Helical			True
Q9LY71	CKX6				True
Q9LY77	ACA12	Cytoplasmic; Lumenal	Helical			True		True
Q9LY91	AGP6				True
Q9LYD8	GULLO3				True
Q9LYF6	AGP15				True
Q9LYG9	MSL10		Helical			True
Q9LYK2	NRT2.7		Helical			True
Q9LYQ2	LAC13				True
Q9LYS2	ABCC10		Helical			True
Q9LYT5	PME35				True
Q9LYW9	P58IPK				True
Q9LZ76	VTE5		Helical			True
Q9LZJ5	ABCC14		Helical			True
Q9LZJ6	ATL5		Helical			True
Q9LZJ7	PRP3				True
Q9LZM4	WAKL20	Extracellular; Cytoplasmic	Helical		True	True		True
Q9LZU9	RBOHJ	Cytoplasmic; Extracellular	Helical			True		True
Q9LZX4	FLA10				True
Q9M038	SFC1		Helical			True
Q9M088					True
Q9M0A1	ENODL12				True
Q9M0A4	CNGC9	Cytoplasmic; Extracellular	Helical			True		True
Q9M0D2	XTH18				True
Q9M0I0	LLG3				True
Q9M0M2	ABCB9		Helical			True
Q9M0S4	AGP10				True
Q9M0X5	CRK25	Extracellular; Cytoplasmic	Helical		True	True		True
Q9M0Y3	ENT3		Helical			True
Q9M115	PAT18		Helical			True
Q9M175	NPF2.3		Helical			True
Q9M1B4	SSL13				True
Q9M1C7	ABCC9		Helical			True
Q9M1G3	LECRK16	Extracellular; Cytoplasmic	Helical		True	True		True
Q9M1G9	EXT2				True
Q9M1I6	SDP1L		Helical			True
Q9M1K5	PAT04		Helical			True
Q9M1Z9	LECRK58	Extracellular; Cytoplasmic	Helical		True	True		True
Q9M2A0	AHA8	Cytoplasmic; Extracellular	Helical			True		True
Q9M2P2	MTPC3	Cytoplasmic; Vacuolar	Helical			True		True
Q9M2Y0	PSK3				True
Q9M2Z8	MPT2	Mitochondrial intermembrane; Mitochondrial matrix	Helical			True		True
Q9M306	PAT05		Helical			True
Q9M325	IPCS1		Helical			True
Q9M342	WAKL15	Extracellular; Cytoplasmic	Helical		True	True		True
Q9M373	AGP20				True
Q9M376	VAMP727	Cytoplasmic; Vesicular	Helical; Anchor for type IV membrane protein			True		True
Q9M3B2	WSD5	Cytoplasmic; Lumenal	Helical			True		True
Q9M3D6	ABCG19		Helical			True
Q9M3D7	LECRK14	Extracellular; Cytoplasmic	Helical		True	True		True
Q9M5P2	SCAMP3	Cytoplasmic	Helical			True		True
Q9M5P3	CCDA	Lumenal, thylakoid; Stromal	Helical			True		True
Q9M643	CPI1		Helical			True
Q9M6N7	AMT2		Helical			True
Q9M812	CURT1C	Stromal; Lumenal	Helical			True		True
Q9M817	NPF1.2		Helical			True
Q9M895	FTSHI3		Helical			True
Q9M8Y5	LTL1				True
Q9M9N9	AXY9	Cytoplasmic; Lumenal	Helical			True		True
Q9M9Q9	PER5				True
Q9M9S2	AT59				True
Q9M9S4		Extracellular; Cytoplasmic	Helical		True	True		True
Q9M9U0	XXT4	Cytoplasmic; Lumenal	Helical; Signal-anchor for type II membrane protein			True		True
Q9M9V7	NPF2.9		Helical			True
Q9M9W7	PME22				True
Q9M9Y5	GAUT6	Cytoplasmic; Lumenal	Helical; Signal-anchor for type II membrane protein			True		True
Q9MA44	SPPL5	Lumenal; Cytoplasmic	Helical		True	True		True
Q9MAP7	SBT3.5				True
Q9MAS5	VAMP726	Cytoplasmic; Vesicular	Helical; Anchor for type IV membrane protein			True		True
Q9S6Z8	TPK5	Stromal	Helical	Pore-forming		True	True	True
Q9S735	PHT1-9	Cytoplasmic; Extracellular	Helical			True		True
Q9S7I3	LTP2				True
Q9S9N5	CNGC7	Cytoplasmic; Extracellular	Helical			True		True
Q9S9U0	CALS11	Cytoplasmic; Extracellular	Helical			True		True
Q9S9U1	LECRK71	Extracellular; Cytoplasmic	Helical		True	True		True
Q9SA72		Extracellular; Cytoplasmic	Helical		True	True		True
Q9SAC0	Z-ISO		Helical			True
Q9SAH5	PLMT	Lumenal; Cytoplasmic	Helical	Helical		True	True	True
Q9SAI4	NIP6-1		Helical			True
Q9SAK7	OCT5	Cytoplasmic; Extracellular	Helical			True		True
Q9SAY1	SULTR1;1	Cytoplasmic; Extracellular	Helical			True		True
Q9SB38	PMEI4				True
Q9SB52	PUMP4		Helical			True
Q9SB58	PAT08		Helical			True
Q9SCT4	IMK2	Extracellular; Cytoplasmic	Helical		True	True		True
Q9SCV0	BGAL12				True
Q9SCV4	BGAL8				True
Q9SCV8	BGAL4				True
Q9SCV9	BGAL3				True
Q9SCW1	BGAL1				True
Q9SD00	MSSP3		Helical			True
Q9SD12	PP2C46				True
Q9SD67	FTSH7		Helical			True
Q9SDQ4	GLR3.7	Extracellular; Cytoplasmic	Helical		True	True		True
Q9SF09	ANT1	Cytoplasmic; Lumenal	Helical			True		True
Q9SFG0	STP6	Cytoplasmic	Helical			True		True
Q9SFX3	OST1A	Lumenal; Cytoplasmic	Helical		True	True		True
Q9SG77	PME24		Helical			True
Q9SG94	MAN3				True
Q9SGD2	GALT29A	Cytoplasmic; Lumenal	Helical; Signal-anchor for type II membrane protein			True		True
Q9SGG3	ALA5	Cytoplasmic; Extracellular	Helical			True		True
Q9SGI7	LYK2	Extracellular; Cytoplasmic	Helical		True	True		True
Q9SGP2	HSL1	Extracellular; Cytoplasmic	Helical		True	True		True
Q9SGY1	ABCB10		Helical			True
Q9SGY7	PERK11	Extracellular; Cytoplasmic	Helical			True		True
Q9SH59	RTNLB3		Helical			True
Q9SH76	AHA6	Cytoplasmic; Extracellular	Helical			True		True
Q9SHE8	PSAF		Helical			True
Q9SHJ3	CALS7	Cytoplasmic; Extracellular	Helical			True		True
Q9SHJ6	PMD2	Cytoplasmic; Mitochondrial intermembrane	Helical			True		True
Q9SHV1	GLR2.2	Extracellular; Cytoplasmic	Helical		True	True		True
Q9SHV2	GLR2.3	Extracellular; Cytoplasmic	Helical		True	True		True
Q9SI16	PER15				True
Q9SI17	PER14				True
Q9SI57	GLV6				True
Q9SI72	PMEI9				True
Q9SI74	PMEI10				True
Q9SIA5	DTX1		Helical			True
Q9SIA8	DIR10				True
Q9SIH2	DOT1				True
Q9SIY7	PRA1B2		Helical			True
Q9SIY8	LAC5				True
Q9SJ23	EC1.3				True
Q9SJ24	EC1.2				True
Q9SJ81	FLA7				True
Q9SJA1	UBP19		Helical			True
Q9SJA4	CNGC14	Cytoplasmic; Extracellular	Helical			True		True
Q9SJB3	AHA5	Cytoplasmic; Extracellular	Helical			True		True
Q9SJL6	MEMB11	Cytoplasmic; Vesicular	Helical; Anchor for type IV membrane protein			True		True
Q9SJL9	XTH32				True
Q9SJP2	FUT4	Cytoplasmic; Lumenal	Helical; Signal-anchor for type II membrane protein			True		True
Q9SJP9	PROT3		Helical			True
Q9SJQ1	PXC1	Extracellular; Cytoplasmic	Helical		True	True		True
Q9SJT0		Extracellular; Cytoplasmic	Helical		True	True		True
Q9SJY7	AGP2				True
Q9SK52	PER18				True
Q9SK92	ATL15		Helical		True	True
Q9SKA9	CHX21		Helical			True
Q9SKD6	CNGC11	Cytoplasmic; Extracellular	Helical			True		True
Q9SKD7	CNGC3	Cytoplasmic; Extracellular	Helical			True		True
Q9SKJ5	CESA10	Cytoplasmic; Extracellular	Helical			True		True
Q9SKX0	ABCC13		Helical			True
Q9SKX2	PME16				True
Q9SKX9	CYSTM6		Helical			True
Q9SKZ5			Helical			True
Q9SLA2	VHA-c''2	Lumenal; Cytoplasmic	Helical			True		True
Q9SLC3	ATL41		Helical			True
Q9SLD9	CGF2		Helical			True
Q9SLK2	ALIS3		Helical			True
Q9SLP1	CYP78A9		Helical			True
Q9SMP1	XTH11				True
Q9SMY6	PME45		Helical			True
Q9SMY7	PME44				True
Q9SN27	ATL59		Helical			True
Q9SN46	LRX5				True
Q9SNA3		Extracellular; Cytoplasmic	Helical		True	True		True
Q9SQH9	AMT1-3		Helical			True
Q9SR87	LECRK61	Extracellular; Cytoplasmic	Helical		True	True		True
Q9SRD3	VTL2	Cytoplasmic; Vacuolar	Helical			True		True
Q9SRD8	EC1.1				True
Q9SRK7	AZG1		Helical			True
Q9SRV7	SYP131	Cytoplasmic; Vesicular	Helical; Anchor for type IV membrane protein			True		True
Q9SRX4	PME7				True
Q9SRY4	LPA1		Helical			True
Q9SS39	KCS14		Helical		True	True
Q9SS67	PER28				True
Q9SS86		Cytoplasmic; Extracellular	Helical			True		True
Q9STI6	GAE5		Helical			True
Q9STJ8		Extracellular; Cytoplasmic	Helical		True	True		True
Q9STL5	CEP3				True
Q9STQ3	AGP13				True
Q9STX9	TIP5-1		Helical			True
Q9STY3	PME33				True
Q9STY5	PMEI11				True
Q9SU13	FLA2				True
Q9SU34					True
Q9SU58	AHA4	Cytoplasmic; Extracellular	Helical			True		True
Q9SU64	CNGC16	Cytoplasmic; Extracellular	Helical			True		True
Q9SUC6	FAD-OXR				True
Q9SUI4	PSAL	Stromal; Lumenal	Helical			True		True
Q9SUL1	RD19C				True
Q9SUQ3			Helical		True	True
Q9SUQ7	CHX17		Helical			True
Q9SUS9	RDL5				True
Q9SUT0	RDL4				True
Q9SUT2	PER39				True
Q9SUT8	RBOHI	Cytoplasmic; Extracellular	Helical			True		True
Q9SV05					True
Q9SV13	SULTR3;1	Cytoplasmic; Extracellular	Helical			True		True
Q9SV61	XTH1				True
Q9SV77	UND				True
Q9SVC4	OEP7	Chloroplast intermembrane; Cytoplasmic	Helical			True		True
Q9SVG0	AVT3C	Cytoplasmic; Vacuolar	Helical			True		True
Q9SVU4	TOM2AH1	Cytoplasmic; Extracellular	Helical			True		True
Q9SVV2	XTH26				True
Q9SW17	RBOHG	Cytoplasmic; Extracellular	Helical			True		True
Q9SX20	NPF3.1		Helical			True
Q9SXB4		Extracellular; Cytoplasmic	Helical		True	True		True
Q9SXB5		Extracellular; Cytoplasmic	Helical		True	True		True
Q9SXB6	MLO2	Extracellular; Cytoplasmic	Helical			True		True
Q9SXC9	MNS5	Cytoplasmic; Lumenal	Helical; Signal-anchor for type II membrane protein			True		True
Q9SY33	PER7				True
Q9SY89		Extracellular; Cytoplasmic	Helical		True	True		True
Q9SYA0		Extracellular; Cytoplasmic	Helical		True	True		True
Q9SYG9	CCX4		Helical			True
Q9SYI3	ABCB5		Helical			True
Q9SYS3	CRK40	Extracellular; Cytoplasmic	Helical		True	True		True
Q9SYS7	CRK39	Extracellular; Cytoplasmic	Helical		True	True		True
Q9SYY4	HOS3		Helical			True
Q9SYZ0	KCS16		Helical		True	True
Q9SZ51	ENODL15				True
Q9SZB9	PER47				True
Q9SZD5	LECRK59	Extracellular; Cytoplasmic	Helical		True	True		True
Q9SZE7	PER51				True
Q9SZH2	PER43				True
Q9SZL9	CSLD4		Helical			True
Q9SZR1	ACA10	Cytoplasmic; Lumenal	Helical			True		True
Q9SZU1	CYP81F4		Helical			True
Q9SZY4	NPF6.2		Helical			True
Q9SZY7	VHA-c''1	Lumenal; Cytoplasmic	Helical			True		True
Q9T020		Extracellular; Cytoplasmic	Helical		True	True		True
Q9T039	EC1.4				True
Q9T042	PDIL5-4		Helical		True	True
Q9T058		Extracellular; Cytoplasmic	Helical		True	True		True
Q9T076	ENODL2				True
Q9T093	CYP709B3		Helical			True
Q9T0F7	GXM2		Helical			True
Q9T0J1	CRK26	Extracellular; Cytoplasmic	Helical		True	True		True
Q9T0K5	LRX3				True
Q9T6H8	CCMFN1; 		Helical			True
Q9XEC7	CRK37	Extracellular; Cytoplasmic	Helical		True	True		True
Q9XEC8	CRK38	Extracellular; Cytoplasmic	Helical		True	True		True
Q9XES1	ECA4	Cytoplasmic; Lumenal	Helical			True		True
Q9XF92	BRH1		Helical			True
Q9XFR0	KCO3	Cytoplasmic	Helical	Pore-forming		True	True	True
Q9XI23	BOR4	Cytoplasmic; Extracellular	Helical			True		True
Q9XI60	LPP2		Helical			True
Q9XI62	APY3	Cytoplasmic; Extracellular	Helical; Signal-anchor for type II membrane protein			True		True
Q9XI80	FUT6	Cytoplasmic; Lumenal	Helical; Signal-anchor for type II membrane protein			True		True
Q9XI96	PERK7	Extracellular; Cytoplasmic	Helical			True		True
Q9XI99	USPL1				True
Q9XID3		Extracellular; Cytoplasmic	Helical		True	True		True
Q9XIW1	XTH5				True
Q9ZNR0	CYP78A6		Helical			True
Q9ZNT7	PHB2	Mitochondrial matrix; Mitochondrial intermembrane	Helical; Signal-anchor for type II membrane protein			True		True
Q9ZNV4	CYTB5-C		Helical			True
Q9ZPE7	EXO				True
Q9ZPS7	TMN3	Lumenal; Cytoplasmic	Helical		True	True		True
Q9ZPY2	LAC6				True
Q9ZQG9					True
Q9ZQI0	EPR1				True
Q9ZQI8	LTPG11				True
Q9ZQQ7		Extracellular; Cytoplasmic	Helical		True	True		True
Q9ZQZ8	SYP123	Cytoplasmic; Vesicular	Helical; Anchor for type IV membrane protein			True		True
Q9ZQZ9	TIC20-IV		Helical			True
Q9ZR08		Extracellular; Cytoplasmic	Helical		True	True		True
Q9ZSI1	EXPA17				True
Q9ZSP5	AIR3				True
Q9ZT07	RKS1	Extracellular; Cytoplasmic	Helical		True	True		True
Q9ZT16	AGP4				True
Q9ZT49	ATL45		Helical			True
Q9ZU40	QSOX2				True
Q9ZU49	LPP1		Helical			True
Q9ZU82	RPH1		Helical			True
Q9ZU91					True
Q9ZU94	PDLP6	Extracellular; Cytoplasmic	Helical		True	True		True
Q9ZUA0	OST1B	Lumenal; Cytoplasmic	Helical		True	True		True
Q9ZUF6	SBT1.8				True
Q9ZUT8	ABCG33		Helical			True
Q9ZUV3	IRX7	Cytoplasmic; Lumenal	Helical; Signal-anchor for type II membrane protein			True		True
Q9ZUX1	CYP94C1		Helical			True
Q9ZV28	CYP710A4		Helical			True
Q9ZV52	EGC2				True
Q9ZV53	ATL49		Helical			True
Q9ZV87			Helical			True
Q9ZVA2					True
Q9ZVA4					True
Q9ZVA7	SHOU4	Cytoplasmic; Extracellular	Helical			True		True
Q9ZVE7	CRR3		Helical			True
Q9ZVF7	ESMD1	Cytoplasmic; Lumenal	Helical; Signal-anchor for type II membrane protein			True		True
Q9ZVI7	GAUT7	Cytoplasmic; Lumenal	Helical; Signal-anchor for type II membrane protein			True		True
Q9ZVK1	XTH10				True
Q9ZVK6	SUC8	Cytoplasmic; Extracellular	Helical			True		True
Q9ZVL6			Helical			True
Q9ZW11	LECRK32	Extracellular; Cytoplasmic	Helical		True	True		True
Q9ZW95	CYP735A2		Helical			True
Q9ZWA8	FLA9				True
Q9ZWG1	PUMP2		Helical			True
Q9ZWT2	CYTB5-D		Helical			True
A0A140JWM8	CYP716A2		Helical			True
A0A178U9T0	PROSCOOP16				True
A0A1P8AVP6	PROSCOOP22				True
A0A1P8B1G7	PROSCOOP21				True
A0A1P8B8F8	XYN5				True
A0A1P8BD36	PROSCOOP19				True
A0A1P8BH24	PROSCOOP18				True
A0JJX5	SYT4		Helical			True
A5PHT0	RWK1	Extracellular; Cytoplasmic	Helical		True	True		True
A8MQM2	RALFL6				True
A8MQS5	PROSCOOP9				True
A8MRC6	LURE1.5				True
A8MRC7	B3GALT2		Helical; Signal-anchor for type II membrane protein			True
A8MRD4	RALFL7				True
A8MRM1	RALFL16				True
A8MRU6	PROSCOOP11				True
B0F9L7	GC2		Helical			True
B3H4K7	PPI2		Helical			True
B3H587	LTPG8				True
B3H5Q1	BGLU11				True
B3H5R0					True
B3H707	RBL17		Helical			True
B3LFA3		Extracellular; Cytoplasmic	Helical			True		True
B5X570	NAC014		Helical			True
B7ZWR7	OFUT7		Helical; Signal-anchor for type II membrane protein			True
B9DFI7		Cytoplasmic; Lumenal	Helical; Signal-anchor for type II membrane protein			True		True
C0LGG4		Extracellular; Cytoplasmic	Helical		True	True		True
D5K211	RTM2		Helical			True
D9UBX4	RTM2		Helical			True
D9UBX6	RTM2		Helical			True
D9UC01	RTM2		Helical			True
F4HPF1	SBT3.4				True
F4HSQ2	SBT5.1				True
F4HSU3	OFUT6		Helical; Signal-anchor for type II membrane protein			True
F4HT41	SAMC2		Helical			True
F4HTV4	RLP14	Extracellular; Cytoplasmic	Helical		True	True		True
F4HV09					True
F4HWB6	PILS1	Lumenal; Cytoplasmic	Helical			True		True
F4HXW9	OFUT4		Helical; Signal-anchor for type II membrane protein			True
F4HYR4	OFUT15		Helical; Signal-anchor for type II membrane protein			True
F4HZB9	LTPG19				True
F4HZC3	GUX5		Helical; Signal-anchor for type II membrane protein			True
F4HZX7	OFUT8		Helical; Signal-anchor for type II membrane protein			True
F4HZZ4	RMR6	Lumenal; Cytoplasmic	Helical		True	True		True
F4HZZ5	RMR5	Lumenal; Cytoplasmic	Helical		True	True		True
F4I214	TET10	Cytoplasmic; Extracellular	Helical			True		True
F4I2Y3	RMR3	Lumenal; Cytoplasmic	Helical		True	True		True
F4I5D5			Helical			True
F4I8H8	GDPD4		Helical			True
F4I8K2	KOM		Helical			True
F4I9S3	RLP9A	Extracellular; Cytoplasmic	Helical		True	True		True
F4IAL1	OFUT2		Helical; Signal-anchor for type II membrane protein			True
F4IBD7	OSCA2.1		Helical			True
F4IBG4	PROSCOOP17				True
F4IBJ3	EXPB6				True
F4IG09	SBT4.1				True
F4IH21	TBL33	Cytoplasmic; Lumenal	Helical; Signal-anchor for type II membrane protein			True		True
F4ILY9	AVT3B	Cytoplasmic; Vacuolar	Helical			True		True
F4IME1	MSL7		Helical			True
F4IN58			Helical			True
F4INW9	MYOB4		Helical			True
F4IQG2			Helical			True
F4IUE7	COV1	Cytoplasmic; Extracellular	Helical			True		True
F4IVN9	ENODL20				True
F4J0A8	P4H6	Cytoplasmic; Lumenal	Helical; Signal-anchor for type II membrane protein			True		True
F4J6T7	XYL2				True
F4J7T6	RLP39	Extracellular; Cytoplasmic	Helical		True	True		True
F4J9A8	RLP45	Extracellular; Cytoplasmic	Helical		True	True		True
F4JA91	SBT4.5				True
F4JBM4	RBL4		Helical			True
F4JEQ1	GDPDL5		Helical		True	True
F4JH46	DTX34		Helical			True
F4JIG1	LTPG25				True
F4JJH4	SBT3.1				True
F4JJH5	SBT3.12				True
F4JJL8	SBT3.15				True
F4JKQ7		Extracellular; Cytoplasmic	Helical			True		True
F4JL89	ATA7				True
F4JMI5	PGSIP7		Helical			True
F4JMJ1	HSP70-17				True
F4JN00		Cytoplasmic; Lumenal	Helical			True		True
F4JNL3	RDL6				True
F4JNU8	P4H8	Cytoplasmic; Lumenal	Helical; Signal-anchor for type II membrane protein			True		True
F4JRC5	PIP2				True
F4JRE0	TMN12	Lumenal; Cytoplasmic	Helical		True	True		True
F4JZ24	P4H10	Lumenal	Helical; Signal-anchor for type II membrane protein			True		True
F4K1B4	NEAP2		Helical			True
F4K2U8	CAND8		Helical			True
F4K4T3	RLP56	Extracellular; Cytoplasmic	Helical		True	True		True
F4K5L5	TBL16		Helical; Signal-anchor for type II membrane protein			True
F4K6R7	ENODL21				True
F4K956	A70		Helical			True
F4KB79	GLV9				True
F4KBM7	AVT6B		Helical			True
F4KDA6	LPA2		Helical			True
F4KEL0	SBT5.5				True
F4KF16	OFUT38		Helical; Signal-anchor for type II membrane protein			True
F4KGD4	SBT4.7				True
F4KHA2	RLP54	Extracellular; Cytoplasmic	Helical		True	True		True
O04084	SCPL31				True
O04086		Extracellular; Cytoplasmic	Helical		True	True		True
O04089	ZIP4	Lumenal; Cytoplasmic	Helical			True		True
O04249	STP7	Cytoplasmic	Helical			True		True
O04253	GATL6	Lumenal	Helical; Signal-anchor for type II membrane protein			True		True
O04289	SULTR3;2	Cytoplasmic; Extracellular	Helical			True		True
O04478	KOR2	Cytoplasmic; Extracellular	Helical; Signal-anchor for type II membrane protein			True		True
O04496	AED3				True
O04500	COBL6				True
O04514	OPT2		Helical			True
O04536	GATL9	Cytoplasmic; Lumenal	Helical; Signal-anchor for type II membrane protein			True		True
O22187		Extracellular; Cytoplasmic	Helical		True	True		True
O22194	AGP17				True
O22244	PMEI6				True
O22255	ATL64		Helical			True
O22285		Cytoplasmic; Lumenal	Helical; Signal-anchor for type II membrane protein			True		True
O22397	POT1	Cytoplasmic; Extracellular	Helical			True		True
O22588	TIP3-2	Cytoplasmic; Vacuolar	Helical			True		True
O22622	DAD2	Cytoplasmic; Lumenal	Helical			True		True
O22757	MLO8	Extracellular; Cytoplasmic	Helical			True		True
O22802	CYSTM7		Helical			True
O22815	MLO5	Extracellular; Cytoplasmic	Helical			True		True
O22824	FH2		Helical		True	True
O22841					True
O22842					True
O22866	ATTI2				True
O22867	ATTI3				True
O22869	ATTI6				True
O22874	EXPA8				True
O22882	CEP15				True
O22960	TBL37		Helical; Signal-anchor for type II membrane protein			True
O23039	ZIP5	Extracellular; Cytoplasmic	Helical		True	True		True
O23262	RALFL32				True
O23357	SBT4.2				True
O23364	SCPL30				True
O23386	CSLB6		Helical			True
O24598					True
O24654					True
O24658					True
O48639	PHT1-3	Cytoplasmic; Extracellular	Helical			True		True
O48671	RER1B		Helical			True
O48684	GATL8	Cytoplasmic; Lumenal	Helical; Signal-anchor for type II membrane protein			True		True
O48779	BGLU33				True
O48788			Helical		True	True
O48850	VAMP725	Cytoplasmic; Vesicular	Helical; Anchor for type IV membrane protein			True		True
O48962			Helical			True
O49195	VSP1				True
O49313			Helical			True
O49318		Extracellular; Cytoplasmic	Helical		True	True		True
O49320	RALFL18				True
O49323	CSLD1		Helical			True
O49325	RLP28	Extracellular; Cytoplasmic	Helical		True	True		True
O49352	BG4				True
O49353	BG5				True
O49423	POT9	Cytoplasmic; Extracellular	Helical			True		True
O49435	MCTP11		Helical			True
O49460	PHB1	Mitochondrial matrix; Mitochondrial intermembrane	Helical; Signal-anchor for type II membrane protein			True		True
O49586	FLA5				True
O49603	C/VIF2				True
O49607	SBT1.6				True
O49621	MLO1	Extracellular; Cytoplasmic	Helical			True		True
O49644	LTPG27				True
O49645	LTPG33				True
O49691	ATL29		Helical			True
O49722	PUP6		Helical			True
O49725	PUP10		Helical			True
O49730	TRANS11		Helical			True
O64479	PME10				True
O64481	SBT2.5				True
O64492	MCTP10		Helical			True
O64497	TOM9-1	Cytoplasmic; Mitochondrial intermembrane	Helical			True		True
O64510					True
O64515	OCT2	Cytoplasmic; Extracellular	Helical			True		True
O64635	CYP76C4		Helical			True
O64636	CYP76C1		Helical			True
O64637	CYP76C2		Helical			True
O64639		Extracellular; Cytoplasmic	Helical			True		True
O64725			Helical			True
O64745					True
O64759	CAT5	Cytoplasmic; Extracellular	Helical			True		True
O64762	ATL38		Helical			True
O64769	POT11	Cytoplasmic; Extracellular	Helical			True		True
O64823	MCU3		Helical			True
O64837	RTNLB13		Helical			True
O64882	BGLU17				True
O64886	COX10		Helical			True
O65023	EAAC		Helical			True
O65252					True
O65388					True
O65402	SQE6		Helical			True
O65403	SQE4		Helical			True
O65404	SQE5		Helical			True
O65413	STP12	Cytoplasmic	Helical			True		True
O65458	BGLU3				True
O65469	CRK9				True
O65688	SQS2		Helical			True
O65709	FAO4A		Helical			True
O65785	CYP71B3		Helical			True
O65787	CYP71B6		Helical			True
O65788	CYP71B2		Helical			True
O80505			Helical			True
O80580	MLO15	Extracellular; Cytoplasmic	Helical			True		True
O80622	EXPA15				True
O80623		Extracellular; Cytoplasmic	Helical		True	True		True
O80638			Helical			True
O80731	PAE3				True
O80739	POT12	Cytoplasmic; Extracellular	Helical			True		True
O80760	PGL2				True
O80891	CSLB4		Helical			True
O80898	CSLB1		Helical			True
O80899	CSLB2		Helical			True
O80905	IREG1		Helical			True
O80919	TBL34		Helical; Signal-anchor for type II membrane protein			True
O80927	ATL33		Helical			True
O80932	EXPA3				True
O80946	ABCG1		Helical			True
O80994	PDF1.2B				True
O80995	PDF1.3				True
O81003	PSK2				True
O81006	FAD4L2		Helical			True
O81009	SCPL12				True
O81032	GULLO6				True
O81053	FUT2	Cytoplasmic; Lumenal	Helical; Signal-anchor for type II membrane protein			True		True
O81072	GT11	Cytoplasmic; Lumenal	Helical; Signal-anchor for type II membrane protein			True		True
O81123	ZIP1	Extracellular; Cytoplasmic	Helical		True	True		True
O81312	GAE3		Helical			True
O81898	DEAL2		Helical		True	True
O82081	UCC1				True
O82083	ENODL18				True
O82229	SCPL23				True
O82353	ATL67		Helical			True
O82485	OPT7		Helical			True
O82643	ZIP9	Cytoplasmic; Extracellular	Helical			True		True
O82756	RBL7		Helical			True
O82772	BGLU25				True
P0C034	ATL10		Helical			True
P0C035	ATL60		Helical			True
P0C041	ATL53		Helical			True
P0CG07	SCRA				True
P0CG16	CHX6b		Helical			True
P0CH01	ATL21A		Helical		True	True
P0CH02	ATL21B		Helical		True	True
P0CH03	ATL21C		Helical		True	True
P0CW77	HMA3	Cytoplasmic; Extracellular	Helical			True		True
P0DI78			Helical			True
P0DI79			Helical			True
P0DKJ6					True
P0DN99	CEP12				True
P0DO45	ATP6		Helical			True
P0DO60	PROSCOOP3				True
P15457	AT2S1				True
P15458	AT2S2				True
P15459	AT2S3				True
P15460	AT2S4				True
P32826	SCPL49				True
P35402	ERD2A	Lumenal; Cytoplasmic	Helical			True		True
P38389		Cytoplasmic	Helical			True		True
P40602	APG				True
P42815	RNS3				True
P46687	GASA3				True
P46688	GASA2				True
P54969	ILL1				True
P56752	ndhF		Helical			True
P56758	atpI		Helical			True
P56759	atpF		Helical			True
P56760	atpH		Helical			True
P56774	petD		Helical			True
P56776	petL		Helical			True
P56783	cemA		Helical			True
P56788	ycf4		Helical			True
P58045	CYP71A14		Helical			True
P58046	CYP71A15		Helical			True
P58048	CYP71B8		Helical			True
P58050	CYP71B13		Helical			True
P58051	CYP71B14		Helical			True
P59277	SYP81	Cytoplasmic	Helical; Anchor for type IV membrane protein			True		True
P59833					True
P60300	CLC-G		Helical			True
P62095	psbF		Helical			True
P82624	SCRL5				True
P82773	PDF3.2				True
P82784	LCR75				True
P82787	PDF1.4				True
P82789	PDF3.1				True
P92935	AATP2		Helical			True
P92976	SSL11				True
P92982	PGL1				True
P92995	GLP1				True
P92997	GLP6				True
P92998	GLP7				True
P92999	GLP2A				True
P93000	GLP8				True
P93013	AGP30				True
P93051			Helical			True
P93280	CCMB		Helical			True
P93312	YMF16		Helical			True
P93823	ATL1		Helical			True
Q00762	A9				True
Q0V7R1	GATL3	Cytoplasmic; Lumenal	Helical; Signal-anchor for type II membrane protein			True		True
Q0WP01	NPF5.10		Helical			True
Q0WP96	PGR		Helical			True
Q0WPR4	SCPL34				True
Q0WPS0	TBL14		Helical; Signal-anchor for type II membrane protein			True
Q0WPW5	RMR4	Lumenal; Cytoplasmic	Helical		True	True		True
Q0WQ63			Helical			True
Q0WRB9	PUP8		Helical			True
Q0WRW8			Helical		True	True
Q0WRX3	SCPL40				True
Q0WSF1	ALDH22A1				True
Q0WSZ6	NPF5.13		Helical			True
Q0WT31		Cytoplasmic; Lumenal	Helical; Signal-anchor for type II membrane protein			True		True
Q0WT40	CSLB5		Helical			True
Q0WTF4	CYP81F3		Helical			True
Q0WU02	MTP10	Cytoplasmic; Vacuolar	Helical			True		True
Q0WUC5	ALB3L3		Helical			True
Q0WUZ5	OFUT39		Helical; Signal-anchor for type II membrane protein			True
Q0WV96	NAC001		Helical			True
Q0WVN5	CSLG3		Helical			True
Q0WWW9			Helical			True
Q1ECR9	RALFL8				True
Q1G2Y5	LTPG21				True
Q1G3E7	PROSCOOP23				True
Q1G3K7	PRA1C		Helical			True
Q1H5C9	OEP24A	Cytoplasmic; Chloroplast intermembrane	Beta stranded			True		True
Q1HDT2	CHX24		Helical			True
Q1HDT3	CHX16		Helical			True
Q1JPM5	OFUT30		Helical; Signal-anchor for type II membrane protein			True
Q1PDI1	TET15	Cytoplasmic; Extracellular	Helical			True		True
Q1PDX5	SBT3.11				True
Q1PE15	MCU4		Helical			True
Q1PEH6	ABCA3		Helical			True
Q1PF08	SCPL22				True
Q1PFD8	LTPG9				True
Q1PFD9	TBL31		Helical; Signal-anchor for type II membrane protein			True
Q1PFJ4	PUP17		Helical			True
Q27GI3	NAT6		Helical			True
Q29PU4	CLE12				True
Q2HIM5		Cytoplasmic; Lumenal	Helical			True		True
Q2HIM9	RALFL31				True
Q2V3H2	PUP7		Helical			True
Q2V424					True
Q2V465	SCPL11				True
Q2V4B9			Helical			True
Q37165	ndhA		Helical			True
Q38806	HSP22.0				True
Q38820	TIM23-2		Helical			True
Q38864	EXPA5				True
Q38865	EXPA6				True
Q38866	EXPA2				True
Q38935	FKBP15-1				True
Q38956	DTX29		Helical			True
Q39002	AATP1		Helical			True
Q39066	ECS1				True
Q39080	DAD1	Cytoplasmic; Lumenal	Helical			True		True
Q39091	KTI1				True
Q39131	ENODL17				True
Q3E6T0			Helical			True
Q3E7Q9		Cytoplasmic; Lumenal	Helical; Signal-anchor for type II membrane protein			True		True
Q3E8L0	GDU7	Extracellular; Cytoplasmic	Helical			True		True
Q3E8X3	NPF2.8		Helical			True
Q3E965	GDU5	Extracellular; Cytoplasmic	Helical			True		True
Q3E9A4		Cytoplasmic; Lumenal	Helical; Signal-anchor for type II membrane protein			True		True
Q3E9B8	ABCG23		Helical			True
Q3E9D3	PME55				True
Q3EAQ5	ZIFL2		Helical			True
Q3EAR7		Cytoplasmic; Lumenal	Helical; Signal-anchor for type II membrane protein			True		True
Q3EAV6	GDU6	Extracellular; Cytoplasmic	Helical			True		True
Q3EBM5					True
Q3EBR4			Helical			True
Q3EC77		Cytoplasmic; Lumenal	Helical; Signal-anchor for type II membrane protein			True		True
Q3ECD6	CLE1				True
Q3ECI7	TOM7-2	Cytoplasmic; Mitochondrial intermembrane	Helical			True		True
Q3ECP6					True
Q3ECW8	BGLU1				True
Q3EDG3	CHX5		Helical			True
Q3EDH8	CLE3				True
Q3EDI6	CLE20				True
Q3EDL4			Helical			True
Q41914	PDF2.1				True
Q41916	CYS5				True
Q42059					True
Q42431	OL2		Helical			True
Q42596	THI2.1				True
Q42597	THI2.2				True
Q42602	CYP89A2		Helical			True
Q43284	OL3		Helical			True
Q494Q2	HPAT2		Helical; Signal-anchor			True
Q4F7G0	SUGTL3		Helical			True
Q4PSE6	LRX7				True
Q4PSN0	PME29				True
Q4PSQ5	PME66				True
Q4PSY2	SCPL32				True
Q4PSZ8	ENODL6				True
Q4PT34	PME56				True
Q4PT37	NEAP3		Helical			True
Q4V3B3	BGLU28				True
Q4V3C7	CBSDUF2	Extracellular; Cytoplasmic	Helical			True		True
Q4V3D9	SSL10				True
Q500Z2	PAT15		Helical			True
Q501D6	OFUT14		Helical; Signal-anchor for type II membrane protein			True
Q52K95	CEP14				True
Q56WF8	SCPL48				True
Q56X95			Helical			True
Q56XC2	EDA21				True
Q56ZZ7			Helical			True
Q570S7	CSLG1		Helical			True
Q570X5	ATL58		Helical			True
Q58P69	CHX10		Helical			True
Q58P71	CHX8		Helical			True
Q5EAE9	ATL43		Helical		True	True
Q5M757	PAT12		Helical			True
Q5MAU8	PAP27				True
Q5PP26	PII-2				True
Q5S502	CEP16				True
Q5XEZ0			Helical			True
Q5XF04	GT15	Cytoplasmic; Lumenal	Helical; Signal-anchor for type II membrane protein			True		True
Q5XV67	DMP7		Helical			True
Q5XV99					True
Q5Y750	CYP51G2		Helical			True
Q66GM8	PAE10				True
Q66GR0	FLA17				True
Q66GS2	B3GALT12		Helical; Signal-anchor for type II membrane protein			True
Q67XN2	BGLU8				True
Q67Y83	SCPL51				True
Q67YF8	SUC7	Cytoplasmic; Extracellular	Helical			True		True
Q67YI6	ATL65		Helical			True
Q67ZF6	CYB561C		Helical			True
Q67ZU1	LIP2				True
Q680B7	XYN4				True
Q681K2	ATS3A				True
Q682B4	BGLU6				True
Q6A329	SUC6	Cytoplasmic; Extracellular	Helical			True		True
Q6DBM8	MTPB	Cytoplasmic; Vacuolar	Helical			True		True
Q6DBN4	RTNLB6		Helical			True
Q6DBP4	PAE8				True
Q6DR10	TBL43		Helical; Signal-anchor for type II membrane protein			True
Q6DUW7	IDL3				True
Q6DUW8	IDL5				True
Q6ICY4	MTPC2	Cytoplasmic; Vacuolar	Helical			True		True
Q6ID99	OEP21A	Cytoplasmic; Chloroplast intermembrane	Beta stranded			True		True
Q6IM92	DVL9		Helical			True
Q6IM93	DVL8		Helical			True
Q6IVU7	EXPB6				True
Q6IWB1	CLE43				True
Q6NKR1	ATL28		Helical			True
Q6NKU9	TIM22-3		Helical			True
Q6NKZ9			Helical			True
Q6NLD7	ENODL8				True
Q6NLF7	LTPG7				True
Q6NM25	UTR5		Helical			True
Q6NME6	RALFL19				True
Q6NMM1	GOT1		Helical			True
Q6NMN6			Helical			True
Q6NMQ7	GASA6				True
Q6NN00	AGP25				True
Q6NPM5	ATS3B				True
Q6NPR7		Cytoplasmic; Lumenal	Helical; Signal-anchor for type II membrane protein			True		True
Q6NQK9	CCB4	Stromal; Lumenal	Helical			True		True
Q6NQN5	SWEET3	Extracellular; Cytoplasmic	Helical			True		True
Q6R3K6	YSL6		Helical			True
Q6R3K8	YSL4		Helical			True
Q6R8G0	PHO1-H10	Cytoplasmic; Extracellular	Helical			True		True
Q6R8G2	PHO1-H8	Cytoplasmic; Extracellular	Helical			True		True
Q6R8G3	PHO1-H7	Cytoplasmic; Extracellular	Helical			True		True
Q6R8G4	PHO1-H6	Cytoplasmic; Extracellular	Helical			True		True
Q6R8G8	PHO1-H2	Cytoplasmic; Extracellular	Helical			True		True
Q6X5T8	DVL5		Helical			True
Q6X5U0	DVL3		Helical			True
Q6X5U1	DVL2		Helical			True
Q700D5	BDG4				True
Q70CT4	RLP8	Extracellular; Cytoplasmic	Helical		True	True		True
Q7PC81	ABCG43		Helical			True
Q7PC82	ABCG42		Helical			True
Q7PC83	ABCG41		Helical			True
Q7PC85	ABCG38		Helical			True
Q7PC86	ABCG35		Helical			True
Q7PC87	ABCG34		Helical			True
Q7X843	ATL48		Helical			True
Q7XA72	ABCG21		Helical			True
Q7XJR2	ANTR3		Helical			True
Q7Y030	OFUT31		Helical; Signal-anchor for type II membrane protein			True
Q7Y223	MAN2				True
Q84JH9	TBL25		Helical; Signal-anchor for type II membrane protein			True
Q84JS1	PAE6				True
Q84JV2	ENODL4				True
Q84K47	ABCA2		Helical			True
Q84K71	DTX44		Helical			True
Q84LR6	PAP14				True
Q84M24	ABCA1		Helical			True
Q84MA9		Extracellular; Cytoplasmic	Helical		True	True		True
Q84N34	HHP2	Cytoplasmic; Extracellular	Helical			True		True
Q84R16	GT14	Cytoplasmic; Lumenal	Helical; Signal-anchor for type II membrane protein			True		True
Q84R21	CBSDUFCH2		Helical			True
Q84W06	CSLA14		Helical			True
Q84W27	SCPL43				True
Q84W40	ATL11		Helical		True	True
Q84W54	CSLA1		Helical			True
Q84WF0	SCPL37				True
Q84WG0	NPF8.4		Helical			True
Q84WG3	RBL16		Helical			True
Q84WT5					True
Q84WT8	CYS4				True
Q84WU0	OFUT5		Helical; Signal-anchor for type II membrane protein			True
Q84WV2	BGLU20				True
Q84WW5	PVA13	Cytoplasmic	Helical; Anchor for type IV membrane protein			True		True
Q84XI3	ETN8		Helical			True
Q8GT75	NIP1	Lumenal, thylakoid; Stromal	Helical			True		True
Q8GUI4					True
Q8GUK4	SBT3.13				True
Q8GUK6	PIS2		Helical			True
Q8GUL8					True
Q8GUM0	OFUT11		Helical; Signal-anchor for type II membrane protein			True
Q8GUM5		Extracellular; Cytoplasmic	Helical		True	True		True
Q8GUN6	C50	Lumenal; Cytoplasmic	Helical		True	True		True
Q8GW38	ATL47		Helical			True
Q8GW96			Helical			True
Q8GWD5		Cytoplasmic; Extracellular	Helical			True		True
Q8GWX2		Extracellular; Cytoplasmic	Helical			True		True
Q8GWX9	SBT3.16				True
Q8GX37	FH9		Helical		True	True
Q8GX69	BGAL16				True
Q8GX92	CHX6a		Helical			True
Q8GXK5			Helical			True
Q8GXT2	BGLU29				True
Q8GXT7	P4H12	Cytoplasmic; Lumenal	Helical; Signal-anchor for type II membrane protein			True		True
Q8GY03			Helical			True
Q8GY58					True
Q8GY97		Cytoplasmic; Lumenal	Helical			True		True
Q8GYB4	CAT3		Helical			True
Q8GYD1	PDIL5-1				True
Q8GYF4	PHT1-5	Cytoplasmic; Extracellular	Helical			True		True
Q8GYH5	BAD1		Helical			True
Q8GYH8	SULTR4;2	Cytoplasmic; Extracellular	Helical			True		True
Q8GYP8			Helical			True
Q8GYS8	LTPG17				True
Q8GYW9		Cytoplasmic; Lumenal	Helical; Signal-anchor for type II membrane protein			True		True
Q8GZ81	OFUT27		Helical; Signal-anchor for type II membrane protein			True
Q8H0Y1	OEP24B	Cytoplasmic; Chloroplast intermembrane	Beta stranded			True		True
Q8H118		Cytoplasmic; Lumenal	Helical; Signal-anchor for type II membrane protein			True		True
Q8H129	PAP3				True
Q8H1E6	OFUT9		Helical; Signal-anchor for type II membrane protein			True
Q8H1G3	MTPC4	Cytoplasmic; Vacuolar	Helical			True		True
Q8H1R2	PAP24				True
Q8H965	NPC6				True
Q8L4B0	GAUT15	Cytoplasmic; Lumenal	Helical; Signal-anchor for type II membrane protein			True		True
Q8L4Y2	LPAT4		Helical			True
Q8L5T9	CYS2				True
Q8L6Z5	ENODL10				True
Q8L709	CHX28		Helical			True
Q8L718	ALB3L2		Helical			True
Q8L725	MTPC1	Cytoplasmic; Vacuolar	Helical			True		True
Q8L783	CAX5	Cytoplasmic; Extracellular	Helical			True		True
Q8L7B2	SCPL20				True
Q8L7I0					True
Q8L7I2	SBT3.6				True
Q8L7M1	B3GALT14		Helical; Signal-anchor for type II membrane protein			True
Q8L7R8	STP3	Cytoplasmic	Helical			True		True
Q8L7V3		Cytoplasmic; Lumenal	Helical; Signal-anchor for type II membrane protein			True		True
Q8L817	ACA7				True
Q8L8Z1		Cytoplasmic; Extracellular	Helical			True		True
Q8L928	DMP4		Helical			True
Q8L9P8	RALFL33				True
Q8L9Y0	SCPL25				True
Q8LA14	PSK6				True
Q8LAA6	PIP1-5	Cytoplasmic; Extracellular	Helical			True		True
Q8LAI1	NIP7-1		Helical			True
Q8LAJ9	MIC10		Helical			True
Q8LB17	RBL15		Helical			True
Q8LB81					True
Q8LBA0	ATL24		Helical			True
Q8LBB5	DVL20		Helical			True
Q8LBF7	SWEET7	Extracellular; Cytoplasmic	Helical			True		True
Q8LC69	ATL8		Helical			True
Q8LCE4	AGP5				True
Q8LCN5	AGP1				True
Q8LCP6					True
Q8LDB8			Helical			True
Q8LDG7	PEX3-1		Helical			True
Q8LDR3	CYP23				True
Q8LE92	PSY2				True
Q8LEB6			Helical			True
Q8LEJ9	B3GALT4		Helical; Signal-anchor for type II membrane protein			True
Q8LF05	RBL19		Helical			True
Q8LF65	ATL17		Helical			True
Q8LFD1	LPP3		Helical			True
Q8LFM2	GASA10				True
Q8LFN2		Extracellular; Cytoplasmic	Helical		True	True		True
Q8LFY8	ATL54		Helical			True
Q8LG30	CYSTM11		Helical			True
Q8LGE9		Cytoplasmic; Lumenal	Helical			True		True
Q8LPF3	PME68				True
Q8LPF8	OFUT29		Helical; Signal-anchor for type II membrane protein			True
Q8LPG1	FAX4		Helical			True
Q8LPK0	ABCA8		Helical			True
Q8LPL8	POT13	Cytoplasmic; Extracellular	Helical			True		True
Q8RV04	TIM14-1		Helical			True
Q8RWB7	CLSC5	Cytoplasmic; Lumenal	Helical; Signal-anchor for type II membrane protein			True		True
Q8RWF4		Extracellular; Cytoplasmic	Helical			True		True
Q8RWG3	RER6		Helical			True
Q8RWH8		Cytoplasmic; Extracellular	Helical			True		True
Q8RWJ6	SCPL1				True
Q8RWM7	CCB3	Lumenal; Stromal	Helical			True		True
Q8RWW1	TMN10	Lumenal; Cytoplasmic	Helical		True	True		True
Q8RX29	ATL70		Helical			True
Q8RX83	CSLB3		Helical			True
Q8RXE8	BASS3		Helical			True
Q8RXN9	BGLU5				True
Q8RXQ1	TBL35		Helical; Signal-anchor for type II membrane protein			True
Q8RXQ2	RBL18		Helical			True
Q8RXU9	MCTP9		Helical			True
Q8RXZ9			Helical			True
Q8RY46	ABCB26		Helical			True
Q8RY60	CBSDUF7	Extracellular; Cytoplasmic	Helical			True		True
Q8RY81	OFUT13		Helical; Signal-anchor for type II membrane protein			True
Q8RYE7	ATTI4				True
Q8S340	PAP22				True
Q8S341	PAP7				True
Q8S8A0	GDU4	Extracellular; Cytoplasmic	Helical			True		True
Q8S8K6	SCPL28				True
Q8S8K9	FIP1		Helical			True
Q8S8N0	CLE4				True
Q8S8N1	CLE7				True
Q8S8N2	CLE5				True
Q8S8N3	CLE6				True
Q8S8N4		Extracellular; Cytoplasmic	Helical		True	True		True
Q8S8P0	SCPL52				True
Q8S8P3	GLCAT14C	Cytoplasmic; Lumenal	Signal-anchor for type II membrane protein			True		True
Q8S8Q4					True
Q8S9J6					True
Q8S9K7	PEX3-2		Helical			True
Q8VXY7	ENT1		Helical			True
Q8VY01	SCPL46				True
Q8VY69	VAMP723	Cytoplasmic; Vesicular	Helical; Anchor for type IV membrane protein			True		True
Q8VY98	ATI2		Helical			True
Q8VYC2					True
Q8VYE4	NPF4.5		Helical			True
Q8VYF4	GATL7	Lumenal	Helical; Signal-anchor for type II membrane protein			True		True
Q8VYG3					True
Q8VYH6			Helical		True	True
Q8VYR0	MCU2		Helical			True
Q8VYR3	TBL2		Helical; Signal-anchor for type II membrane protein			True
Q8VYR4	CSLG2		Helical			True
Q8VYS0	RD19D				True
Q8VYS5	TBL18		Helical; Signal-anchor for type II membrane protein			True
Q8VYU7	PAP4				True
Q8VYV9	APF1				True
Q8VYY4	BASS6		Helical			True
Q8VYZ2	PAP8				True
Q8VZ48	RBL6		Helical			True
Q8VZE2	NPF5.14		Helical			True
Q8VZF6	EDR2L		Helical			True
Q8VZI2	CBSDUF6	Extracellular; Cytoplasmic	Helical			True		True
Q8VZK9	CSLE1		Helical			True
Q8VZL4	MSL1		Helical			True
Q8VZN9			Helical			True
Q8VZP6	PGSIP8		Helical			True
Q8VZU9	DER1	Cytoplasmic; Lumenal	Helical			True		True
Q8VZV7		Cytoplasmic; Lumenal	Helical; Signal-anchor for type II membrane protein			True		True
Q8W036	NIP4-2		Helical			True
Q8W245	ZIP10	Extracellular; Cytoplasmic	Helical		True	True		True
Q8W472	CYSTM8		Helical			True
Q8W4G3	DTX46		Helical			True
Q8W4I4	POT6	Cytoplasmic; Extracellular	Helical			True		True
Q8W4K3	CAT4	Cytoplasmic; Vacuolar	Helical			True		True
Q8W571	ATL32		Helical		True	True
Q93VV0	PAT16		Helical			True
Q93VV5	NPF4.3		Helical			True
Q93W32	FLA18				True
Q93WF1					True
Q93XX4	NTMC2T6.1		Helical			True
Q93XX5					True
Q93Y06			Helical		True	True
Q93Y09	SCPL45				True
Q93Y38			Helical		True	True
Q93YQ7					True
Q93YR2	BASS1		Helical			True
Q93YS2			Helical			True
Q93YV7		Cytoplasmic; Lumenal	Helical; Signal-anchor for type II membrane protein			True		True
Q93Z13	BOR3	Cytoplasmic; Extracellular	Helical			True		True
Q93Z20	NPF8.5		Helical			True
Q93Z24	BGAL17				True
Q93Z25					True
Q93Z29	ALMT5		Helical			True
Q93ZD7	MRS2-4		Helical			True
Q93ZI4	BGLU10				True
Q93ZQ5			Helical			True
Q940J8	PAE7				True
Q940J9		Cytoplasmic; Lumenal	Helical; Signal-anchor for type II membrane protein			True		True
Q940Q1					True
Q940Q3	ZTP29	Cytoplasmic; Lumenal	Helical			True		True
Q940Q4	ATL13		Helical			True
Q940R4					True
Q940S0	TMN2	Lumenal; Cytoplasmic	Helical		True	True		True
Q940Y9			Helical			True
Q944P0	ENT7		Helical			True
Q944R1					True
Q948R8	THH1	Extracellular; Cytoplasmic	Helical			True		True
Q949Q7	SCPL29				True
Q949R9	MPC1		Helical			True
Q949U4	OFUT16		Helical; Signal-anchor for type II membrane protein			True
Q94A32	FAX2		Helical			True
Q94AJ5					True
Q94BP3	FAO4B		Helical			True
Q94BY4	OFUT35		Helical; Signal-anchor for type II membrane protein			True
Q94BY6	ATL75		Helical			True
Q94C25		Extracellular; Cytoplasmic	Helical		True	True		True
Q94C77			Helical		True	True
Q94CA0			Helical		True	True
Q94CG2	BET12	Cytoplasmic; Vesicular	Helical; Anchor for type IV membrane protein			True		True
Q94CH6	EXL3				True
Q94CH7	EXL2				True
Q94CH8	EXL1				True
Q94CI7	SFP1		Helical			True
Q94CJ5	RER4		Helical			True
Q94EG9	ZIP11	Extracellular; Cytoplasmic	Helical		True	True		True
Q94EJ6		Cytoplasmic; Lumenal	Helical; Signal-anchor for type II membrane protein			True		True
Q94F08	HIPL2				True
Q94F40					True
Q94F57	AGP26				True
Q94II3	ERD3	Cytoplasmic; Lumenal	Helical; Signal-anchor for type II membrane protein			True		True
Q94JR6					True
Q94JS4	SMT3		Helical			True
Q94JT5	CYCLASE2				True
Q94K78	UCRY	Mitochondrial matrix; Mitochondrial intermembrane	Helical			True		True
Q94KB2	MLO13	Extracellular; Cytoplasmic	Helical			True		True
Q94KB4	MLO9	Extracellular; Cytoplasmic	Helical			True		True
Q94KB7	MLO6	Extracellular; Cytoplasmic	Helical			True		True
Q94KB9	MLO3	Extracellular; Cytoplasmic	Helical			True		True
Q94KD8	BXL2				True
Q94LW6	SULTR3;5	Cytoplasmic; Extracellular	Helical			True		True
Q95695	ndhG		Helical			True
Q96243	PHT1-2	Cytoplasmic; Extracellular	Helical			True		True
Q96514	CYP71B7		Helical			True
Q9ASQ5	CRCK3				True
Q9ASQ7	SLAH2	Cytoplasmic; Extracellular	Helical			True		True
Q9ASR3	CYP709B1		Helical			True
Q9ASS7	CAT2	Cytoplasmic; Vacuolar	Helical			True		True
Q9ASY8	TOM7-1	Cytoplasmic; Mitochondrial intermembrane	Helical			True		True
Q9C508	PUP18		Helical			True
Q9C510	PAP6				True
Q9C540	CYB561D		Helical			True
Q9C595	YLMG2		Helical			True
Q9C5D6	CAT9		Helical			True
Q9C5H6	UTR6	Cytoplasmic; Lumenal	Helical			True		True
Q9C5M8					True
Q9C5N8					True
Q9C5Z7	RPW8.1		Helical			True
Q9C614	GULLO1				True
Q9C699	RLP7	Extracellular; Cytoplasmic	Helical		True	True		True
Q9C6L8	ALMT4		Helical			True
Q9C6M1			Helical			True
Q9C6S5			Helical			True
Q9C6S7		Cytoplasmic; Lumenal	Helical; Signal-anchor for type II membrane protein			True		True
Q9C6W4	BGAL15				True
Q9C6X2	SCAMP4	Cytoplasmic	Helical			True		True
Q9C720	TMN6	Lumenal; Cytoplasmic	Helical		True	True		True
Q9C7C1	TET6	Cytoplasmic; Extracellular	Helical			True		True
Q9C7D2	SCPL15				True
Q9C7D3	SCPL14				True
Q9C7D4	SCPL16				True
Q9C7D6	SCPL17				True
Q9C7E9	ATL20		Helical			True
Q9C7F2	ABCB14		Helical			True
Q9C7I1	ATL34		Helical		True	True
Q9C7N4					True
Q9C7U1	NPF5.12		Helical			True
Q9C7U8	SBT3.17				True
Q9C7Z9	SCPL18				True
Q9C809	B3GALT8		Helical; Signal-anchor for type II membrane protein			True
Q9C823		Extracellular; Cytoplasmic	Helical		True	True		True
Q9C857					True
Q9C884		Cytoplasmic; Lumenal	Helical; Signal-anchor for type II membrane protein			True		True
Q9C8F3	PROSCOOP20				True
Q9C8G4					True
Q9C900	SINE3		Helical			True
Q9C907	GDPD5				True
Q9C919	ATL19		Helical			True
Q9C947	PDF2.4				True
Q9C975					True
Q9C9B1	LTPG10				True
Q9C9H6	RLP11	Extracellular; Cytoplasmic	Helical		True	True		True
Q9C9H7	RLP12	Extracellular; Cytoplasmic	Helical		True	True		True
Q9C9K1	LHCB7		Helical			True
Q9C9K4	PILS4	Lumenal; Cytoplasmic	Helical			True		True
Q9C9M9	SWEET6	Extracellular; Cytoplasmic	Helical			True		True
Q9C9N5		Extracellular; Cytoplasmic	Helical		True	True		True
Q9C9Z5			Helical			True
Q9CA34	GT17	Cytoplasmic; Lumenal	Helical; Signal-anchor for type II membrane protein			True		True
Q9CAU0	SCPL6				True
Q9CAU1	SCPL3				True
Q9CAU2	SCPL5				True
Q9CAU3	SCPL2				True
Q9CAU4	SCPL4				True
Q9FE06	EXL2				True
Q9FE29		Cytoplasmic; Extracellular	Helical			True		True
Q9FEB4	PSK5				True
Q9FED2	HVA22E		Helical			True
Q9FEP7	SULTR1;3	Cytoplasmic; Extracellular	Helical			True		True
Q9FF10					True
Q9FF17			Helical			True
Q9FF31	LRK10L-2.1	Extracellular; Cytoplasmic	Helical		True	True		True
Q9FF53	PIP2-4	Cytoplasmic; Extracellular	Helical			True		True
Q9FF99	AAP7	Cytoplasmic; Extracellular	Helical			True		True
Q9FFB0	SCPL47				True
Q9FFH5	PHB7	Mitochondrial matrix; Mitochondrial intermembrane	Helical; Signal-anchor for type II membrane protein			True		True
Q9FFK3	EGY2		Helical			True
Q9FFN0					True
Q9FFN2		Cytoplasmic; Lumenal	Helical; Signal-anchor for type II membrane protein			True		True
Q9FFP8	PDF2.5				True
Q9FFR9	CHX18		Helical			True
Q9FFU6			Helical		True	True
Q9FFY3	LTPG30				True
Q9FG08	ATXR4				True
Q9FG21	ATL71		Helical			True
Q9FG89	PNSB5		Helical			True
Q9FGE9	TBL12		Helical; Signal-anchor for type II membrane protein			True
Q9FGH6	CHX25		Helical			True
Q9FGJ6	ATL79		Helical		True	True
Q9FGK4			Helical		True	True
Q9FGP9	RER1		Helical			True
Q9FGT9	GDPDL6		Helical		True	True
Q9FGU3	SBT4.4				True
Q9FH03	BGLU12				True
Q9FH05	SCPL42				True
Q9FH06	SCPL41				True
Q9FH31	SESA5				True
Q9FH82	PAE11				True
Q9FH92	IRX15-L		Helical			True
Q9FHA4	SBT1.9				True
Q9FHA6	RALFL34				True
Q9FHF1	ABCB7		Helical			True
Q9FHG8	ATL50		Helical			True
Q9FHM0	YLS7		Helical; Signal-anchor for type II membrane protein			True
Q9FHM9	EXL3				True
Q9FHN6	SKS2				True
Q9FHT4	TMN4	Lumenal; Cytoplasmic	Helical		True	True		True
Q9FI12	SBT2.3				True
Q9FI17		Cytoplasmic; Lumenal	Helical; Signal-anchor for type II membrane protein			True		True
Q9FI22	PDF1.2C				True
Q9FI25					True
Q9FI32	MCTP2		Helical			True
Q9FI73			Helical			True
Q9FIB0	CYP78A7		Helical			True
Q9FIC6					True
Q9FIC8					True
Q9FIC9					True
Q9FID0					True
Q9FID5		Extracellular; Cytoplasmic	Helical		True	True		True
Q9FID6		Extracellular; Cytoplasmic	Helical		True	True		True
Q9FIF8	SBT4.3				True
Q9FIG1	SBT4.11				True
Q9FIG2	SBT4.13				True
Q9FIM5	SBT4.9				True
Q9FIM6	SBT4.8				True
Q9FIM8	SBT4.10				True
Q9FIR0	ATL30		Helical			True
Q9FIS2	ZIP12	Extracellular; Cytoplasmic	Helical		True	True		True
Q9FIU7	BGLU41				True
Q9FJ77	AT6		Helical			True
Q9FJ81	CCB2	Stromal; Lumenal	Helical			True		True
Q9FJB4	GPC1	Cytoplasmic; Lumenal	Helical			True		True
Q9FJG3	MCTP16		Helical			True
Q9FJH7	NRT2.3		Helical			True
Q9FJH8	NRT2.4		Helical			True
Q9FJV7	MCU5		Helical			True
Q9FK30	OFUT36		Helical; Signal-anchor for type II membrane protein			True
Q9FK43	SIP1-2		Helical			True
Q9FK76	SBT5.6				True
Q9FKE9		Cytoplasmic; Lumenal	Helical			True		True
Q9FKF2	ABCA11		Helical			True
Q9FKF3	PME63				True
Q9FKP1	CCX1		Helical			True
Q9FKP2	CCX2		Helical			True
Q9FKT8	COX15	Mitochondrial matrix; Mitochondrial intermembrane	Helical			True		True
Q9FKU8					True
Q9FKV0					True
Q9FKV1	ANTR5		Helical		True	True
Q9FKV2					True
Q9FKW9					True
Q9FKY4	PILS7	Lumenal; Cytoplasmic	Helical			True		True
Q9FL07	ATL46		Helical			True
Q9FL42	ATL69		Helical			True
Q9FL51		Extracellular; Cytoplasmic	Helical		True	True		True
Q9FL76	EXPA24				True
Q9FL77	EXPA25				True
Q9FL78	EXPA26				True
Q9FL79	EXPA23				True
Q9FL80	EXPA22				True
Q9FL81	EXPA21				True
Q9FL89					True
Q9FLB5	LAC12				True
Q9FLB6	PRA1B3		Helical			True
Q9FLB7	UCRQ-2	Mitochondrial matrix; Mitochondrial intermembrane	Helical			True		True
Q9FLI4	SBT1.3				True
Q9FLN5	VHA-e1		Helical			True
Q9FLT3					True
Q9FLT4	ABCA10		Helical			True
Q9FLT8	ABCA12		Helical			True
Q9FLU8	BGLU32				True
Q9FLU9	BGLU31				True
Q9FLW0		Extracellular; Cytoplasmic	Helical		True	True		True
Q9FLX5	ABCG8		Helical			True
Q9FM66					True
Q9FM82	GULLO4				True
Q9FMA6					True
Q9FMA8					True
Q9FMA9					True
Q9FMB0					True
Q9FMD8	BGLU2				True
Q9FMF8	DIT2-2		Helical			True
Q9FMK9	PAP29				True
Q9FN08	BGAL10				True
Q9FN15	CGLD27		Helical			True
Q9FN39	ENODL1				True
Q9FN75			Helical			True
Q9FNB5	ABCG6		Helical			True
Q9FNE1	CRK42	Extracellular; Cytoplasmic	Helical		True	True		True
Q9FPE4					True
Q9FPG2	OEP21B	Cytoplasmic; Chloroplast intermembrane	Beta stranded			True		True
Q9FPJ5	LRR1				True
Q9FRL3			Helical			True
Q9FRR1	PRA1E		Helical			True
Q9FT51	ABCG27		Helical			True
Q9FVE0	AGP11				True
Q9FVQ5	OSCA1.8		Helical			True
Q9FVR3	CSLD6		Helical			True
Q9FWA4	GAUT9	Cytoplasmic; Lumenal	Helical; Signal-anchor for type II membrane protein			True		True
Q9FWR2	AVPL2		Helical			True
Q9FXD8					True
Q9FXJ2					True
Q9FY79	LAC14				True
Q9FYB9	CHX11		Helical			True
Q9FYC0	CHX12		Helical			True
Q9FYG4	GLOX1				True
Q9FYL2	BCP1	Extracellular; Cytoplasmic	Helical		True	True		True
Q9FZ22	GPAT2		Helical			True
Q9FZ27					True
Q9FZ29	MAN1				True
Q9FZ31	PDF1.5				True
Q9FZ35	PRP1				True
Q9FZ37	GUX4		Helical; Signal-anchor for type II membrane protein			True
Q9FZ63	PRA1F1		Helical			True
Q9FZ81	RBL12		Helical			True
Q9FZ86	PDCB3				True
Q9FZ95	PUP3		Helical			True
Q9FZA0	RALFL4				True
Q9FZB1		Extracellular; Cytoplasmic	Helical		True	True		True
Q9FZC5	FOX2				True
Q9FZC6	FOX3				True
Q9FZC8	FOX5				True
Q9FZD0					True
Q9FZE0	BGLU40				True
Q9FZP1					True
Q9LD18	POT4	Cytoplasmic; Extracellular	Helical			True		True
Q9LDG2	TBL10		Helical; Signal-anchor for type II membrane protein			True
Q9LDJ3	EXPA12				True
Q9LDU1	RALFL28				True
Q9LE20	DTX54		Helical			True
Q9LEA7	GLP9				True
Q9LET3	RBL20		Helical			True
Q9LEW3	AED1				True
Q9LEY1	SCPL35				True
Q9LF09	CSLA11		Helical			True
Q9LF64	ATL52		Helical			True
Q9LFA6	BGAL2				True
Q9LFB2	LAX1	Cytoplasmic; Extracellular	Helical			True		True
Q9LFD1	LAC9				True
Q9LFG8	ABCG20		Helical			True
Q9LFP3		Cytoplasmic; Lumenal	Helical; Signal-anchor for type II membrane protein			True		True
Q9LFP5					True
Q9LFQ0	GLCAT14B	Cytoplasmic; Lumenal	Signal-anchor for type II membrane protein			True		True
Q9LFS2	GEX3		Helical		True	True
Q9LFT5	EPFL1				True
Q9LFZ8	CAX6	Cytoplasmic; Extracellular	Helical			True		True
Q9LH74	MSL5		Helical			True
Q9LH79	SWEET2	Extracellular; Cytoplasmic	Helical			True		True
Q9LH82			Helical			True
Q9LH83			Helical			True
Q9LH84			Helical			True
Q9LHA1	CYP81D11		Helical			True
Q9LHD1	ABCB15		Helical			True
Q9LHD2	GATL10	Cytoplasmic; Lumenal	Helical; Signal-anchor for type II membrane protein			True		True
Q9LHE3	ASPG2				True
Q9LHF1	LRX4				True
Q9LHK4	ABCB8		Helical			True
Q9LHL6	TBL1		Helical; Signal-anchor for type II membrane protein			True
Q9LHN4	LPAT5		Helical			True
Q9LHQ6	OCT4	Cytoplasmic; Extracellular	Helical			True		True
Q9LHS7	GPAT7		Helical			True
Q9LIB6	COBL8				True
Q9LIB9	CWINV5				True
Q9LIC7	PRA1F4		Helical			True
Q9LIF9	BGLU19				True
Q9LIH7	PAT11		Helical			True
Q9LIK6	CYP26-1		Helical			True
Q9LIP6	CYP71B34		Helical			True
Q9LIR9		Extracellular; Cytoplasmic	Helical			True		True
Q9LJ42					True
Q9LJ64	PEX1				True
Q9LJ85	LTPG20				True
Q9LJJ7			Helical			True
Q9LJL6	ATL62		Helical			True
Q9LJN2	MRS2-3		Helical			True
Q9LJN4	BXL5				True
Q9LJU2	PDIL5-3		Helical		True	True
Q9LJU7	PAP18				True
Q9LJW0	PHO1-H9	Cytoplasmic; Extracellular	Helical			True		True
Q9LK37	RALFL24				True
Q9LK65	CBSDUFCH1		Helical			True
Q9LK72					True
Q9LK90	ALA8	Cytoplasmic; Extracellular	Helical			True		True
Q9LKR7	BGLU24				True
Q9LLL8	SBT4.14				True
Q9LLR6	LTP4				True
Q9LLR7	LTP3				True
Q9LM60	B3GALT5		Helical; Signal-anchor for type II membrane protein			True
Q9LMC9					True
Q9LMI3			Helical			True
Q9LMJ1	CHX14		Helical			True
Q9LMU1	EGY3		Helical			True
Q9LMX4	PAP1				True
Q9LMY9	PSK1				True
Q9LN50		Cytoplasmic; Lumenal	Helical; Signal-anchor for type II membrane protein			True		True
Q9LN94	EXPA7				True
Q9LNJ3	APF2				True
Q9LNQ1	TIM23-1		Helical			True
Q9LNU3	EXPA11				True
Q9LP11			Helical			True
Q9LPC1	GAE2		Helical			True
Q9LPF1			Helical			True
Q9LPF6	PUP11		Helical			True
Q9LPV4	DTX31		Helical			True
Q9LQ07	EXPA18				True
Q9LQC9	CSLA3		Helical			True
Q9LQM2	ATL81		Helical		True	True
Q9LQP8	KCS3				True
Q9LR68	SCAMP2	Cytoplasmic	Helical			True		True
Q9LR87	CSLA10		Helical			True
Q9LRJ9	CRRSP38				True
Q9LRM5					True
Q9LRP1	NPSN13	Cytoplasmic; Vesicular	Helical; Anchor for type IV membrane protein			True		True
Q9LRW9	RLP40	Extracellular; Cytoplasmic	Helical		True	True		True
Q9LS22	ALMT14		Helical			True
Q9LS42	CASP	Cytoplasmic; Lumenal	Helical; Anchor for type IV membrane protein			True		True
Q9LS80	RLP37	Extracellular; Cytoplasmic	Helical		True	True		True
Q9LS99	ATL77		Helical			True
Q9LSE4	CCB1	Lumenal; Stromal	Helical			True		True
Q9LSE7			Helical		True	True
Q9LSJ2	ABCB22		Helical			True
Q9LSJ5	ABCB18		Helical			True
Q9LSJ6	ABCB17		Helical			True
Q9LSJ8	ABCB16		Helical			True
Q9LSM9	SCPL33				True
Q9LSP1	PME67				True
Q9LSV8	SCPL21				True
Q9LSW9	ATL16		Helical			True
Q9LSX7	PEX22		Helical			True
Q9LT77	RDL2				True
Q9LT78	RD21C				True
Q9LTG5	CALS4	Cytoplasmic; Extracellular	Helical			True		True
Q9LTH9	ZIP2	Extracellular; Cytoplasmic	Helical		True	True		True
Q9LTM0	CYP71B23		Helical			True
Q9LTM3	CYP71B20		Helical			True
Q9LTM4	CYP71B19		Helical			True
Q9LTW9	FLA14				True
Q9LTZ0					True
Q9LU02	BGLU13				True
Q9LU72	PAP28				True
Q9LUA1	CLE27				True
Q9LUD7	CALS8	Cytoplasmic; Extracellular	Helical			True		True
Q9LUH3	DTX18		Helical			True
Q9LUI1	LRX6				True
Q9LUL1		Cytoplasmic; Extracellular	Helical			True		True
Q9LUL6	ATL61		Helical			True
Q9LUM3	SBT1.5				True
Q9LUN4	CHX19		Helical			True
Q9LV34	BGLU43				True
Q9LVD9	DTX40		Helical			True
Q9LVE0	NPF6.4		Helical			True
Q9LVF1	DMP2		Helical			True
Q9LVN0	GDPDL7				True
Q9LVN2		Extracellular; Cytoplasmic	Helical		True	True		True
Q9LVU1	PVA21	Cytoplasmic	Helical; Anchor for type IV membrane protein			True		True
Q9LVY7	CYP716A1		Helical			True
Q9LVZ3	ADS3.2		Helical			True
Q9LW07					True
Q9LW44	MANP				True
Q9LW86	SULTR3;4	Cytoplasmic; Extracellular	Helical			True		True
Q9LX20					True
Q9LX83	PAP19				True
Q9LXA8	BXL6				True
Q9LXD4	MRS2-9		Helical			True
Q9LXH0	NRT2.6		Helical			True
Q9LXI4	PAP21				True
Q9LXI7	PAP20				True
Q9LXJ2	QCR9	Mitochondrial matrix; Mitochondrial intermembrane	Helical			True		True
Q9LXM3	CYP71B38		Helical			True
Q9LXU2	MCTP5		Helical			True
Q9LXX4	BZIP49	Cytoplasmic; Lumenal	Helical			True		True
Q9LY17	PME50				True
Q9LY18	PME49				True
Q9LYE7					True
Q9LYM2	AVT6C		Helical			True
Q9LYN0	PRA1B1		Helical			True
Q9LYP1	RBL3		Helical			True
Q9LYP6	ATS3				True
Q9LYQ4	PRA1B6		Helical			True
Q9LYS6	CALS6	Cytoplasmic; Extracellular	Helical			True		True
Q9LYS9			Helical		True	True
Q9LZ20	CAT6		Helical			True
Q9LZ31	CYP77A4		Helical			True
Q9LZ39	CAND6		Helical		True	True
Q9LZ72	KCS19		Helical			True
Q9LZ99	EXPA9				True
Q9LZA4		Cytoplasmic; Lumenal	Helical; Signal-anchor for type II membrane protein			True		True
Q9LZB8	ABCB29		Helical			True
Q9LZE5	MCTP13		Helical			True
Q9LZH8	OEP164		Helical			True
Q9LZN2	PILS6	Lumenal; Cytoplasmic	Helical			True		True
Q9LZS6	SBT4.15				True
Q9LZT4	EXLA1		Helical		True	True
Q9LZT5	EXLA3				True
Q9LZV3	MAN6				True
Q9LZV8	ATL74		Helical			True
Q9M007	CHX27		Helical			True
Q9M008	CHX26		Helical			True
Q9M012	PRA1B5		Helical			True
Q9M069					True
Q9M0C3	ATL14		Helical			True
Q9M0G5	CRK46	Extracellular; Cytoplasmic	Helical		True	True		True
Q9M0H6	MAN5				True
Q9M0I2	EXPB3				True
Q9M0R4	ATL37		Helical		True	True
Q9M0R5	ATL36		Helical		True	True
Q9M0R6	ATL35		Helical		True	True
Q9M0R7	ATL39		Helical			True
Q9M0Y2	ENT4		Helical			True
Q9M129			Helical			True
Q9M131			Helical			True
Q9M172	NPF2.5		Helical			True
Q9M173	NPF2.4		Helical			True
Q9M174	NPF2.2		Helical			True
Q9M1C9	BGLU30				True
Q9M1D0	BGLU16				True
Q9M1E7	TET3	Cytoplasmic; Extracellular	Helical			True		True
Q9M1I2	NPF5.4		Helical			True
Q9M1J6	SSL9				True
Q9M1K3	SIP2-1		Helical			True
Q9M1P7	BOR2	Cytoplasmic; Extracellular	Helical			True		True
Q9M203	EXPB5				True
Q9M263	GLP10				True
Q9M271	MTPA1	Cytoplasmic; Vacuolar	Helical			True		True
Q9M2C3		Cytoplasmic; Vacuolar	Helical			True		True
Q9M2D4	MCTP8		Helical			True
Q9M2G1	LTPG22				True
Q9M2J9	BET11	Cytoplasmic; Vesicular	Helical; Anchor for type IV membrane protein			True		True
Q9M2K6	PDCB5				True
Q9M2M0	BG1				True
Q9M2S9	EXPA16				True
Q9M2V5	ABCG18		Helical			True
Q9M2V6	ABCG17		Helical			True
Q9M2V7	ABCG16		Helical			True
Q9M2Z4	MSBP2		Helical			True
Q9M313	ATL68		Helical			True
Q9M363			Helical		True	True
Q9M366	MCTP12		Helical			True
Q9M393	OFUT28		Helical; Signal-anchor for type II membrane protein			True
Q9M5J8	PGIP2				True
Q9M5J9	PGIP1				True
Q9M647	IAR1		Helical		True	True
Q9M7I9	SEP1		Helical			True
Q9M7J9	POT8	Cytoplasmic; Extracellular	Helical			True		True
Q9M883	HDF7		Helical			True
Q9M8J2	GATL4	Cytoplasmic; Lumenal	Helical; Signal-anchor for type II membrane protein			True		True
Q9M8L9	AVT6E		Helical			True
Q9M8W5	SIP1-1		Helical			True
Q9M8X1					True
Q9M8X3					True
Q9M8X4					True
Q9M8X5					True
Q9M8X6					True
Q9M8Z8					True
Q9M995					True
Q9M9L3	NEAP1		Helical			True
Q9M9P0	EXPA13				True
Q9M9Q6	SCPL50				True
Q9M9R9			Helical			True
Q9M9Z2	TPP2	Lumenal, thylakoid	Helical			True		True
Q9MA60	FH11		Helical		True	True
Q9MA62	RALFL22				True
Q9MA88	MIRO3	Cytoplasmic; Mitochondrial intermembrane	Helical			True		True
Q9MA96		Cytoplasmic; Lumenal	Helical; Signal-anchor for type II membrane protein			True		True
Q9MAC1	ENODL16				True
Q9MAG3	ABCG24		Helical			True
Q9MAH4	ABCG10		Helical			True
Q9MAJ7	BGAL5				True
Q9MAP4	SBT3.2				True
Q9MAR8	SCPL44				True
Q9MAU5					True
Q9S740	AGP19				True
Q9S760	HVA22D		Helical			True
Q9S772					True
Q9S7G2	GATL2	Cytoplasmic; Lumenal	Helical; Signal-anchor for type II membrane protein			True		True
Q9S7S3	M17				True
Q9S836	LAX2	Cytoplasmic; Extracellular	Helical			True		True
Q9S845	GONST3		Helical			True
Q9S9N4	MRS2-1		Helical			True
Q9S9U3	RLP53	Extracellular; Cytoplasmic	Helical		True	True		True
Q9SA05	POT10	Cytoplasmic; Extracellular	Helical			True		True
Q9SA35	ALIS4		Helical			True
Q9SA36	OCT6	Cytoplasmic; Extracellular	Helical			True		True
Q9SA37	CHX1		Helical			True
Q9SA38	OCT3	Cytoplasmic; Extracellular	Helical			True		True
Q9SA75	SBT2.1				True
Q9SA85					True
Q9SA86					True
Q9SA87					True
Q9SA88					True
Q9SA89					True
Q9SA99					True
Q9SAB6	CYP71A18		Helical			True
Q9SAE3	CYP71B28		Helical			True
Q9SAE4	CYP71B29		Helical			True
Q9SAF5	ALA11	Cytoplasmic; Extracellular	Helical			True		True
Q9SAF8	DVL4		Helical			True
Q9SAH0	MRS2-10		Helical			True
Q9SAH3			Helical			True
Q9SAK8	CHX2		Helical			True
Q9SB67	NRT3.2		Helical		True	True
Q9SBA7	STP8	Cytoplasmic	Helical			True		True
Q9SCN2	CYP71B31		Helical			True
Q9SCP2					True
Q9SCS6	HR4		Helical			True
Q9SCS7	HR3		Helical			True
Q9SCS9	HR1		Helical			True
Q9SCU8	BGAL14				True
Q9SCU9	BGAL13				True
Q9SCV1	BGAL11				True
Q9SCV3	BGAL9				True
Q9SCV5	BGAL7				True
Q9SCX5	AKT5	Cytoplasmic; Extracellular	Helical; Helical; Voltage-sensor	Pore-forming		True	True	True
Q9SD04	SSL7				True
Q9SD05	SSL6				True
Q9SD42	RTH		Helical			True
Q9SD62		Extracellular; Cytoplasmic	Helical		True	True		True
Q9SD80	TOM5	Cytoplasmic	Helical; Signal-anchor			True		True
Q9SD81	GDPD6				True
Q9SE51	SURF1		Helical			True
Q9SF12					True
Q9SF33	TIM14-2		Helical			True
Q9SFB5	SCPL27				True
Q9SFC4	OFUT24		Helical; Signal-anchor for type II membrane protein			True
Q9SFE9	GONST5		Helical			True
Q9SFF6	PAE12				True
Q9SFF9					True
Q9SG91	UCRQ-1	Mitochondrial matrix; Mitochondrial intermembrane	Helical			True		True
Q9SG95	MAN4				True
Q9SG96	ATL72		Helical			True
Q9SGZ5	BXL7				True
Q9SH66	DIR5				True
Q9SH89	OFUT19		Helical; Signal-anchor for type II membrane protein			True
Q9SHD1	EXPB4				True
Q9SHH0	CAT8	Cytoplasmic; Vacuolar	Helical			True		True
Q9SHI3	RLP2	Extracellular; Cytoplasmic	Helical		True	True		True
Q9SHM1	ALMT6		Helical			True
Q9SHP6					True
Q9SHY6	EXPB2				True
Q9SI03	MTP12	Cytoplasmic; Vacuolar	Helical			True		True
Q9SI06		Extracellular; Cytoplasmic	Helical		True	True		True
Q9SI18	PAP11				True
Q9SI56	TET13	Cytoplasmic; Extracellular	Helical			True		True
Q9SIB2	KCS12				True
Q9SIC6	PMEI5				True
Q9SIE7	PLAT2				True
Q9SIJ9	PME11		Helical			True
Q9SIK7		Cytoplasmic; Lumenal	Helical	Helical		True	True	True
Q9SIL6	PHB6	Mitochondrial matrix; Mitochondrial intermembrane	Helical; Signal-anchor for type II membrane protein			True		True
Q9SIL7	FLA6				True
Q9SIQ9	VAMP712	Cytoplasmic; Vesicular	Helical; Anchor for type IV membrane protein			True		True
Q9SIT5	CHX15		Helical			True
Q9SIT6	ABCG5		Helical			True
Q9SIU6	RALFL14				True
Q9SIY5	RER5		Helical			True
Q9SIZ3		Cytoplasmic; Lumenal	Helical; Signal-anchor for type II membrane protein			True		True
Q9SIZ4		Extracellular; Cytoplasmic	Helical		True	True		True
Q9SJ02	SEP2		Helical			True
Q9SJ52	NHL10		Helical			True
Q9SJ74			Helical		True	True
Q9SJG2			Helical			True
Q9SJH6	RLP29	Extracellular	Helical		True	True		True
Q9SJJ7	ATL57		Helical			True
Q9SJK6	WBC30		Helical			True
Q9SJP4	FUT5	Cytoplasmic; Lumenal	Helical; Signal-anchor for type II membrane protein			True		True
Q9SK96	NPF5.16		Helical			True
Q9SKD3	OXA1L		Helical			True
Q9SKK2	RLP21	Extracellular; Cytoplasmic	Helical		True	True		True
Q9SKK8	ATL22		Helical		True	True
Q9SKT3	SCAMP1	Cytoplasmic	Helical			True		True
Q9SKU2	EXPB1				True
Q9SKW7	CEP10				True
Q9SKY1	CYSTM4		Helical			True
Q9SL03	CALS2	Cytoplasmic; Extracellular	Helical			True		True
Q9SL43	MSRA5				True
Q9SL78	ATL12		Helical		True	True
Q9SLA0	BGLU14				True
Q9SLC4	ATL40		Helical			True
Q9SLG3	ZIP3	Extracellular; Cytoplasmic	Helical		True	True		True
Q9SLI6	RLP8	Extracellular; Cytoplasmic	Helical		True	True		True
Q9SMW3	SKS14				True
Q9SN28	ATL7		Helical			True
Q9SN36	NRAMP5		Helical			True
Q9SNE5	IRX15		Helical			True
Q9SQN9	ENODL7				True
Q9SQT9	AGP27				True
Q9SQX6	SCPL7				True
Q9SR22	PAE5				True
Q9SR40	LAC7				True
Q9SR72					True
Q9SR79	PAP16				True
Q9SRH4					True
Q9SRL2	RLP34	Extracellular; Cytoplasmic	Helical		True	True		True
Q9SRL3	TBL32	Cytoplasmic; Lumenal	Helical; Signal-anchor for type II membrane protein			True		True
Q9SRM0	ATL66		Helical			True
Q9SRN1	NHL2		Helical			True
Q9SRQ8	ATL51		Helical			True
Q9SRR2	FH10		Helical		True	True
Q9SRS3	YLMG1-1		Helical			True
Q9SRT7	COBL1				True
Q9SRX3	CEL2				True
Q9SS68	MCTP14		Helical			True
Q9SSB7	DGR1				True
Q9SSE8		Cytoplasmic; Lumenal	Helical; Signal-anchor			True		True
Q9SSG3	HIPL1				True
Q9SSM2					True
Q9SSN0		Cytoplasmic; Lumenal	Helical			True		True
Q9STF7	SBT4.6				True
Q9STG2	COPT2		Helical			True
Q9STH5	LTPG24				True
Q9STK8	CYP71A25		Helical			True
Q9STK9	CYP71A24		Helical			True
Q9STL4	CEP2				True
Q9STM6					True
Q9STP4	BGLU9				True
Q9STQ2	SBT3.18				True
Q9STT5	ABCA7		Helical			True
Q9STT6	ABCA6		Helical			True
Q9STT7	ABCA5		Helical			True
Q9STT8	ABCA4		Helical			True
Q9STV0	GWD2				True
Q9STW3	DMP3		Helical			True
Q9STW8	KOR3	Cytoplasmic; Extracellular	Helical; Signal-anchor for type II membrane protein			True		True
Q9STY8	HSD2		Helical; Signal-anchor for type II membrane protein			True
Q9SUB4	ACA6				True
Q9SUE0	YLMG1-2		Helical			True
Q9SUI5	PSAK		Helical			True
Q9SUI6	PSAH2		Helical			True
Q9SUI7	PSAH1		Helical			True
Q9SUN3		Cytoplasmic; Lumenal	Helical; Signal-anchor for type II membrane protein			True		True
Q9SUN6	SBT2.2				True
Q9SUV6	LTPG34				True
Q9SUY9	KCS15		Helical			True
Q9SV02	SCPL39				True
Q9SV04	SCPL36				True
Q9SV07	ASAT1		Helical			True
Q9SV31	PIP2-5	Cytoplasmic; Extracellular	Helical			True		True
Q9SV60	XTH2				True
Q9SV71			Helical		True	True
Q9SV73	GILT				True
Q9SVE6	RHS17		Helical; Signal-anchor for type II membrane protein			True
Q9SVE7	DTX45		Helical			True
Q9SVG3					True
Q9SVG5					True
Q9SVG7					True
Q9SVJ4	GH9B16				True
Q9SVM3	RLP49	Extracellular; Cytoplasmic	Helical		True	True		True
Q9SVN2	RLP47	Extracellular; Cytoplasmic	Helical		True	True		True
Q9SVQ6					True
Q9SVS1	BGLU47				True
Q9SVT4	SBT3.14				True
Q9SVT8	AMT1-4		Helical			True
Q9SW07	GDU2	Extracellular; Cytoplasmic	Helical			True		True
Q9SW08	ABCG4		Helical			True
Q9SWX9	ILL5				True
Q9SX33	ALA9	Cytoplasmic; Extracellular	Helical			True		True
Q9SX48	STP9	Cytoplasmic	Helical			True		True
Q9SX83	DTX33		Helical			True
Q9SX93	PUP19		Helical			True
Q9SXA5	SCAMP5	Cytoplasmic	Helical			True		True
Q9SXB0	SYP125	Cytoplasmic; Vesicular	Helical; Anchor for type IV membrane protein			True		True
Q9SXS2	SULTR3;3	Cytoplasmic; Extracellular	Helical			True		True
Q9SY14	OSCA1.7		Helical			True
Q9SYB5	OST3B	Lumenal; Cytoplasmic	Helical		True	True		True
Q9SYC8	LPAT3		Helical			True
Q9SYH3	SPL2	Cytoplasmic; Chloroplast intermembrane	Helical			True		True
Q9SYI2	ABCB3		Helical			True
Q9SYJ2	GPAT3		Helical			True
Q9SYM1	MSL6		Helical			True
Q9SYM9		Extracellular; Cytoplasmic	Helical			True		True
Q9SYQ1	PHT1-8	Cytoplasmic; Extracellular	Helical			True		True
Q9SZ13	VHA-e2		Helical			True
Q9SZ90					True
Q9SZG0	HHP4	Cytoplasmic; Extracellular	Helical			True		True
Q9SZG1	GT6	Cytoplasmic; Lumenal	Helical; Signal-anchor for type II membrane protein			True		True
Q9SZG4	PSK4				True
Q9SZL4	ATL18		Helical		True	True
Q9SZM1	EXPA20				True
Q9SZT0	P4H11	Cytoplasmic; Lumenal	Helical; Signal-anchor for type II membrane protein			True		True
Q9SZT4	OSCA4.1		Helical			True
Q9SZV5	SBT2.6				True
Q9SZW7					True
Q9SZX8		Cytoplasmic; Lumenal	Helical; Signal-anchor for type II membrane protein			True		True
Q9SZY2	SBT3.7				True
Q9SZY3	SBT3.8				True
Q9T017	DIR13				True
Q9T050			Helical			True
Q9T095	OPT6		Helical			True
Q9T0E0		Cytoplasmic; Extracellular	Helical			True		True
Q9T0G0	HSD5		Helical; Signal-anchor for type II membrane protein			True
Q9T0K2	CYP71A20		Helical			True
Q9T0L2	CSLA15		Helical			True
Q9XEC4	APA3				True
Q9XF63	ATL3		Helical			True
Q9XFS7	LTP5				True
Q9XI72		Cytoplasmic; Extracellular	Helical			True		True
Q9XI77	FUT9	Lumenal	Helical; Signal-anchor for type II membrane protein			True		True
Q9XI78	FUT8	Lumenal	Helical; Signal-anchor for type II membrane protein			True		True
Q9XI81	FUT7	Cytoplasmic; Lumenal	Helical; Signal-anchor for type II membrane protein			True		True
Q9XIA7	TOM6		Helical			True
Q9XIB6	PEX2				True
Q9XIL9	PEX3				True
Q9XIM7	COR413PM1	Extracellular; Cytoplasmic	Helical			True		True
Q9ZNS4	PRB1				True
Q9ZPH4			Helical			True
Q9ZPH9		Cytoplasmic; Lumenal	Helical; Signal-anchor for type II membrane protein			True		True
Q9ZPJ8	AMT1-2		Helical			True
Q9ZQ23	FLA3				True
Q9ZQ81	PAP9				True
Q9ZQ88	UPS4	Extracellular; Cytoplasmic	Helical			True		True
Q9ZQA3	PME15				True
Q9ZQA4	PME14				True
Q9ZQP6	INT3		Helical			True
Q9ZQQ0	SCPL26				True
Q9ZQR3		Extracellular; Cytoplasmic	Helical		True	True		True
Q9ZS51	PMP22	Cytoplasmic; Peroxisomal matrix	Helical			True		True
Q9ZSB0	SBT3.9				True
Q9ZSB1	SBT3.10				True
Q9ZSJ6	GRP3S				True
Q9ZT17	AGP3				True
Q9ZU07	CYP71B12		Helical			True
Q9ZU35	ABCG7		Helical			True
Q9ZUC2	BCA3				True
Q9ZUG3	SCPL38				True
Q9ZUH3	PUP5		Helical			True
Q9ZUH8	HHP3	Cytoplasmic; Extracellular	Helical			True		True
Q9ZUI0		Extracellular; Cytoplasmic	Helical		True	True		True
Q9ZUI3	BGLU4				True
Q9ZUK7	RLP18	Extracellular; Cytoplasmic	Helical			True		True
Q9ZUL7	PDF2.3				True
Q9ZUL8	PDF2.6				True
Q9ZUM2	TOM3	Extracellular; Cytoplasmic	Helical			True		True
Q9ZUT0	ABCG2		Helical			True
Q9ZUT3	ALS3		Helical			True
Q9ZUU9	ABCG3		Helical			True
Q9ZUV9	CHX7		Helical			True
Q9ZV07	PIP2-6	Cytoplasmic; Extracellular	Helical			True		True
Q9ZV29	CYP710A3		Helical			True
Q9ZV51	ATL56		Helical			True
Q9ZV85	GGH3				True
Q9ZVA1					True
Q9ZVA5					True
Q9ZVC7	LTPG12				True
Q9ZVD2	NHL13		Helical			True
Q9ZVX8	PIP2-8	Cytoplasmic; Extracellular	Helical			True		True
Q9ZW09	LECRK31	Extracellular; Cytoplasmic	Helical		True	True		True
Q9ZWB9	FAO1		Helical			True
Q9ZWT3	PHT1-6	Cytoplasmic; Extracellular	Helical			True		True
A0A1P8ATR9	RLP9B	Extracellular; Cytoplasmic	Helical		True	True		True
A0MEX7	CRRSP30				True
A0MFS9			Helical			True
A1XJK0	TIM22-4		Helical			True
A2RVT6	RTNLB14		Helical			True
A7REE5	RALFL3				True
A7REH2	RALFL30				True
A8MQ92	RALFL2				True
A8MQA2	LTP13				True
A8MQA4	ESFL5		Helical		True	True
A8MQI8	RALFL5				True
A8MQL7	RALFL20				True
A8MQM7	RALFL15				True
A8MQN0	LCR51				True
A8MQP2	RALFL29				True
A8MQP7	ESFL7				True
A8MQY8	ESFL9				True
A8MR00					True
A8MR46	GASA13				True
A8MR88	ESFL8				True
A8MRC8					True
A8MRE9	DVL23		Helical			True
A8MRF9	RALFL21				True
A8MRI0	ESFL3				True
A8MRK3					True
A8MRP4					True
A8MRV5	ESFL11				True
A8MRV9	SLAH4	Cytoplasmic; Extracellular	Helical			True		True
A8MS09	DVL24		Helical			True
B3H453	SPH8				True
B3H4B5	SPH11				True
B3H5E1	SPH7				True
B3H6H8	SPH10				True
B3H6K1			Helical		True	True
B3H730	SPH18				True
B3H7A6	SPH19				True
C4B8C4	EPFL3				True
C4B8C5	EPFL7				True
F2Q9V4	SPH6				True
F2Q9V5	SPH16				True
F4HPH1	DTX22		Helical			True
F4HPH2	DTX20		Helical			True
F4HQ05	DTX8		Helical			True
F4HTB2	DVL22		Helical			True
F4HVM3			Helical			True
F4HVS6	MYOB6		Helical		True	True
F4HVX7			Helical			True
F4HYR3	OSCA1.4		Helical			True
F4HZH9	DTX11		Helical			True
F4HZQ7			Helical			True
F4I037	TBL7		Helical; Signal-anchor for type II membrane protein			True
F4I0Z6	NEAP4		Helical			True
F4I107	PAE1				True
F4I248	OSCA2.4		Helical			True
F4I4Q3	DTX32		Helical			True
F4I5Q2			Helical			True
F4I839	PAE2				True
F4I8W6			Helical			True
F4I8X6			Helical			True
F4I8X8	OST3A	Lumenal; Cytoplasmic	Helical		True	True		True
F4IB94	JAL8				True
F4IB95	JAL9				True
F4IBF0					True
F4IDU9					True
F4IHU9	DTX15		Helical			True
F4IJ08			Helical			True
F4IJ77			Helical			True
F4IJZ6	SSL1				True
F4IKF6			Helical			True
F4IQJ4	GASA11				True
F4IQJ6	LCV3	Cytoplasmic; Extracellular	Helical			True		True
F4IQK5					True
F4IQX1			Helical			True
F4IR05			Helical			True
F4ISE1	RALFL12				True
F4ISE2	RALFL13				True
F4IUU1	RLP27	Extracellular; Cytoplasmic	Helical		True	True		True
F4IUW3	AVT1C		Helical			True
F4IWA8	TBL41		Helical; Signal-anchor for type II membrane protein			True
F4IXT6			Helical			True
F4IYZ0			Helical			True
F4IZC4	BASS4		Helical			True
F4IZW8	AVT1F		Helical			True
F4J0C0					True
F4J158	DTX24		Helical			True
F4J1D9					True
F4J1Q9	AVT1I		Helical			True
F4J8G2	RLP33	Extracellular; Cytoplasmic	Helical		True	True		True
F4J9A3			Helical			True
F4JCY2	OSCA2.5		Helical			True
F4JDF3	DIR8				True
F4JE35	AVT1B		Helical			True
F4JGB6	RLP46	Extracellular; Cytoplasmic	Helical		True	True		True
F4JIP9			Helical			True
F4JK59			Helical			True
F4JKB9	DTX38		Helical			True
F4JLQ5	SPH2				True
F4JLS0	SPH1				True
F4JMI7			Helical			True
F4JPK8					True
F4JQG6					True
F4JUF8	DIR15				True
F4JZG1	SPH4				True
F4JZJ0	NSH5				True
F4K4R6	GEX2		Helical			True
F4K5K4	TBL5		Helical; Signal-anchor for type II membrane protein			True
F4KD68			Helical			True
F4KFX5					True
F4KHA8			Helical			True
F4KID5			Helical			True
F4KIL8			Helical			True
O04195			Helical			True
O04212					True
O04472	NAT10		Helical			True
O04508	PUP16		Helical			True
O04573					True
O04575					True
O04584	FAD4L1		Helical			True
O04587					True
O04621	TBL26		Helical; Signal-anchor for type II membrane protein			True
O22704	CB5LP		Helical			True
O22719		Cytoplasmic; Extracellular	Helical			True		True
O22780			Helical			True
O22818					True
O22912			Helical			True
O22918					True
O22927					True
O22977	BDG3				True
O23020	SPH5				True
O23040	DEAL4		Helical		True	True
O23086	ALMT10		Helical			True
O23164		Extracellular; Cytoplasmic	Helical			True		True
O23413		Cytoplasmic; Extracellular	Helical			True		True
O23469					True
O23470					True
O23547	EXLB1				True
O23596			Helical			True
O23693	MLO4	Extracellular; Cytoplasmic	Helical			True		True
O48529	STR9		Helical			True
O48670	RER1A		Helical			True
O48763	RLP25	Extracellular; Cytoplasmic	Helical			True		True
O48766					True
O48776	RALFL17				True
O48842	GT12	Cytoplasmic; Lumenal	Helical; Signal-anchor for type II membrane protein			True		True
O48843	GT13	Cytoplasmic; Lumenal	Helical; Signal-anchor for type II membrane protein			True		True
O48848	GRP23				True
O48851	RLP22	Extracellular; Cytoplasmic	Helical		True	True		True
O49296					True
O49328	RLP26	Extracellular; Cytoplasmic	Helical		True	True		True
O49329	RLP24	Extracellular; Cytoplasmic	Helical		True	True		True
O49396	CYP82C3		Helical			True
O49567			Helical			True
O49636	MPC4		Helical			True
O49726	PUP21		Helical			True
O64466	RALFL11				True
O64468					True
O64469					True
O64638	CYP76C3		Helical			True
O64718	CYP71B9		Helical			True
O64738	ZIP6	Lumenal; Cytoplasmic	Helical			True		True
O64792			Helical			True
O64834		Extracellular; Cytoplasmic	Helical			True		True
O64847	FAX7		Helical			True
O64889					True
O64890					True
O65438	CYP71A27		Helical			True
O65456					True
O65457					True
O65784	CYP71B5		Helical			True
O65786	CYP71B4		Helical			True
O65919	RALFL10				True
O65921					True
O80436	NPF5.5		Helical			True
O80443					True
O80470					True
O80497					True
O80522					True
O80594			Helical			True
O80630	DIR9				True
O80641					True
O80668	AVT1A		Helical			True
O80695	DTX37		Helical			True
O80813			Helical			True
O80844		Cytoplasmic; Lumenal	Helical; Signal-anchor for type II membrane protein			True		True
O80854			Helical		True	True
O80872	TBL45		Helical; Signal-anchor for type II membrane protein			True
O80940	TBL15		Helical; Signal-anchor for type II membrane protein			True
O81416					True
O81483	M10				True
O81514			Helical			True
O81641	ILL3				True
O81866	PP2A2		Helical			True
O81916			Helical			True
O82176	EXL7				True
O82328	GASA7				True
O82352	RTNLB5		Helical			True
O82377	ESFL6				True
O82509	TBL23		Helical; Signal-anchor for type II membrane protein			True
O82752	DTX49		Helical			True
P0C2C9	FBX12		Helical			True
P0C897			Helical			True
P0C8Z7					True
P0C941	RTNLB23		Helical			True
P0CAX9					True
P0CAY0					True
P0CAY4					True
P0CAY5					True
P0CAY7					True
P0CB17		Cytoplasmic; Extracellular	Helical			True		True
P0CI03	NPF5.6		Helical			True
P0CJ49	CRRSP42				True
P0CJ50	CRRSP43				True
P0CJ51	CRRSP44				True
P0CJ52	CRRSP45				True
P0CJ53	CRRSP46				True
P0CJ54	CRRSP47				True
P0CJ55	CRRSP48				True
P0CJ56	CRRSP49				True
P0CJ57	CRRSP50				True
P0CJ58	CRRSP51				True
P0CJ59	CRRSP52				True
P0CJ60	CRRSP53				True
P0CJ61	CRRSP54				True
P0CW97	PCR3		Helical			True
P0CW98	PCR9		Helical			True
P0CZ21	MRS2-8		Helical			True
P0DH79	CBSCBSPB5		Helical			True
P0DI15					True
P0DI74	SEC61G1	Cytoplasmic; Extracellular	Helical			True		True
P0DI75	SEC61G2	Cytoplasmic; Extracellular	Helical			True		True
P0DKC0	PPI3B		Helical			True
P0DKC1	PPI3A		Helical			True
P0DKC7	HSD4		Helical; Signal-anchor for type II membrane protein			True
P0DKG2			Helical			True
P0DKH1	ESFL2				True
P0DN92	SPH24				True
P0DN93	SPH29				True
P0DN94	SPH17				True
P47925					True
P50699					True
P50700	OSM34				True
P56768	psaI		Helical			True
P56769	psaJ		Helical			True
P56770	ccsA		Helical			True
P56775	petG		Helical			True
P56781	psbJ		Helical			True
P56782	psbK		Helical			True
P56790	psbZ		Helical			True
P57758			Helical			True
P58047	CYP71A28		Helical			True
P58049	CYP71B11		Helical			True
P58684		Cytoplasmic; Lumenal	Helical			True		True
P60129	psbL		Helical			True
P61039	petN		Helical			True
P61839	psbT		Helical			True
P62100	psbI		Helical			True
P62109	psbM		Helical			True
P62113	psbN		Helical			True
P82620	SCRL1				True
P82621	SCRL2				True
P82622	SCRL3				True
P82623	SCRL4				True
P82625	SCRL6				True
P82626	SCRL7				True
P82627	SCRL8				True
P82628	SCRL9				True
P82629	SCRL10				True
P82630	SCRL11				True
P82631	SCRL12				True
P82632	SCRL13				True
P82633	SCRL14				True
P82634	SCRL15				True
P82635	SCRL16				True
P82636	SCRL17				True
P82637	SCRL18				True
P82638	SCRL19				True
P82639	SCRL20				True
P82640	SCRL21				True
P82641	SCRL22				True
P82642	SCRL23				True
P82643	SCRL24				True
P82644	SCRL25				True
P82645	SCRL26				True
P82646	SCRL27				True
P82647	SCRL28				True
P82716	LCR1				True
P82717	LCR2				True
P82718	LCR3				True
P82719	LCR4				True
P82721	LCR6				True
P82722	LCR7				True
P82723	LCR8				True
P82724	LCR9				True
P82726	LCR11				True
P82727	LCR12				True
P82728	LCR13				True
P82729	LCR14				True
P82730	LCR15				True
P82731	LCR16				True
P82732	LCR18				True
P82733	LCR19				True
P82734	LCR20				True
P82735	LCR21				True
P82737	LCR23				True
P82739	LCR25				True
P82743	LCR28				True
P82744	LCR29				True
P82745	LCR30				True
P82746	LCR31				True
P82747	LCR32				True
P82748	LCR33				True
P82749	LCR34				True
P82750	LCR35				True
P82751	LCR36				True
P82752	LCR37				True
P82753	LCR38				True
P82754	LCR39				True
P82755	LCR40				True
P82756	LCR41				True
P82757	LCR42				True
P82758	LCR43				True
P82759	LCR44				True
P82760	LCR45				True
P82761	LCR46				True
P82762	LCR47				True
P82763	LCR48				True
P82764	LCR49				True
P82765	LCR50				True
P82766	LCR52				True
P82767	LCR53				True
P82768	LCR54				True
P82769	LCR55				True
P82770	LCR56				True
P82771	LCR57				True
P82772	LCR58				True
P82774	LCR60				True
P82775	LCR61				True
P82776	LCR62				True
P82777	LCR63				True
P82778	LCR64				True
P82779	LCR65				True
P82781	LCR71				True
P82782	LCR73				True
P82785	LCR76				True
P82790	LCR81				True
P82791	LCR82				True
P82792	LCR83				True
P82793	LCR84				True
P82794	LCR85				True
P82795	LCR86				True
P92511			Helical			True
P92528			Helical			True
P92536			Helical			True
P92541			Helical			True
P92550			Helical			True
P92559	; 		Helical			True
P93039	NAT4		Helical			True
P93278			Helical			True
P93283			Helical			True
P93296	; 		Helical			True
P93314	; 		Helical			True
Q00874	DRT100				True
Q0V822	RALFL26				True
Q0WLC7	CBSCBSPB4		Helical			True
Q0WNE5	KTI6				True
Q0WNG6	LPP4		Helical			True
Q0WPE9	NAT7		Helical			True
Q0WPI9					True
Q0WPS2			Helical		True	True
Q0WQJ3	AVT6D		Helical			True
Q0WTI8	ATJ72		Helical			True
Q0WUU6	PLT4		Helical			True
Q0WVE9			Helical			True
Q0WVZ1			Helical		True	True
Q147F9					True
Q1G309	TAX2				True
Q1G373	SPH30				True
Q1G3I0	LTPG28				True
Q1G3R6	ESFL4				True
Q1G3T1	TDL1				True
Q1G3V9	EPFL8				True
Q1G3Y1					True
Q1PDG8	ESFL10				True
Q1PDX9	DTX26		Helical			True
Q1PEN0	RLP36	Extracellular; Cytoplasmic	Helical		True	True		True
Q1PER9	AVT1G		Helical			True
Q1PFB8		Cytoplasmic; Extracellular	Helical			True		True
Q1PFG9	DTX7		Helical			True
Q29PV4	IDL1				True
Q2HIW2	MAPR4		Helical			True
Q2HQ46	SPH74				True
Q2L6T1					True
Q2L6T3					True
Q2L6T6					True
Q2V2Q4					True
Q2V2Q8					True
Q2V2S1					True
Q2V2W2					True
Q2V2W3					True
Q2V2W6					True
Q2V2W7					True
Q2V2W8					True
Q2V2Y0					True
Q2V2Y3					True
Q2V2Y6					True
Q2V2Z3					True
Q2V300					True
Q2V304					True
Q2V305					True
Q2V306					True
Q2V309					True
Q2V310					True
Q2V311					True
Q2V315					True
Q2V318					True
Q2V321					True
Q2V322					True
Q2V325					True
Q2V328					True
Q2V329					True
Q2V334					True
Q2V337					True
Q2V342					True
Q2V352					True
Q2V354					True
Q2V364					True
Q2V365					True
Q2V366					True
Q2V369					True
Q2V370					True
Q2V371					True
Q2V390					True
Q2V391					True
Q2V392					True
Q2V3C1	LTP11				True
Q2V3D7					True
Q2V3H5					True
Q2V3H6					True
Q2V3J0					True
Q2V3J1					True
Q2V3J6					True
Q2V3K0					True
Q2V3K1					True
Q2V3K2					True
Q2V3K4					True
Q2V3K7					True
Q2V3K9					True
Q2V3L0					True
Q2V3Q1					True
Q2V3Q8					True
Q2V3R9					True
Q2V3S0					True
Q2V3S7					True
Q2V3S8					True
Q2V3V1					True
Q2V3X3					True
Q2V3Y5					True
Q2V3Y8					True
Q2V413					True
Q2V433					True
Q2V459					True
Q2V460					True
Q2V462					True
Q2V466					True
Q2V467					True
Q2V468					True
Q2V470					True
Q2V472					True
Q2V476					True
Q2V477					True
Q2V483					True
Q2V485					True
Q2V488					True
Q2V493					True
Q2V4A3					True
Q2V4A4					True
Q2V4A5					True
Q2V4A6					True
Q2V4A7					True
Q2V4A8					True
Q2V4C3					True
Q2V4C4					True
Q2V4D5					True
Q2V4D6					True
Q2V4D7					True
Q2V4D9					True
Q2V4E0					True
Q2V4F0					True
Q2V4F3					True
Q2V4F4					True
Q2V4F6					True
Q2V4F7					True
Q2V4G1					True
Q2V4G3					True
Q2V4G5					True
Q2V4G6					True
Q2V4G9					True
Q2V4H7					True
Q2V4I2					True
Q2V4I8					True
Q2V4I9					True
Q2V4J2					True
Q2V4J5					True
Q2V4J8					True
Q2V4L5					True
Q2V4N0					True
Q2V4N2					True
Q2V4N4					True
Q2V4N5					True
Q2V4N6					True
Q38894					True
Q39168					True
Q3E6U0					True
Q3E715					True
Q3E7C7					True
Q3E7I6					True
Q3E7S1					True
Q3E8I8					True
Q3E8K0					True
Q3E8R5					True
Q3E912	DMP10		Helical			True
Q3E954	BOR6	Cytoplasmic; Extracellular	Helical			True		True
Q3E956	NAT9		Helical			True
Q3E9B5	NPF7.1		Helical			True
Q3E9W6	SPH20				True
Q3E9Z9	ALMT11		Helical			True
Q3EA54		Cytoplasmic; Extracellular	Helical			True		True
Q3EAQ9					True
Q3EB59		Cytoplasmic; Extracellular	Helical			True		True
Q3EBU2					True
Q3ECL0	RALFL9				True
Q3ECM4					True
Q3ECP7			Helical			True
Q3ECT8		Cytoplasmic; Extracellular	Helical			True		True
Q3ED15			Helical			True
Q3EDD7			Helical			True
Q42330	ATTI7				True
Q4PT07			Helical			True
Q4PT23			Helical			True
Q4VNZ5					True
Q4VNZ6					True
Q4VNZ8					True
Q4VNZ9					True
Q4VP04					True
Q4VP07	LURE1.6				True
Q500Z4			Helical			True
Q501F8			Helical			True
Q501G6		Cytoplasmic; Extracellular	Helical			True		True
Q53YF3		Cytoplasmic; Lumenal	Helical; Signal-anchor for type II membrane protein			True		True
Q56WD3			Helical			True
Q56X72	RTNLB21		Helical			True
Q56X75		Cytoplasmic; Extracellular	Helical			True		True
Q56XB0					True
Q56XQ0			Helical			True
Q56XQ6	NPF4.4		Helical			True
Q56XR7	STR4A		Helical			True
Q570Q8			Helical			True
Q58G33	TET14	Cytoplasmic; Extracellular	Helical			True		True
Q58G35	TET17	Cytoplasmic; Extracellular	Helical			True		True
Q5BPJ0	TBL11		Helical; Signal-anchor for type II membrane protein			True
Q5BPL5			Helical			True
Q5BPZ5			Helical			True
Q5BQ04	TET16	Cytoplasmic; Extracellular	Helical			True		True
Q5FV41			Helical			True
Q5PNZ0					True
Q5PP32			Helical			True
Q5Q0E2	CRRSP9				True
Q5Q0H2	FLA19				True
Q5XF09			Helical			True
Q5XV33	SPH13				True
Q66GI1		Cytoplasmic; Extracellular	Helical			True		True
Q67XC4	TBL40		Helical; Signal-anchor for type II membrane protein			True
Q67YC9					True
Q67YM6	DIR11				True
Q67YS6	ALIS2		Helical			True
Q67YT8	RUS4		Helical			True
Q67ZI9					True
Q680N1	SPH12				True
Q682H0	HVA22F		Helical			True
Q6AWW0	LTP9				True
Q6AWW5			Helical			True
Q6AWX0			Helical			True
Q6DBP3			Helical			True
Q6DR04	RTNLB17		Helical			True
Q6DST1			Helical			True
Q6DUW6	IDL4				True
Q6DUW9	IDL2				True
Q6DYE5			Helical			True
Q6E240			Helical			True
Q6GKX7	GASA12				True
Q6IM80	DVL21		Helical			True
Q6IM82	DVL19		Helical			True
Q6IM84	DVL17		Helical			True
Q6IM86	DVL15		Helical			True
Q6IM87	DVL14		Helical			True
Q6IM89	DVL12		Helical			True
Q6IM91	DVL10		Helical			True
Q6IM94	DVL7		Helical			True
Q6IM95	DVL6		Helical			True
Q6NLP7					True
Q6NMB6	UTR5B		Helical			True
Q6NMB7			Helical			True
Q6NMJ2					True
Q6NMS3					True
Q6NPD8	RTNLB10		Helical			True
Q6NPF8		Cytoplasmic; Extracellular	Helical			True		True
Q6NQP4	LRR2				True
Q6R3K4	YSL8		Helical			True
Q6SZ87	NAT11		Helical			True
Q7X6T3					True
Q7XA64			Helical			True
Q7Y225	DIR16				True
Q84JB8	RUS3		Helical			True
Q84JN1	APRL7		Helical		True	True
Q84MC0					True
Q84TH6	DIR23				True
Q84TJ0		Cytoplasmic; Lumenal	Helical; Signal-anchor for type II membrane protein			True		True
Q84VZ5					True
Q84W04			Helical			True
Q84WE9		Cytoplasmic; Extracellular	Helical			True		True
Q84WF5	PHYL1.2		Helical; Anchor for type IV membrane protein			True
Q84WF6	TET5	Cytoplasmic; Extracellular	Helical			True		True
Q84WP5		Cytoplasmic; Extracellular	Helical			True		True
Q84X12	JAL26		Helical			True
Q8GUH2			Helical			True
Q8GUM4			Helical			True
Q8GW16			Helical			True
Q8GW20			Helical			True
Q8GW61	STP14	Cytoplasmic	Helical			True		True
Q8GWC3	PRA1A2		Helical			True
Q8GWG6			Helical			True
Q8GWH5	RTNLB22		Helical			True
Q8GWI7	JAL10				True
Q8GWK5	GASA9				True
Q8GWP3	COPT6		Helical			True
Q8GWT5			Helical			True
Q8GX02	SPH14				True
Q8GXB4			Helical			True
Q8GXM8	DTX2		Helical			True
Q8GXR2	PLT6		Helical			True
Q8GXR4					True
Q8GXV6					True
Q8GY39					True
Q8GYH6	RTNLB16		Helical			True
Q8GYK7			Helical			True
Q8GYS1		Extracellular; Cytoplasmic	Helical			True		True
Q8GYS4	AVT1D		Helical			True
Q8GZA4	CBSX6		Helical			True
Q8H184			Helical			True
Q8H1R3	TBL24		Helical; Signal-anchor for type II membrane protein			True
Q8L4X4			Helical			True
Q8L586			Helical			True
Q8L5Z1					True
Q8L608					True
Q8L616	DTX25		Helical			True
Q8L731	DTX12		Helical			True
Q8L7A0			Helical			True
Q8L7D0	DVL13		Helical			True
Q8L7G7					True
Q8L7H8	MPC2		Helical			True
Q8L7R5		Cytoplasmic; Extracellular	Helical			True		True
Q8L7Y9	NPC1				True
Q8L8U9		Cytoplasmic; Extracellular	Helical			True		True
Q8L924		Cytoplasmic; Extracellular	Helical			True		True
Q8L986	OST4B	Lumenal; Cytoplasmic	Helical			True		True
Q8L9B5		Cytoplasmic; Extracellular	Helical			True		True
Q8L9G7			Helical			True
Q8LBI9			Helical			True
Q8LC76	CYS7				True
Q8LCL8			Helical			True
Q8LDN4	CLE46				True
Q8LDS3	RTNLB18		Helical			True
Q8LE26		Cytoplasmic; Extracellular	Helical			True		True
Q8LE84	DVL18		Helical			True
Q8LED0			Helical			True
Q8LFD5					True
Q8LFJ9	GLIP7				True
Q8LFM0	LCR24				True
Q8LFP1	PRA1H		Helical			True
Q8LPF4	AVT1E		Helical			True
Q8LPI0					True
Q8RW93					True
Q8RWC5	FLA16				True
Q8RWE9	NAT5		Helical			True
Q8RWF5	DTX6		Helical			True
Q8RWJ4					True
Q8RWQ5			Helical			True
Q8RX63	RLP31	Extracellular; Cytoplasmic	Helical		True	True		True
Q8RXK1	DTX23		Helical			True
Q8RXT9					True
Q8RY66					True
Q8RY74	PUP22		Helical			True
Q8RY83	PUP13		Helical			True
Q8S3W4	ZIP8	Extracellular; Cytoplasmic	Helical		True	True		True
Q8S8H3	LCR5				True
Q8S8H9	LCR10				True
Q8S8P7	PSY3				True
Q8S8S3	DVL11		Helical			True
Q8S8T8	PCR10		Helical			True
Q8S9J0			Helical			True
Q8SAA5	COPT4		Helical			True
Q8VWF6	SSL3				True
Q8VXX9		Cytoplasmic; Vesicular	Helical; Anchor for type IV membrane protein			True		True
Q8VY22	TBL38		Helical; Signal-anchor for type II membrane protein			True
Q8VY49	LCV1	Cytoplasmic; Extracellular	Helical			True		True
Q8VY63			Helical			True
Q8VY93					True
Q8VY97			Helical		True	True
Q8VYL8	DTX10		Helical			True
Q8VYZ7			Helical			True
Q8VZ13			Helical			True
Q8VZ96	DER2.1	Cytoplasmic; Lumenal	Helical			True		True
Q8VZK8					True
Q8VZM5	OSCA1.6		Helical			True
Q8VZM7			Helical			True
Q8VZN4	PPI4		Helical			True
Q8VZQ3		Cytoplasmic; Extracellular	Helical			True		True
Q8VZQ5	NAT8		Helical			True
Q8VZR7	NPF5.1		Helical			True
Q8VZT3	SUGTL5		Helical			True
Q8W115	PRA1A3		Helical			True
Q8W246	ZIP7	Extracellular; Cytoplasmic	Helical		True	True		True
Q8W488	DTX21		Helical			True
Q8W4R9			Helical			True
Q93V85			Helical			True
Q93Y91	STP5	Cytoplasmic	Helical			True		True
Q93YP9			Helical			True
Q93YT3	RLP50	Extracellular; Cytoplasmic	Helical		True	True		True
Q93YW8					True
Q93YX4	APRL5		Helical		True	True
Q93Z38	TAR4		Helical			True
Q93Z80			Helical			True
Q940H3	TBL36		Helical; Signal-anchor for type II membrane protein			True
Q940N9	DTX39		Helical			True
Q944H2	ABCI12		Helical			True
Q944J0		Cytoplasmic; Lumenal	Helical			True		True
Q945L4			Helical			True
Q945M8		Cytoplasmic; Extracellular	Helical			True		True
Q94A20	LFG5		Helical			True
Q94A87	OSCA2.2		Helical			True
Q94AA1			Helical			True
Q94AF9			Helical			True
Q94AH3		Extracellular; Cytoplasmic	Helical			True		True
Q94AL1	DTX13		Helical			True
Q94AZ8					True
Q94C53		Lumenal; Cytoplasmic	Helical			True		True
Q94C70	NAT2		Helical			True
Q94CC0			Helical		True	True
Q94CI6	SFP2		Helical			True
Q94EI9			Helical			True
Q94JU2			Helical			True
Q94K00	TBL28		Helical; Signal-anchor for type II membrane protein			True
Q94K18	EMB2752		Helical			True
Q94K98			Helical			True
Q94KB1	MLO14	Extracellular; Cytoplasmic	Helical			True		True
Q94KE1		Cytoplasmic; Lumenal	Helical; Signal-anchor for type II membrane protein			True		True
Q94LA9	CYCLASE3				True
Q9AST6		Cytoplasmic; Lumenal	Helical			True		True
Q9C523	DIR19				True
Q9C5L3			Helical			True
Q9C637	RLP6	Extracellular; Cytoplasmic	Helical		True	True		True
Q9C648					True
Q9C653					True
Q9C654	PUP23		Helical			True
Q9C6A6	RLP13	Extracellular; Cytoplasmic	Helical		True	True		True
Q9C6A8	RLP15	Extracellular; Cytoplasmic	Helical		True	True		True
Q9C6B6	HRD3B				True
Q9C6D3	NHD2		Helical			True
Q9C6M2		Cytoplasmic; Extracellular	Helical			True		True
Q9C6S4			Helical			True
Q9C6T0	NIP3-1		Helical			True
Q9C6T7	FAX5		Helical			True
Q9C733		Cytoplasmic; Extracellular	Helical			True		True
Q9C7D7			Helical			True
Q9C891	DIR20				True
Q9C8C1	LCV2	Cytoplasmic; Extracellular	Helical			True		True
Q9C8D6					True
Q9C8M1			Helical			True
Q9C924	DD11				True
Q9C994	DTX14		Helical			True
Q9C996	GLIP6				True
Q9C9J0		Cytoplasmic; Extracellular	Helical			True		True
Q9C9M8	DTX9		Helical			True
Q9C9R4			Helical			True
Q9C9U1	DTX17		Helical			True
Q9C9V0					True
Q9C9Z1			Helical			True
Q9C9Z3	RER2		Helical			True
Q9CA68					True
Q9CAC7	CRRSP4				True
Q9CAR9	NPF2.14		Helical			True
Q9CAX1	TBL8		Helical; Signal-anchor for type II membrane protein			True
Q9FE98	TAR3		Helical			True
Q9FF19	SPH9				True
Q9FFB2	SCPL54				True
Q9FFB7	CHX9		Helical			True
Q9FFB8	CHX3		Helical			True
Q9FFC6					True
Q9FFT2		Cytoplasmic; Extracellular	Helical			True		True
Q9FFX0	RBL9		Helical			True
Q9FFZ4	TBL9		Helical; Signal-anchor for type II membrane protein			True
Q9FG39		Cytoplasmic; Lumenal	Helical; Signal-anchor for type II membrane protein			True		True
Q9FG65	CYP81D1		Helical			True
Q9FG70			Helical			True
Q9FG72	OPT1		Helical			True
Q9FGG3			Helical			True
Q9FGK0			Helical			True
Q9FGL0			Helical			True
Q9FGN1			Helical			True
Q9FGS8			Helical			True
Q9FGU8	COPT3		Helical			True
Q9FGW0	FLA20		Helical			True
Q9FH16	PRA1G2		Helical			True
Q9FH21	DTX55		Helical			True
Q9FH28	ATJ49		Helical			True
Q9FH67	CYP705A12		Helical			True
Q9FH86	RLP57	Extracellular; Cytoplasmic	Helical		True	True		True
Q9FHB6	DTX16		Helical			True
Q9FHD3	CRRSP59				True
Q9FHD4	CRRSP58	Extracellular; Cytoplasmic	Helical		True	True		True
Q9FHD5	CRRSP57	Extracellular; Cytoplasmic	Helical		True	True		True
Q9FHD8	GT20	Cytoplasmic; Lumenal	Helical; Signal-anchor for type II membrane protein			True		True
Q9FHQ1					True
Q9FHW9					True
Q9FI00	MLO11	Extracellular; Cytoplasmic	Helical			True		True
Q9FI10		Cytoplasmic; Extracellular	Helical			True		True
Q9FI66	DIR3				True
Q9FI83	SPH28				True
Q9FI84	SPH27				True
Q9FIA1					True
Q9FIG6	DIR1				True
Q9FIG7	DIR2				True
Q9FIT2	LTP14				True
Q9FIV3	SPH25				True
Q9FIZ9	NIP4-1		Helical			True
Q9FJ04	SPH26				True
Q9FJ06	TBL4		Helical; Signal-anchor for type II membrane protein			True
Q9FJ24	BDG2				True
Q9FJ40					True
Q9FJ41					True
Q9FJ45					True
Q9FJ72	AT1		Helical			True
Q9FJ73	AT2		Helical			True
Q9FJ74	AT3		Helical			True
Q9FJ75	AT4		Helical			True
Q9FJ76	AT5		Helical			True
Q9FJ78	AT7		Helical			True
Q9FJD1	OPT8		Helical			True
Q9FJD2	OPT9		Helical			True
Q9FK75					True
Q9FKC1			Helical		True	True
Q9FKM3					True
Q9FKQ1	DTX27		Helical			True
Q9FKU9					True
Q9FKY5	MLO10	Extracellular; Cytoplasmic	Helical			True		True
Q9FL08			Helical			True
Q9FL41			Helical			True
Q9FL53	FLA21				True
Q9FL73					True
Q9FLG8			Helical			True
Q9FLK2			Helical			True
Q9FLL4	PUP12		Helical			True
Q9FLY6	SPH15				True
Q9FM20	NPF4.7		Helical			True
Q9FME5	COBL5				True
Q9FME8	OPT4		Helical			True
Q9FMK6					True
Q9FMQ4	SPH3				True
Q9FMV3	CBSCBSPB1		Helical			True
Q9FMW3	OFUT37		Helical; Signal-anchor for type II membrane protein			True
Q9FMY4			Helical			True
Q9FN51	TET12	Cytoplasmic; Extracellular	Helical			True		True
Q9FN77			Helical			True
Q9FN78					True
Q9FN79	BDG5				True
Q9FNA5			Helical			True
Q9FNC1	DTX28		Helical			True
Q9FNE0			Helical			True
Q9FNE8		Cytoplasmic; Extracellular	Helical			True		True
Q9FNL3	DMP6		Helical			True
Q9FNL8	NPF5.3		Helical			True
Q9FNP2					True
Q9FPD5			Helical			True
Q9FRK5			Helical			True
Q9FT45	FLA15				True
Q9FVV1					True
Q9FVV9	NAP5		Helical			True
Q9FX28	KTI3				True
Q9FXB6	LIP4				True
Q9FXI9					True
Q9FXJ1					True
Q9FY71	EXL4				True
Q9FY84		Lumenal; Cytoplasmic	Helical			True		True
Q9FYC1	CHX4		Helical			True
Q9FYC7	PDAT2		Helical			True
Q9FYD3					True
Q9FYG3			Helical			True
Q9FZI8	LCAT1		Helical			True
Q9LDB4	LTP6				True
Q9LDH3			Helical			True
Q9LDX3	UTR4		Helical			True
Q9LEV7			Helical			True
Q9LF97	CBSCBSPB3		Helical			True
Q9LFE3	AVT1H		Helical			True
Q9LFN3			Helical			True
Q9LFR1	NPF5.8		Helical			True
Q9LFT0	TBL19		Helical; Signal-anchor for type II membrane protein			True
Q9LFT1	TBL21		Helical; Signal-anchor for type II membrane protein			True
Q9LH39			Helical			True
Q9LH43	RALFL27				True
Q9LH73					True
Q9LHD9			Helical			True
Q9LHK3	OST4A	Lumenal; Cytoplasmic	Helical			True		True
Q9LHN7			Helical			True
Q9LI61	AVT6A		Helical			True
Q9LI65			Helical			True
Q9LID5	DIR7				True
Q9LII9					True
Q9LIP3	CYP71B37		Helical			True
Q9LIP4	CYP71B36		Helical			True
Q9LIP5	CYP71B35		Helical			True
Q9LJ82	SPH32				True
Q9LJJ5					True
Q9LJK4			Helical			True
Q9LJP1	GLIP4				True
Q9LJP2					True
Q9LJQ5	RTNLB9		Helical			True
Q9LJU6	FAX6		Helical			True
Q9LJW1	CRRSP14				True
Q9LJW2	CRRSP13				True
Q9LJW7	RLP43	Extracellular; Cytoplasmic	Helical		True	True		True
Q9LJX5			Helical			True
Q9LJY7	CYP705A20		Helical			True
Q9LK16	AMT1-5		Helical			True
Q9LK31			Helical			True
Q9LKA9	B3GALT13		Helical; Signal-anchor for type II membrane protein			True
Q9LM24			Helical			True
Q9LMC8	MYOB5		Helical			True
Q9LMI4			Helical			True
Q9LMJ3					True
Q9LMS5					True
Q9LMU7	ENODL22				True
Q9LMX3					True
Q9LN27	TIM17-1		Helical			True
Q9LND8			Helical			True
Q9LND9			Helical			True
Q9LNH5			Helical			True
Q9LNK7		Extracellular; Cytoplasmic	Helical			True		True
Q9LNL1			Helical			True
Q9LNN2					True
Q9LNN3					True
Q9LP10			Helical			True
Q9LP74			Helical			True
Q9LPG3	MSL4		Helical			True
Q9LPQ8	ALMT3		Helical			True
Q9LPR6	TET11	Cytoplasmic; Extracellular	Helical			True		True
Q9LQQ0	DIR25				True
Q9LQZ0	PUP15		Helical			True
Q9LR57		Cytoplasmic; Extracellular	Helical			True		True
Q9LRK0	CRRSP37				True
Q9LRK1	CRRSP36				True
Q9LRK2	CRRSP35				True
Q9LRK3	CRRSP34				True
Q9LRK4	CRRSP33				True
Q9LRK5	CRRSP32				True
Q9LRK6	CRRSP31				True
Q9LRK8	CRRSP29				True
Q9LRK9	CRRSP28				True
Q9LRL0	CRRSP27				True
Q9LRL1	CRRSP26				True
Q9LRL2	CRRSP25				True
Q9LRL4	CRRSP24				True
Q9LRL6	CRRSP23				True
Q9LRL7	CRRSP22				True
Q9LRL8	CRRSP21				True
Q9LRL9	CRRSP20				True
Q9LRM0	CRRSP19				True
Q9LRM1	CRRSP18				True
Q9LRM2	CRRSP17				True
Q9LRM3	CRRSP16				True
Q9LRP2			Helical			True
Q9LRS5			Helical			True
Q9LS19	DTX30		Helical			True
Q9LS23	ALMT13		Helical			True
Q9LS43	PCR7		Helical			True
Q9LS44	PCR4		Helical			True
Q9LS45	PCR5		Helical			True
Q9LS79	RLP38	Extracellular; Cytoplasmic	Helical		True	True		True
Q9LSE8	NPF4.2		Helical			True
Q9LSF0	NPF4.1		Helical			True
Q9LSG0	RALFL25				True
Q9LSS4	TET4	Cytoplasmic; Extracellular	Helical			True		True
Q9LT71	RTNLB11		Helical			True
Q9LT84			Helical			True
Q9LTD8	CBSDUF5	Extracellular; Cytoplasmic	Helical			True		True
Q9LTD9			Helical			True
Q9LTI3			Helical			True
Q9LTL0	CYP71B26		Helical			True
Q9LTL2	CYP71B25		Helical			True
Q9LTL8	CYP71B24		Helical			True
Q9LTM1	CYP71B22		Helical			True
Q9LTM2	CYP71B21		Helical			True
Q9LTM6	CYP71B17		Helical			True
Q9LTM7	CYP71B16		Helical			True
Q9LTP6			Helical			True
Q9LTX4			Helical			True
Q9LU14	APG				True
Q9LU76			Helical			True
Q9LUC5	CYP72A15		Helical			True
Q9LUC6	CYP72A14		Helical			True
Q9LUC8	CYP72A13		Helical			True
Q9LUC9	CYP72A11		Helical			True
Q9LUE4	HSD6		Helical; Signal-anchor for type II membrane protein			True
Q9LUF2	HSD7		Helical; Signal-anchor for type II membrane protein			True
Q9LUN2	YSL5		Helical			True
Q9LV20			Helical			True
Q9LV55					True
Q9LV60	CRRSP55				True
Q9LV81			Helical			True
Q9LVD2	CYP71B10		Helical			True
Q9LVE4	OSCA1.5		Helical			True
Q9LVR4			Helical			True
Q9LVV3	PHYL2.2		Helical; Anchor for type IV membrane protein			True
Q9LVX2	SPH31				True
Q9LVZ6			Helical			True
Q9LW22	SPH21				True
Q9LW23	SPH22				True
Q9LW24	SPH23				True
Q9LX15	DFC				True
Q9LXB7	PELPK2				True
Q9LXF8	AVT1J		Helical			True
Q9LXX8			Helical			True
Q9LXY6	SCPL53				True
Q9LY84					True
Q9LY99	PHB5	Mitochondrial matrix; Mitochondrial intermembrane	Helical; Signal-anchor for type II membrane protein			True		True
Q9LYD5	NPF1.3		Helical			True
Q9LYG1	TIM17-3		Helical			True
Q9LYN3		Cytoplasmic; Lumenal	Helical; Signal-anchor for type II membrane protein			True		True
Q9LYN6		Extracellular; Cytoplasmic	Helical		True	True		True
Q9LYR6	NPF6.1		Helical			True
Q9LYY2	TIM14-3		Helical			True
Q9LZB2					True
Q9LZC5					True
Q9LZJ1	BGLU7				True
Q9LZM5		Cytoplasmic; Extracellular	Helical			True		True
Q9LZM7	PRA1A1		Helical			True
Q9LZQ0			Helical			True
Q9LZQ1	TBL6		Helical; Signal-anchor for type II membrane protein			True
Q9LZR8			Helical		True	True
Q9LZS7					True
Q9LZS9					True
Q9LZV9	LTP10				True
Q9M028			Helical			True
Q9M095			Helical			True
Q9M0B7	TET9	Cytoplasmic; Extracellular	Helical			True		True
Q9M0B8			Helical			True
Q9M0C2	EGC1				True
Q9M0F1	LCR27				True
Q9M0F2	LCR26				True
Q9M0F3	LCR22				True
Q9M0L3		Cytoplasmic; Extracellular	Helical			True		True
Q9M0T1	LTP15				True
Q9M0Y1	ENT5		Helical			True
Q9M0Z9			Helical			True
Q9M130			Helical			True
Q9M145	RTNLB7		Helical			True
Q9M153					True
Q9M171	NPF2.1		Helical			True
Q9M1B5	RBL13		Helical			True
Q9M1E1	NPF2.6		Helical			True
Q9M1J0			Helical			True
Q9M1J7	SSL8				True
Q9M1V4					True
Q9M2C0		Cytoplasmic; Vacuolar	Helical			True		True
Q9M2I5	CRRSP61				True
Q9M2R9					True
Q9M2U0		Cytoplasmic; Extracellular	Helical			True		True
Q9M2Y3	RLP44	Extracellular; Cytoplasmic	Helical		True	True		True
Q9M331	NPF5.7		Helical			True
Q9M392	RTNLB12		Helical			True
Q9M3C8	DIR24				True
Q9M815	PCR8		Helical			True
Q9M833					True
Q9M896	TBL20		Helical; Signal-anchor for type II membrane protein			True
Q9M897	DMP5		Helical			True
Q9M8T8	EXL6				True
Q9M8Y9	KTI7				True
Q9M9A5	PCR6		Helical			True
Q9M9M3					True
Q9M9X0	RLP32	Extracellular; Cytoplasmic	Helical		True	True		True
Q9MAA1					True
Q9S728	PDF1				True
Q9S784	HVA22C		Helical			True
Q9S7I2	AIR1				True
Q9S7V4	HVA22A		Helical			True
Q9S837	TIM23-3		Helical			True
Q9SA00	APRL4		Helical		True	True
Q9SA63	LFG4		Helical			True
Q9SA71			Helical			True
Q9SAA4	B3GALT1		Helical; Signal-anchor for type II membrane protein			True
Q9SAB0	DTX36		Helical			True
Q9SAJ7	MTP9	Cytoplasmic; Vacuolar	Helical			True		True
Q9SB41			Helical			True
Q9SCS8	HR2		Helical			True
Q9SCW7	SUGTL4		Helical			True
Q9SCZ0	LTP12				True
Q9SD07	SSL4				True
Q9SD39		Cytoplasmic; Lumenal	Helical; Signal-anchor for type II membrane protein			True		True
Q9SD53			Helical			True
Q9SD88			Helical			True
Q9SEZ9	TBL30		Helical; Signal-anchor for type II membrane protein			True
Q9SF57	OST4C	Lumenal; Cytoplasmic	Helical			True		True
Q9SF78					True
Q9SF94					True
Q9SGX9	ESFL1				True
Q9SH40	CRRSP8				True
Q9SH41	CRRSP7				True
Q9SH42	CRRSP6				True
Q9SH43	CRRSP5				True
Q9SHY2	YSL7		Helical			True
Q9SHZ3	NAT1		Helical			True
Q9SIA1	DTX5		Helical			True
Q9SIA3	DTX4		Helical			True
Q9SIA4	DTX3		Helical			True
Q9SIF3					True
Q9SIF5					True
Q9SII5	EXL5				True
Q9SIN2	TBL39		Helical; Signal-anchor for type II membrane protein			True
Q9SIP6	CRRSP10				True
Q9SIQ2					True
Q9SIQ3					True
Q9SIZ6					True
Q9SJ54	NHL12		Helical			True
Q9SJA9					True
Q9SJB4					True
Q9SJE8	ALMT2		Helical			True
Q9SJQ5	CBSCBSPB2		Helical			True
Q9SK09					True
Q9SK99	NPF5.15		Helical			True
Q9SKJ7			Helical			True
Q9SKK5	RLP20	Extracellular; Cytoplasmic	Helical		True	True		True
Q9SKN3		Cytoplasmic; Extracellular	Helical			True		True
Q9SKP9	PRP2				True
Q9SKQ2	DIR4				True
Q9SL56			Helical			True
Q9SL74					True
Q9SLG8	SSL2				True
Q9SMN4			Helical			True
Q9SMP2	SEC61G3	Cytoplasmic; Extracellular	Helical			True		True
Q9SN26	PHYL1.1		Helical; Anchor for type IV membrane protein			True
Q9SQN2			Helical			True
Q9SQU2		Cytoplasmic; Extracellular	Helical			True		True
Q9SQZ0	CAT7		Helical			True
Q9SR23	PAE4				True
Q9SR44		Cytoplasmic; Extracellular	Helical			True		True
Q9SR64	ENT2		Helical			True
Q9SR92	STR10		Helical			True
Q9SR93			Helical			True
Q9SRI2	NPF5.9		Helical			True
Q9SRL7	RLP35	Extracellular; Cytoplasmic	Helical		True	True		True
Q9SRM5	CPRD49				True
Q9SRM9	ALMT8		Helical			True
Q9SRN0	NHL1		Helical			True
Q9SS03	DIR21				True
Q9SS37	RTNLB8		Helical			True
Q9SS40			Helical			True
Q9SS98			Helical			True
Q9SSA7	GLIP5				True
Q9SSG5	BOR5	Cytoplasmic; Extracellular	Helical			True		True
Q9SSR0	RBL5		Helical			True
Q9STK7	CYP71A26		Helical			True
Q9STL0	CYP71A23		Helical			True
Q9STL1	CYP71A22		Helical			True
Q9STL2	CYP71A21		Helical			True
Q9STP2	PHYL2.1		Helical; Anchor for type IV membrane protein			True
Q9STY7	HSD3		Helical; Signal-anchor for type II membrane protein			True
Q9STZ2					True
Q9STZ8	ENODL19				True
Q9SU33					True
Q9SUA4	OPT5		Helical			True
Q9SUC9					True
Q9SUD4	TET7	Cytoplasmic; Extracellular	Helical			True		True
Q9SUD5			Helical			True
Q9SUF1			Helical			True
Q9SUP0		Cytoplasmic; Extracellular	Helical			True		True
Q9SUS0					True
Q9SUU1	BOR7	Cytoplasmic; Extracellular	Helical			True		True
Q9SUV2			Helical			True
Q9SUW1	GT19	Cytoplasmic; Lumenal	Helical; Signal-anchor for type II membrane protein			True		True
Q9SUW4	LPPB		Helical			True
Q9SVE5	EXLA2				True
Q9SVF3	HHP5	Cytoplasmic; Extracellular	Helical			True		True
Q9SVH9	CRRSP40				True
Q9SVI0	CRRSP41				True
Q9SVL6	COR413PM2	Extracellular; Cytoplasmic	Helical			True		True
Q9SVU5					True
Q9SW31	SINE4		Helical			True
Q9SX24	PCR11		Helical			True
Q9SX26	PCR12		Helical			True
Q9SX28			Helical			True
Q9SX90	PUP20		Helical			True
Q9SX98	AATL1	Cytoplasmic; Extracellular	Helical			True		True
Q9SY29	PUP4		Helical			True
Q9SYB0			Helical			True
Q9SYB1	CRRSP1				True
Q9SYF5	GLIP3				True
Q9SYX7	HVA22B		Helical			True
Q9SYZ8			Helical			True
Q9SZ74			Helical			True
Q9T019	DIR14				True
Q9T068	EPFL2				True
Q9T0E3	LCR17				True
Q9T0H8	DIR18				True
Q9T0I5	PRP4				True
Q9T0K0	CYP71A19		Helical			True
Q9XI74	PUMP3		Helical			True
Q9XIA4	CCS1		Helical			True
Q9XID2	RLP5	Extracellular; Cytoplasmic	Helical		True	True		True
Q9XIH6	PLT2		Helical			True
Q9XIH7	PLT1		Helical			True
Q9XIN1	ALMT7		Helical			True
Q9XIQ7			Helical			True
Q9ZNQ7	RCI2A		Helical			True
Q9ZNS0	PLT3		Helical			True
Q9ZNS6	RCI2B		Helical			True
Q9ZPE9	APRL6		Helical		True	True
Q9ZPR4	MRS2-5		Helical			True
Q9ZPR6	UPS3	Extracellular; Cytoplasmic	Helical			True		True
Q9ZPV7			Helical			True
Q9ZPW9	LTP8				True
Q9ZQI3					True
Q9ZQR4	CBSDUF3	Extracellular; Cytoplasmic	Helical			True		True
Q9ZQR5	TBL13		Helical; Signal-anchor for type II membrane protein			True
Q9ZQX7	LFG3		Helical			True
Q9ZS88	DER2.2	Cytoplasmic; Lumenal	Helical			True		True
Q9ZSP6	AIR1B				True
Q9ZT81		Cytoplasmic; Extracellular	Helical			True		True
Q9ZU43	RTNLB15		Helical			True
Q9ZUE4					True
Q9ZUI8			Helical			True
Q9ZUK3	RLP19	Extracellular; Cytoplasmic	Helical		True	True		True
Q9ZUK6	LTP7				True
Q9ZUN5	TET2	Cytoplasmic; Extracellular	Helical			True		True
Q9ZUS1			Helical			True
Q9ZV71	B3GALT3		Helical; Signal-anchor for type II membrane protein			True
Q9ZV89	TBL42		Helical; Signal-anchor for type II membrane protein			True
Q9ZVH5	DTX53		Helical			True
Q9ZVS8	CBSDUF4	Extracellular; Cytoplasmic	Helical			True		True
Q9ZVT9			Helical			True
Q9ZW75		Cytoplasmic; Lumenal	Helical; Signal-anchor for type II membrane protein			True		True
Q9ZWD1	PRA1G1		Helical			True
Q9ZWI7	RER1C		Helical			True
A8MS78					True
O82232			Helical			True
P0C8Q9			Helical			True
P27483					True
P92553	; 		Helical			True
P92556			Helical			True
P92564			Helical			True
P92565			Helical			True
P93284			Helical			True
P93316	; 		Helical			True
P93319			Helical			True
P94024	; ; 		Helical			True
Q1PFS7					True
Q3E6Y3					True
Q8L8Q8					True
Q8LG53			Helical			True
Q8W3M4					True
Q9C6T5					True
Q9FE70			Helical			True
Q9FLQ0					True
Q9LSK9			Helical			True
Q9LVR3			Helical			True
Q9SMU4			Helical			True
Q9SUI0			Helical			True
Q9SY57	PP2A10		Helical			True
Q9SYZ7			Helical			True
Q9SZ28					True
Q9ZU96			Helical			True
