id	gene_name	Topological domain	Transmembrane	Intramembrane	has_signal	has_transmem	has_intramem	has_topo_dom	mitocarta	mitocarta_evidence	mitocarta_subloc	mitocop
A0A087X1C5	CYP2D7	Extracellular; Cytoplasmic	Helical			True		True
A0A096LP01	SMIM26		Helical			True
A0A0B4J2F0	PIGBOS1	Mitochondrial intermembrane; Cytoplasmic	Helical			True		True				True
A0A0K2S4Q6	CD300H	Extracellular; Cytoplasmic	Helical		True	True		True
A0A1B0GTW7	CIROP	Extracellular; Cytoplasmic	Helical		True	True		True
A0AV02	SLC12A8		Helical			True
A0AVI4	TMEM129	Lumenal; Cytoplasmic	Helical			True		True
A0FGR8	ESYT2	Cytoplasmic; Lumenal	Helical			True		True
A0FGR9	ESYT3	Cytoplasmic	Helical			True		True
A0PJK1	SLC5A10	Extracellular; Cytoplasmic	Helical			True		True
A0PK00	TMEM120B		Helical			True
A0PK05	TMEM72	Lumenal; Cytoplasmic	Helical			True		True
A0PK11	CLRN2		Helical			True
A1A5B4	ANO9	Cytoplasmic; Extracellular	Helical			True		True
A1A5C7	SLC22A23		Helical			True
A1E959	ODAM				True
A1KXE4	FAM168B	Cytoplasmic; Extracellular	Helical			True		True
A1KZ92	PXDNL				True
A1L0T0	HACL2		Helical			True
A1L3X0	ELOVL7	Lumenal; Cytoplasmic	Helical			True		True
A1L4H1	SSC5D				True
A2A2Y4	FRMD3		Helical			True
A2RU14	TMEM218		Helical			True
A2VDJ0	TMEM131L	Extracellular; Cytoplasmic	Helical		True	True		True
A2VEC9	SSPOP				True
A3KMH1	VWA8								True	APEX_matrix, targetP signal, mito protein domain, coexpression+, MS/MS++	Matrix	True
A4D0S4	LAMB4				True
A4D1E9	GTPBP10								True	APEX_matrix, yeast mito homolog+, Rickettsial homolog, mito protein domain	Matrix	True
A4D1T9	PRSS37				True
A4D256	CDC14C		Helical			True
A5D8T8	CLEC18A				True
A5PLL7	PEDS1		Helical			True
A5X5Y0	HTR3E	Extracellular; Cytoplasmic	Helical		True	True		True
A6BM72	MEGF11	Extracellular; Cytoplasmic	Helical		True	True		True
A6ND01	IZUMO1R				True
A6NDV4	TMEM8B	Extracellular; Cytoplasmic	Helical			True		True
A6NFA1	TRABD2B	Extracellular; Cytoplasmic	Helical		True	True		True
A6NFX1	MFSD2B		Helical			True
A6NFY7	SDHAF1								True	literature, targetP signal+, yeast mito homolog, mito protein domain+, induction, coexpression+, MS/MS	Matrix	True
A6NGU5	GGT3P	Cytoplasmic; Extracellular	Helical; Signal-anchor for type II membrane protein			True		True
A6NI61	MYMK	Extracellular; Cytoplasmic	Helical			True		True
A6NI73	LILRA5	Extracellular; Cytoplasmic	Helical		True	True		True
A6NIM6	SLC15A5		Helical			True
A6NJ78	METTL15								True	APEX_matrix, Rickettsial homolog, coexpression	Matrix	True
A6NK06	ACOD1								True	literature, yeast mito homolog, mito protein domain+	Matrix
A6NK58	LIPT2								True	targetP signal, yeast mito homolog, Rickettsial homolog, mito protein domain, coexpression, MS/MS	Matrix	True
A6NKB5	PCNX2		Helical			True
A6NMZ7	COL6A6				True
A6NNB3	IFITM5	Extracellular; Cytoplasmic	Helical			True		True
A6NNN8	SLC38A8		Helical			True
A6QL63	ABTB3		Helical			True
A8CG34	POM121C		Helical			True
A8K2U0	A2ML1				True
A8K4G0	CD300LB	Extracellular; Cytoplasmic	Helical		True	True		True
A8K7I4	CLCA1				True
A8MPY1	GABRR3	Extracellular; Cytoplasmic	Helical		True	True		True
A8MUP2	CSKMT								True	literature, targetP signal, mito protein domain	Matrix	True
A8MVW5	HEPACAM2	Cytoplasmic	Helical		True	True		True
A8MXV4	NUDT19								True	APEX_matrix, targetP signal, mito protein domain, induction	Matrix	True
A8MYU2	KCNU1	Extracellular; Cytoplasmic	Helical; Helical; Voltage-sensor	Pore-forming		True	True	True
A8TX70	COL6A5				True
B0L3A2	FBXW7-AS1	Extracellular; Cytoplasmic	Helical			True		True
B0YJ81	HACD1	Cytoplasmic; Lumenal	Helical			True		True
B2RTY4	MYO9A		Helical			True
B2RUY7	VWC2L				True
B2RUZ4	SMIM1	Cytoplasmic; Extracellular	Helical; Signal-anchor for type II membrane protein			True		True
B6A8C7	TARM1	Extracellular; Cytoplasmic	Helical		True	True		True
B7U540	KCNJ18	Cytoplasmic; Extracellular	Helical	Helical; Pore-forming		True	True	True
B7ZAQ6	GPR89A		Helical			True
D3W0D1	KLRF2	Cytoplasmic; Extracellular	Helical; Signal-anchor for type II membrane protein			True		True
E0CX11	STMP1		Helical			True						True
F5H094	SLCO1B3-SLCO1B7	Cytoplasmic; Extracellular	Helical			True		True
H0YL14	TMEM250		Helical			True
H3BV60	TGFBR3L	Extracellular; Cytoplasmic	Helical		True	True		True
K7EJ46	SMIM22		Helical			True
K9M1U5	IFNL4				True
L0R8F8	MIEF1											True
M5A8F1	ERVH48-1				True
O00115	DNASE2				True
O00124	UBXN8	Cytoplasmic; Lumenal	Helical			True		True
O00142	TK2								True	literature, targetP signal, mito protein domain, MS/MS	Matrix	True
O00144	FZD9	Extracellular; Cytoplasmic	Helical		True	True		True
O00154	ACOT7								True	targetP signal+, mito protein domain, induction	Matrix
O00155	GPR25	Extracellular; Cytoplasmic	Helical			True		True
O00165	HAX1											True
O00168	FXYD1	Extracellular; Cytoplasmic	Helical		True	True		True
O00175	CCL24				True
O00180	KCNK1	Cytoplasmic; Extracellular	Helical	Helical		True	True	True
O00187	MASP2				True
O00198	HRK		Helical			True
O00206	TLR4	Extracellular; Cytoplasmic	Helical		True	True		True
O00217	NDUFS8								True	literature, APEX_matrix, targetP signal, Rickettsial homolog, mito protein domain, induction, coexpression++, MS/MS++	MIM	True
O00219	HAS3	Cytoplasmic; Extracellular	Helical			True		True
O00220	TNFRSF10A	Extracellular; Cytoplasmic	Helical		True	True		True
O00222	GRM8	Extracellular; Cytoplasmic	Helical		True	True		True
O00230	CORT				True
O00237	RNF103		Helical			True
O00238	BMPR1B	Extracellular; Cytoplasmic	Helical		True	True		True
O00241	SIRPB1	Extracellular; Cytoplasmic	Helical		True	True		True
O00253	AGRP				True
O00254	F2RL2	Extracellular; Cytoplasmic	Helical		True	True		True
O00258	GET1	Lumenal; Cytoplasmic	Helical			True		True
O00264	PGRMC1	Lumenal; Cytoplasmic	Helical			True		True
O00270	GPR31	Extracellular; Cytoplasmic	Helical			True		True
O00292	LEFTY2				True
O00299	CLIC1		Helical; Note=After insertion into the membrane			True
O00300	TNFRSF11B				True
O00322	UPK1A	Cytoplasmic; Extracellular	Helical			True		True
O00330	PDHX								True	literature, APEX_matrix, targetP signal, yeast mito homolog+, Rickettsial homolog, mito protein domain+, induction, coexpression++, MS/MS+	Matrix	True
O00337	SLC28A1	Cytoplasmic; Extracellular	Helical			True		True
O00339	MATN2				True
O00341	SLC1A7	Cytoplasmic; Extracellular	Helical			True		True
O00391	QSOX1		Helical		True	True
O00400	SLC33A1	Cytoplasmic; Extracellular	Helical			True		True
O00408	PDE2A								True	literature	MIM
O00411	POLRMT								True	literature, APEX_matrix, targetP signal, yeast mito homolog++, mito protein domain+, coexpression++, MS/MS	Matrix	True
O00421	CCRL2	Extracellular; Cytoplasmic	Helical			True		True
O00429	DNM1L								True	literature, yeast mito homolog+, mito protein domain, induction	MOM	True
O00445	SYT5	Vesicular; Cytoplasmic	Helical			True		True
O00451	GFRA2				True
O00453	LST1		Helical			True
O00461	GOLIM4	Cytoplasmic; Lumenal	Helical; Signal-anchor for type II membrane protein			True		True
O00462	MANBA				True
O00468	AGRN				True
O00469	PLOD2				True
O00476	SLC17A3		Helical			True
O00478	BTN3A3	Extracellular; Cytoplasmic	Helical		True	True		True
O00481	BTN3A1	Extracellular; Cytoplasmic	Helical		True	True		True
O00483	COXFA4	Mitochondrial matrix; Mitochondrial intermembrane	Helical			True		True	True	literature, mito protein domain, coexpression++, MS/MS++	MIM	True
O00501	CLDN5	Cytoplasmic; Extracellular	Helical			True		True
O00519	FAAH	Cytoplasmic	Helical			True	True	True
O00526	UPK2	Lumenal; Cytoplasmic	Helical		True	True		True
O00533	CHL1	Extracellular; Cytoplasmic	Helical		True	True		True
O00548	DLL1	Extracellular; Cytoplasmic	Helical		True	True		True
O00555	CACNA1A	Cytoplasmic; Extracellular	Helical			True		True
O00559	EBAG9	Extracellular; Cytoplasmic	Helical; Signal-anchor for type III membrane protein			True		True
O00574	CXCR6	Extracellular; Cytoplasmic	Helical			True		True
O00584	RNASET2				True
O00585	CCL21				True
O00587	MFNG	Cytoplasmic; Lumenal	Helical; Signal-anchor for type II membrane protein			True		True
O00590	ACKR2	Extracellular; Cytoplasmic	Helical			True		True
O00591	GABRP	Extracellular; Cytoplasmic	Helical		True	True		True
O00592	PODXL	Extracellular; Cytoplasmic	Helical		True	True		True
O00602	FCN1				True
O00622	CCN1				True
O00623	PEX12	Peroxisomal matrix; Cytoplasmic	Helical			True		True
O00624	SLC17A2		Helical			True
O00626	CCL22				True
O00631	SLN	Cytoplasmic; Lumenal	Helical			True		True
O00744	WNT10B				True
O00746	NME4								True	APEX_matrix, GFP, targetP signal, Rickettsial homolog, mito protein domain, MS/MS	MIM	True
O00748	CES2				True
O00754	MAN2B1				True
O00755	WNT7A				True
O00763	ACACB								True	Rickettsial homolog, mito protein domain, coexpression+	MOM
O00767	SCD	Cytoplasmic; Lumenal	Helical			True		True
O14493	CLDN4	Cytoplasmic; Extracellular	Helical			True		True
O14494	PLPP1	Cytoplasmic; Extracellular	Helical			True		True
O14495	PLPP3	Cytoplasmic; Extracellular	Helical			True		True
O14511	NRG2	Extracellular; Cytoplasmic	Helical; Note=Internal signal sequence			True		True
O14514	ADGRB1	Extracellular; Cytoplasmic	Helical		True	True		True
O14520	AQP7	Cytoplasmic; Extracellular	Helical	Discontinuously helical		True	True	True
O14521	SDHD	Mitochondrial matrix; Mitochondrial intermembrane	Helical			True		True	True	literature, targetP signal, yeast mito homolog++, Rickettsial homolog, mito protein domain+, induction, coexpression++, MS/MS+	MIM	True
O14522	PTPRT	Extracellular; Cytoplasmic	Helical		True	True		True
O14523	C2CD2L	Lumenal; Cytoplasmic	Helical			True		True
O14524	NEMP1		Helical		True	True
O14525	ASTN1	Extracellular; Cytoplasmic	Helical		True	True		True
O14548	COX7A2L		Helical			True			True	literature, APEX_IMS, APEX_matrix, mito protein domain+, MS/MS+	MIM	True
O14561	NDUFAB1								True	literature, APEX_matrix, targetP signal+, yeast mito homolog, Rickettsial homolog, mito protein domain, MS/MS+	MIM	True
O14569	CYB561D2	Cytoplasmic; Lumenal	Helical			True		True
O14594	NCAN				True
O14618	CCS											True
O14625	CXCL11				True
O14638	ENPP3	Cytoplasmic; Extracellular	Helical; Signal-anchor for type II membrane protein			True		True
O14649	KCNK3	Cytoplasmic	Helical	Pore-forming		True	True	True
O14653	GOSR2	Cytoplasmic; Vesicular	Helical; Anchor for type IV membrane protein			True		True
O14656	TOR1A				True
O14657	TOR1B				True
O14662	STX16	Cytoplasmic; Vesicular	Helical; Anchor for type IV membrane protein			True		True
O14669	PRRG2	Extracellular; Cytoplasmic	Helical		True	True		True
O14672	ADAM10	Extracellular; Cytoplasmic	Helical		True	True		True
O14678	ABCD4		Helical			True
O14681	EI24		Helical			True
O14684	PTGES	Lumenal; Cytoplasmic	Helical			True		True
O14735	CDIPT	Cytoplasmic; Lumenal	Helical			True		True
O14756	HSD17B6				True
O14763	TNFRSF10B	Extracellular; Cytoplasmic	Helical		True	True		True
O14764	GABRD	Extracellular; Cytoplasmic	Helical		True	True		True
O14773	TPP1				True
O14786	NRP1	Extracellular; Cytoplasmic	Helical		True	True		True
O14788	TNFSF11	Cytoplasmic; Extracellular	Helical; Signal-anchor for type II membrane protein			True		True
O14791	APOL1				True
O14792	HS3ST1				True
O14793	MSTN				True
O14798	TNFRSF10C				True
O14804	TAAR5	Extracellular; Cytoplasmic	Helical			True		True
O14817	TSPAN4	Cytoplasmic; Extracellular	Helical			True		True
O14828	SCAMP3	Cytoplasmic	Helical			True		True
O14832	PHYH								True	targetP signal, induction, MS/MS++	Matrix
O14836	TNFRSF13B	Extracellular; Cytoplasmic	Helical; Signal-anchor for type III membrane protein			True		True
O14842	FFAR1	Extracellular; Cytoplasmic	Helical			True		True
O14843	FFAR3	Extracellular; Cytoplasmic	Helical			True		True
O14863	SLC30A4	Cytoplasmic; Lumenal	Helical			True		True
O14874	BCKDK								True	literature, APEX_matrix, targetP signal, yeast mito homolog+, Rickettsial homolog, mito protein domain+, MS/MS++	Matrix	True
O14880	MGST3	Mitochondrial intermembrane; Cytoplasmic	Helical			True		True	True	APEX_IMS, mito protein domain, MS/MS++	MOM	True
O14894	TM4SF5	Cytoplasmic; Extracellular	Helical			True		True
O14904	WNT9A				True
O14905	WNT9B				True
O14917	PCDH17	Extracellular; Cytoplasmic	Helical		True	True		True
O14925	TIMM23		Helical			True			True	literature, APEX_IMS, yeast mito homolog++, mito protein domain+, MS/MS++	MIM	True
O14931	NCR3	Extracellular; Cytoplasmic	Helical		True	True		True
O14944	EREG	Extracellular; Cytoplasmic	Helical		True	True		True
O14949	UQCRQ	Mitochondrial matrix; Mitochondrial intermembrane	Helical			True		True	True	literature, APEX_IMS, targetP signal, yeast mito homolog++, mito protein domain+, induction, coexpression++, MS/MS++	MIM	True
O14957	UQCR11	Mitochondrial matrix; Mitochondrial intermembrane	Helical			True		True	True	literature, mito protein domain+, MS/MS++	MIM	True
O14958	CASQ2				True
O14960	LECT2				True
O14967	CLGN	Lumenal; Cytoplasmic	Helical		True	True		True
O14975	SLC27A2	Lumenal; Cytoplasmic	Helical			True		True
O14983	ATP2A1		Helical			True
O15031	PLXNB2	Extracellular; Cytoplasmic	Helical		True	True		True
O15041	SEMA3E				True
O15072	ADAMTS3				True
O15079	SNPH		Helical			True						True
O15091	PRORP								True	APEX_matrix	Matrix	True
O15118	NPC1	Lumenal; Cytoplasmic	Helical		True	True		True
O15120	AGPAT2	Lumenal; Cytoplasmic	Helical		True	True		True
O15121	DEGS1		Helical			True
O15123	ANGPT2				True
O15126	SCAMP1	Cytoplasmic; Lumenal	Helical			True		True
O15127	SCAMP2	Cytoplasmic; Lumenal	Helical			True		True
O15130	NPFF				True
O15146	MUSK	Extracellular; Cytoplasmic	Helical		True	True		True
O15155	BET1	Cytoplasmic; Vesicular	Helical; Anchor for type IV membrane protein			True		True
O15162	PLSCR1	Cytoplasmic; Extracellular	Helical			True		True
O15165	LDLRAD4	Lumenal; Cytoplasmic	Helical			True		True
O15173	PGRMC2		Helical			True
O15197	EPHB6	Extracellular; Cytoplasmic	Helical		True	True		True
O15204	ADAMDEC1				True
O15218	ACKR5	Extracellular; Cytoplasmic	Helical			True		True
O15229	KMO		Helical			True			True	yeast mito homolog, Rickettsial homolog, mito protein domain, MS/MS++	MOM	True
O15230	LAMA5				True
O15232	MATN3				True
O15239	NDUFA1		Helical			True			True	literature, coexpression+, MS/MS++	MIM	True
O15240	VGF				True
O15243	LEPROT		Helical			True
O15244	SLC22A2	Cytoplasmic; Extracellular	Helical			True		True
O15245	SLC22A1	Cytoplasmic; Extracellular	Helical			True		True
O15247	CLIC2		Helical; Note=After insertion into the membrane			True
O15258	RER1		Helical			True
O15260	SURF4		Helical			True
O15263	DEFB4A; DEFB4B				True
O15269	SPTLC1	Lumenal; Cytoplasmic	Helical			True		True
O15270	SPTLC2		Helical			True			True	GFP, Rickettsial homolog, mito protein domain	Membrane
O15303	GRM6	Extracellular; Cytoplasmic	Helical		True	True		True
O15342	ATP6V0E1	Lumenal; Cytoplasmic	Helical			True		True
O15354	GPR37	Extracellular; Cytoplasmic	Helical		True	True		True
O15374	SLC16A4	Cytoplasmic; Extracellular	Helical			True		True
O15382	BCAT2								True	literature, APEX_matrix, targetP signal, Rickettsial homolog, mito protein domain, coexpression, MS/MS++	Matrix	True
O15389	SIGLEC5	Extracellular; Cytoplasmic	Helical		True	True		True
O15393	TMPRSS2	Cytoplasmic; Extracellular	Helical; Signal-anchor for type II membrane protein			True		True
O15394	NCAM2	Extracellular; Cytoplasmic	Helical		True	True		True
O15399	GRIN2D	Extracellular; Cytoplasmic	Helical	Discontinuously helical	True	True	True	True
O15400	STX7	Cytoplasmic; Vesicular	Helical; Anchor for type IV membrane protein			True		True
O15427	SLC16A3	Cytoplasmic; Extracellular	Helical			True		True
O15431	SLC31A1	Extracellular; Cytoplasmic	Helical			True		True
O15432	SLC31A2	Extracellular; Cytoplasmic	Helical			True		True
O15438	ABCC3	Extracellular; Cytoplasmic	Helical			True		True
O15439	ABCC4	Cytoplasmic; Extracellular	Helical			True		True
O15440	ABCC5		Helical			True
O15444	CCL25				True
O15455	TLR3	Lumenal; Cytoplasmic	Helical		True	True		True
O15460	P4HA2				True
O15466	ST8SIA5	Cytoplasmic; Lumenal	Helical; Signal-anchor for type II membrane protein			True		True
O15467	CCL16				True
O15496	PLA2G10				True
O15503	INSIG1	Cytoplasmic; Lumenal	Helical			True		True
O15520	FGF10				True
O15527	OGG1								True	literature, targetP signal, yeast mito homolog, mito protein domain	Matrix	True
O15528	CYP27B1								True	literature, targetP signal, mito protein domain	MIM	True
O15529	GPR42	Extracellular; Cytoplasmic	Helical			True		True
O15533	TAPBP	Lumenal; Cytoplasmic	Helical		True	True		True
O15537	RS1				True
O15547	P2RX6	Cytoplasmic; Extracellular	Helical			True		True
O15551	CLDN3	Cytoplasmic; Extracellular	Helical			True		True
O15552	FFAR2	Extracellular; Cytoplasmic	Helical			True		True
O15554	KCNN4		Helical	Pore-forming		True	True
O42043	ERVK-18		Helical			True
O43155	FLRT2	Extracellular; Cytoplasmic	Helical		True	True		True
O43157	PLXNB1	Extracellular; Cytoplasmic	Helical		True	True		True
O43169	CYB5B		Helical			True			True	literature, mito protein domain, coexpression, MS/MS++	MOM
O43173	ST8SIA3	Cytoplasmic; Lumenal	Helical; Signal-anchor for type II membrane protein			True		True
O43181	NDUFS4								True	literature, APEX_matrix, targetP signal+, mito protein domain+, coexpression++, MS/MS++	MIM	True
O43184	ADAM12	Extracellular; Cytoplasmic	Helical		True	True		True
O43193	MLNR	Extracellular; Cytoplasmic	Helical			True		True
O43194	GPR39	Extracellular; Cytoplasmic	Helical			True		True
O43236	SEPTIN4								True	literature, mito protein domain	MOM
O43240	KLK10				True
O43272	PRODH								True	literature, targetP signal, yeast mito homolog+, mito protein domain+, coexpression, MS/MS++	MIM	True
O43278	SPINT1				True
O43280	TREH				True
O43286	B4GALT5	Cytoplasmic; Lumenal	Helical; Signal-anchor for type II membrane protein			True		True
O43291	SPINT2	Extracellular; Cytoplasmic	Helical		True	True		True
O43292	GPAA1	Cytoplasmic; Lumenal	Helical			True		True
O43300	LRRTM2	Extracellular; Cytoplasmic	Helical		True	True		True
O43306	ADCY6	Cytoplasmic; Extracellular	Helical			True		True
O43315	AQP9	Cytoplasmic; Extracellular	Helical	Discontinuously helical		True	True	True
O43323	DHH				True
O43405	COCH				True
O43424	GRID2	Extracellular; Cytoplasmic	Helical		True	True		True
O43451	MGAM	Cytoplasmic; Lumenal	Helical; Signal-anchor for type II membrane protein			True		True
O43462	MBTPS2	Cytoplasmic; Lumenal	Helical			True		True
O43464	HTRA2		Helical			True			True	literature, APEX_IMS, targetP signal, Rickettsial homolog, mito protein domain, MS/MS+	MIM	True
O43488	AKR7A2								True	APEX_matrix, targetP signal, coexpression, MS/MS++	Matrix	True
O43490	PROM1	Extracellular; Cytoplasmic	Helical		True	True		True
O43493	TGOLN2	Extracellular; Cytoplasmic	Helical		True	True		True
O43497	CACNA1G	Cytoplasmic; Extracellular	Helical			True		True
O43505	B4GAT1	Cytoplasmic; Lumenal	Helical; Signal-anchor for type II membrane protein			True		True
O43506	ADAM20	Extracellular; Cytoplasmic	Helical		True	True		True
O43508	TNFSF12	Cytoplasmic; Extracellular	Helical; Signal-anchor for type II membrane protein			True		True
O43511	SLC26A4	Cytoplasmic; Extracellular	Helical			True		True
O43520	ATP8B1	Cytoplasmic; Exoplasmic loop	Helical			True		True
O43521	BCL2L11								True	manual 	MOM	True
O43525	KCNQ3	Cytoplasmic; Extracellular	Helical; Helical; Voltage-sensor	Pore-forming		True	True	True
O43526	KCNQ2	Cytoplasmic; Extracellular	Helical; Helical; Voltage-sensor	Pore-forming		True	True	True
O43529	CHST10	Cytoplasmic; Lumenal	Helical; Signal-anchor for type II membrane protein			True		True
O43556	SGCE	Extracellular; Cytoplasmic	Helical			True		True
O43557	TNFSF14	Cytoplasmic; Extracellular	Helical; Signal-anchor for type II membrane protein			True		True
O43561	LAT	Extracellular; Cytoplasmic	Helical; Signal-anchor for type III membrane protein			True		True
O43567	RNF13	Lumenal; Cytoplasmic	Helical		True	True		True
O43570	CA12	Extracellular; Cytoplasmic	Helical		True	True		True
O43572	AKAP10								True	literature, mito protein domain	MOM	True
O43581	SYT7	Vesicular; Cytoplasmic	Helical			True		True
O43603	GALR2	Extracellular; Cytoplasmic	Helical			True		True
O43612	HCRT				True
O43613	HCRTR1	Extracellular; Cytoplasmic	Helical			True		True
O43614	HCRTR2	Extracellular; Cytoplasmic	Helical			True		True
O43615	TIMM44								True	literature, APEX_matrix, targetP signal, yeast mito homolog, mito protein domain, induction, coexpression++, MS/MS++	MIM	True
O43653	PSCA				True
O43674	NDUFB5		Helical			True			True	literature, APEX_IMS, APEX_matrix, targetP signal+, mito protein domain+, induction, coexpression++, MS/MS+	MIM	True
O43676	NDUFB3		Helical			True			True	literature, APEX_IMS, APEX_matrix, mito protein domain+, coexpression+, MS/MS++	MIM	True
O43678	NDUFA2								True	literature, APEX_matrix, targetP signal, mito protein domain, induction, coexpression++, MS/MS++	MIM	True
O43688	PLPP2	Cytoplasmic; Lumenal	Helical			True		True
O43699	SIGLEC6	Extracellular; Cytoplasmic	Helical		True	True		True
O43708	GSTZ1								True	APEX_matrix, mito protein domain, coexpression, MS/MS++	Matrix	True
O43715	TRIAP1								True	literature, yeast mito homolog++, mito protein domain, induction, MS/MS++	IMS	True
O43716	GATC								True	literature, APEX_matrix, targetP signal, Rickettsial homolog, mito protein domain+, induction, coexpression, MS/MS	Matrix	True
O43731	KDELR3	Lumenal; Cytoplasmic	Helical			True		True
O43749	OR1F1	Extracellular; Cytoplasmic	Helical			True		True
O43752	STX6	Cytoplasmic	Helical; Anchor for type IV membrane protein			True		True
O43759	SYNGR1	Cytoplasmic; Lumenal	Helical			True		True
O43760	SYNGR2		Helical			True
O43761	SYNGR3		Helical			True
O43766	LIAS								True	literature, APEX_matrix, targetP signal, yeast mito homolog, Rickettsial homolog, mito protein domain, induction, coexpression++, MS/MS	Matrix	True
O43772	SLC25A20	Cytoplasmic; Mitochondrial matrix	Helical			True		True	True	literature, yeast mito homolog+, mito protein domain+, induction, coexpression, MS/MS++	MIM	True
O43808	SLC25A17	Cytoplasmic; Lumenal	Helical			True		True
O43819	SCO2	Mitochondrial matrix; Mitochondrial intermembrane	Helical			True		True	True	literature, APEX_IMS, targetP signal+, yeast mito homolog+, Rickettsial homolog, mito protein domain, MS/MS	MIM	True
O43820	HYAL3				True
O43825	B3GALT2	Cytoplasmic; Lumenal	Helical; Signal-anchor for type II membrane protein			True		True
O43826	SLC37A4		Helical			True
O43827	ANGPTL7				True
O43837	IDH3B								True	literature, APEX_matrix, targetP signal+, yeast mito homolog+, Rickettsial homolog, mito protein domain, induction, coexpression, MS/MS++	Matrix	True
O43847	NRDC				True				True	targetP signal, Rickettsial homolog, mito protein domain+	Matrix
O43852	CALU				True
O43854	EDIL3				True
O43861	ATP9B	Cytoplasmic; Extracellular	Helical			True		True
O43865	AHCYL1								True	targetP signal, mito protein domain+, induction	MOM
O43866	CD5L				True
O43868	SLC28A2		Helical			True
O43889	CREB3	Cytoplasmic; Lumenal	Helical; Signal-anchor for type II membrane protein			True		True
O43895	XPNPEP2				True
O43897	TLL1				True
O43909	EXTL3	Cytoplasmic; Lumenal	Helical; Signal-anchor for type II membrane protein			True		True
O43914	TYROBP	Extracellular; Cytoplasmic	Helical		True	True		True
O43915	VEGFD				True
O43916	CHST1	Cytoplasmic; Lumenal	Helical; Signal-anchor for type II membrane protein			True		True
O43920	NDUFS5								True	literature, APEX_IMS, mito protein domain+, induction, coexpression++, MS/MS++	MIM	True
O43921	EFNA2				True
O43927	CXCL13				True
O60218	AKR1B10								True	induction, coexpression, MS/MS++	unknown
O60220	TIMM8A								True	literature, yeast mito homolog+, mito protein domain+, MS/MS++	MIM	True
O60235	TMPRSS11D	Cytoplasmic; Extracellular	Helical; Signal-anchor for type II membrane protein			True		True
O60238	BNIP3L		Helical			True			True	literature, mito protein domain+, coexpression	MOM	True
O60241	ADGRB2	Extracellular; Cytoplasmic	Helical		True	True		True
O60242	ADGRB3	Extracellular; Cytoplasmic	Helical		True	True		True
O60243	HS6ST1	Cytoplasmic; Lumenal	Helical; Signal-anchor for type II membrane protein			True		True
O60258	FGF17				True
O60259	KLK8				True
O60260	PRKN								True	manual, mito protein domain	MOM
O60266	ADCY3	Cytoplasmic	Helical			True		True
O60312	ATP10A	Cytoplasmic; Exoplasmic loop	Helical			True		True
O60313	OPA1	Mitochondrial matrix; Mitochondrial intermembrane	Helical			True	True	True	True	literature, APEX_IMS, targetP signal, yeast mito homolog++, mito protein domain, induction, coexpression++, MS/MS++	MIM	True
O60337	MARCHF6	Cytoplasmic; Extracellular	Helical			True		True
O60353	FZD6	Extracellular; Cytoplasmic	Helical		True	True		True
O60359	CACNG3		Helical			True
O60383	GDF9				True
O60391	GRIN3B	Extracellular; Cytoplasmic	Helical	Discontinuously helical	True	True	True	True
O60423	ATP8B3	Cytoplasmic; Exoplasmic loop	Helical			True		True
O60427	FADS1	Cytoplasmic; Lumenal	Helical			True		True
O60449	LY75	Extracellular; Cytoplasmic	Helical		True	True		True
O60462	NRP2	Extracellular; Cytoplasmic	Helical		True	True		True
O60469	DSCAM	Extracellular; Cytoplasmic	Helical		True	True		True
O60476	MAN1A2	Cytoplasmic; Lumenal	Helical; Signal-anchor for type II membrane protein			True		True
O60477	BRINP1				True
O60478	GPR137B	Lumenal; Cytoplasmic	Helical			True		True
O60486	PLXNC1	Extracellular; Cytoplasmic	Helical		True	True		True
O60487	MPZL2	Extracellular; Cytoplasmic	Helical		True	True		True
O60488	ACSL4	Cytoplasmic	Helical; Signal-anchor for type III membrane protein			True		True				True
O60494	CUBN				True
O60499	STX10	Cytoplasmic	Helical; Anchor for type IV membrane protein			True		True
O60500	NPHS1	Extracellular; Cytoplasmic	Helical		True	True		True
O60503	ADCY9	Cytoplasmic; Extracellular	Helical			True		True
O60507	TPST1	Cytoplasmic; Lumenal	Helical; Signal-anchor for type II membrane protein			True		True
O60512	B4GALT3	Cytoplasmic; Lumenal	Helical; Signal-anchor for type II membrane protein			True		True
O60513	B4GALT4	Cytoplasmic; Lumenal	Helical; Signal-anchor for type II membrane protein			True		True
O60565	GREM1				True
O60568	PLOD3				True
O60602	TLR5	Extracellular; Cytoplasmic	Helical		True	True		True
O60603	TLR2	Extracellular; Cytoplasmic	Helical		True	True		True
O60609	GFRA3				True
O60613	SELENOF				True
O60635	TSPAN1	Cytoplasmic; Extracellular	Helical			True		True
O60636	TSPAN2	Cytoplasmic; Extracellular	Helical			True		True
O60656	UGT1A9		Helical		True	True
O60667	FCMR	Extracellular; Cytoplasmic	Helical		True	True		True
O60669	SLC16A7	Cytoplasmic; Extracellular	Helical			True		True
O60683	PEX10	Peroxisomal matrix; Cytoplasmic	Helical			True		True
O60687	SRPX2				True
O60704	TPST2	Cytoplasmic; Lumenal	Helical; Signal-anchor for type II membrane protein			True		True
O60706	ABCC9	Extracellular; Cytoplasmic	Helical			True		True
O60721	SLC24A1	Extracellular; Cytoplasmic	Helical		True	True		True
O60725	ICMT	Cytoplasmic; Lumenal	Helical			True		True
O60733	PLA2G6		Helical			True
O60741	HCN1	Cytoplasmic; Extracellular	Helical; Helical; Voltage-sensor	Pore-forming		True	True	True
O60755	GALR3	Extracellular; Cytoplasmic	Helical			True		True
O60779	SLC19A2	Cytoplasmic; Extracellular	Helical			True		True
O60783	MRPS14								True	literature, APEX_matrix, targetP signal, yeast mito homolog++, Rickettsial homolog, mito protein domain, coexpression, MS/MS++	Matrix	True
O60830	TIMM17B		Helical			True			True	literature, APEX_IMS, yeast mito homolog+, mito protein domain+, coexpression, MS/MS+	MIM	True
O60831	PRAF2	Cytoplasmic; Extracellular	Helical			True		True
O60840	CACNA1F	Cytoplasmic; Extracellular	Helical			True		True
O60844	ZG16				True
O60858	TRIM13		Helical			True
O60882	MMP20				True
O60883	GPR37L1	Extracellular; Cytoplasmic	Helical		True	True		True
O60888	CUTA				True							True
O60894	RAMP1	Extracellular; Cytoplasmic	Helical		True	True		True
O60895	RAMP2	Extracellular; Cytoplasmic	Helical		True	True		True
O60896	RAMP3	Extracellular; Cytoplasmic	Helical		True	True		True
O60906	SMPD2		Helical			True
O60909	B4GALT2	Cytoplasmic; Lumenal	Helical; Signal-anchor for type II membrane protein			True		True
O60911	CTSV				True
O60928	KCNJ13	Cytoplasmic; Extracellular	Helical	Helical; Pore-forming		True	True	True
O60930	RNASEH1								True	literature, APEX_matrix, targetP signal, Rickettsial homolog, coexpression	Matrix	True
O60931	CTNS	Lumenal; Cytoplasmic	Helical		True	True		True
O60938	KERA				True
O60939	SCN2B	Extracellular; Cytoplasmic	Helical		True	True		True
O75015	FCGR3B				True
O75019	LILRA1	Extracellular; Cytoplasmic	Helical		True	True		True
O75022	LILRB3	Extracellular; Cytoplasmic	Helical		True	True		True
O75023	LILRB5	Extracellular; Cytoplasmic	Helical		True	True		True
O75027	ABCB7	Mitochondrial matrix; Mitochondrial intermembrane	Helical			True		True	True	literature, APEX_matrix, targetP signal, yeast mito homolog+, Rickettsial homolog, mito protein domain, coexpression+, MS/MS+	MIM	True
O75051	PLXNA2	Extracellular; Cytoplasmic	Helical		True	True		True
O75054	IGSF3	Extracellular; Cytoplasmic	Helical		True	True		True
O75056	SDC3	Extracellular; Cytoplasmic	Helical			True		True
O75063	FAM20B	Cytoplasmic; Lumenal	Helical; Signal-anchor for type II membrane protein			True		True
O75069	TMCC2		Helical			True
O75072	FKTN	Cytoplasmic; Lumenal	Helical; Signal-anchor for type II membrane protein			True		True
O75074	LRP3	Extracellular; Cytoplasmic	Helical		True	True		True
O75077	ADAM23	Extracellular; Cytoplasmic	Helical		True	True		True
O75078	ADAM11	Extracellular; Cytoplasmic	Helical		True	True		True
O75084	FZD7	Extracellular; Cytoplasmic	Helical		True	True		True
O75093	SLIT1				True
O75094	SLIT3				True
O75096	LRP4	Extracellular; Cytoplasmic	Helical		True	True		True
O75106	AOC2	Cytoplasmic; Extracellular	Helical			True		True
O75110	ATP9A	Cytoplasmic; Extracellular	Helical			True		True
O75121	MFAP3L	Extracellular; Cytoplasmic	Helical		True	True		True
O75127	PTCD1								True	targetP signal+, mito protein domain+, coexpression	Matrix	True
O75129	ASTN2	Lumenal; Cytoplasmic	Helical		True	True		True
O75144	ICOSLG	Extracellular; Cytoplasmic	Helical		True	True		True
O75173	ADAMTS4				True
O75185	ATP2C2	Cytoplasmic; Extracellular	Helical			True		True
O75192	PEX11A	Cytoplasmic; Lumenal	Helical			True		True
O75197	LRP5	Extracellular; Cytoplasmic	Helical		True	True		True
O75204	TMEM127		Helical			True
O75208	COQ9								True	APEX_matrix, targetP signal+, yeast mito homolog++, Rickettsial homolog, mito protein domain+, induction, coexpression, MS/MS++	MIM	True
O75251	NDUFS7								True	literature, APEX_matrix, targetP signal+, Rickettsial homolog, mito protein domain, induction, coexpression++, MS/MS++	MIM	True
O75298	RTN2		Helical			True
O75306	NDUFS2								True	literature, APEX_matrix, targetP signal, Rickettsial homolog, mito protein domain, induction, coexpression++, MS/MS++	MIM	True
O75309	CDH16	Extracellular; Cytoplasmic	Helical		True	True		True
O75311	GLRA3	Extracellular; Cytoplasmic	Helical		True	True		True
O75319	DUSP11											True
O75323	NIPSNAP2								True	literature, APEX_matrix, targetP signal+, induction, coexpression, MS/MS++	Matrix	True
O75324	SNN	Mitochondrial intermembrane; Cytoplasmic	Helical			True		True
O75326	SEMA7A				True
O75339	CILP				True
O75354	ENTPD6	Cytoplasmic; Lumenal	Helical; Signal-anchor for type II membrane protein			True		True
O75355	ENTPD3	Cytoplasmic; Extracellular	Helical			True		True
O75356	ENTPD5				True
O75379	VAMP4	Cytoplasmic; Vesicular	Helical; Anchor for type IV membrane protein			True		True
O75380	NDUFS6								True	literature, APEX_matrix, targetP signal, mito protein domain+, coexpression++, MS/MS++	MIM	True
O75381	PEX14	Peroxisomal matrix; Cytoplasmic	Helical			True		True
O75387	SLC43A1		Helical			True
O75390	CS								True	literature, APEX_matrix, targetP signal, yeast mito homolog++, Rickettsial homolog, mito protein domain, induction, coexpression++, MS/MS++	Matrix	True
O75396	SEC22B	Cytoplasmic	Helical; Anchor for type IV membrane protein			True		True
O75414	NME6								True	literature, APEX_matrix, GFP, Rickettsial homolog, mito protein domain, coexpression	Matrix	True
O75417	POLQ								True	literature, targetP signal, Rickettsial homolog, mito protein domain	Matrix
O75425	MOSPD3		Helical			True
O75427	LRCH4		Helical			True
O75431	MTX2								True	literature, mito protein domain+, induction, coexpression++, MS/MS++	MOM	True
O75438	NDUFB1		Helical			True			True	literature, mito protein domain+	MIM	True
O75439	PMPCB								True	literature, APEX_matrix, targetP signal+, yeast mito homolog+, Rickettsial homolog, mito protein domain+, induction, coexpression++, MS/MS++	Matrix	True
O75443	TECTA				True
O75445	USH2A	Extracellular; Cytoplasmic	Helical		True	True		True
O75452	RDH16		Helical			True
O75460	ERN1	Lumenal; Cytoplasmic	Helical		True	True		True
O75462	CRLF1				True
O75473	LGR5	Extracellular; Cytoplasmic	Helical		True	True		True
O75477	ERLIN1	Cytoplasmic; Lumenal	Helical			True		True
O75487	GPC4				True
O75489	NDUFS3								True	literature, APEX_matrix, targetP signal+, Rickettsial homolog, mito protein domain, MS/MS++	MIM	True
O75503	CLN5	Cytoplasmic; Lumenal	Helical; Signal-anchor for type II membrane protein			True		True
O75508	CLDN11	Cytoplasmic; Extracellular	Helical			True		True
O75509	TNFRSF21	Extracellular; Cytoplasmic	Helical		True	True		True
O75521	ECI2								True	literature, APEX_matrix, targetP signal+, mito protein domain, coexpression+, MS/MS++	Matrix	True
O75556	SCGB2A1				True
O75570	MTRF1								True	literature, APEX_matrix, targetP signal, yeast mito homolog+, Rickettsial homolog, mito protein domain	Matrix	True
O75578	ITGA10	Extracellular; Cytoplasmic	Helical		True	True		True
O75581	LRP6	Extracellular; Cytoplasmic	Helical		True	True		True
O75594	PGLYRP1				True
O75600	GCAT								True	literature, targetP signal, yeast mito homolog+, Rickettsial homolog, mito protein domain, MS/MS++	unknown	True
O75608	LYPLA1								True	Rickettsial homolog, mito protein domain, coexpression, MS/MS++	unknown	True
O75610	LEFTY1				True
O75616	ERAL1								True	APEX_matrix, targetP signal+, yeast mito homolog+, Rickettsial homolog, mito protein domain, induction, coexpression++	Matrix	True
O75629	CREG1				True
O75631	UPK3A	Lumenal; Cytoplasmic	Helical		True	True		True
O75636	FCN3				True
O75648	TRMU								True	literature, APEX_matrix, yeast mito homolog++, Rickettsial homolog, mito protein domain, coexpression	Matrix	True
O75712	GJB3	Cytoplasmic; Extracellular	Helical			True		True
O75718	CRTAP				True
O75746	SLC25A12	Mitochondrial intermembrane; Mitochondrial matrix	Helical			True		True	True	literature, yeast mito homolog+, mito protein domain+, induction, MS/MS++	MIM	True
O75751	SLC22A3		Helical			True
O75752	B3GALNT1	Cytoplasmic; Lumenal	Helical; Signal-anchor for type II membrane protein			True		True
O75762	TRPA1	Cytoplasmic; Extracellular	Helical	Pore-forming		True	True	True
O75783	RHBDL1		Helical			True
O75787	ATP6AP2	Extracellular; Cytoplasmic	Helical		True	True		True
O75795	UGT2B17		Helical		True	True
O75807	PPP1R15A	Cytoplasmic		Helical			True	True
O75828	CBR3								True	targetP signal, Rickettsial homolog, mito protein domain, MS/MS	Matrix
O75829	CNMD		Helical			True
O75841	UPK1B	Cytoplasmic; Extracellular	Helical			True		True
O75844	ZMPSTE24	Lumenal; Nuclear	Helical			True		True
O75845	SC5D		Helical			True
O75871	CEACAM4	Extracellular; Cytoplasmic	Helical		True	True		True
O75879	GATB								True	literature, APEX_matrix, targetP signal, yeast mito homolog, Rickettsial homolog, mito protein domain+, coexpression+, MS/MS	Matrix	True
O75880	SCO1	Mitochondrial matrix; Mitochondrial intermembrane	Helical			True		True	True	literature, APEX_IMS, APEX_matrix, targetP signal, yeast mito homolog+, Rickettsial homolog, mito protein domain, MS/MS++	MIM	True
O75881	CYP7B1		Helical			True
O75882	ATRN	Extracellular; Cytoplasmic	Helical		True	True		True
O75891	ALDH1L1								True	APEX_matrix, Rickettsial homolog, mito protein domain, induction, coexpression, MS/MS	Matrix	True
O75899	GABBR2	Extracellular; Cytoplasmic	Helical		True	True		True
O75900	MMP23B	Cytoplasmic; Lumenal	Helical; Signal-anchor for type II membrane protein			True		True
O75907	DGAT1	Cytoplasmic; Lumenal	Helical			True		True
O75908	SOAT2	Cytoplasmic; Lumenal	Helical			True		True
O75911	DHRS3		Helical			True
O75915	ARL6IP5	Cytoplasmic	Helical			True		True
O75923	DYSF	Cytoplasmic; Extracellular	Helical; Anchor for type IV membrane protein			True		True
O75947	ATP5PD								True	literature, APEX_matrix, yeast mito homolog++, mito protein domain+, MS/MS++	MIM	True
O75951	LYZL6				True
O75964	ATP5MG								True	literature, APEX_matrix, yeast mito homolog++, mito protein domain+, MS/MS++	MIM	True
O75976	CPD	Extracellular; Cytoplasmic	Helical		True	True		True
O76024	WFS1	Lumenal	Helical			True		True
O76031	CLPX								True	literature, APEX_matrix, yeast mito homolog++, Rickettsial homolog, mito protein domain, induction, coexpression, MS/MS++	Matrix	True
O76036	NCR1	Extracellular; Cytoplasmic	Helical		True	True		True
O76061	STC2				True
O76062	TM7SF2		Helical			True
O76076	CCN5				True
O76082	SLC22A5	Cytoplasmic; Extracellular	Helical			True		True
O76090	BEST1	Cytoplasmic; Extracellular	Helical			True		True
O76093	FGF18				True
O76095	JTB	Extracellular; Cytoplasmic	Helical		True	True		True
O76096	CST7				True
O94759	TRPM2	Cytoplasmic; Extracellular	Helical	Pore-forming		True	True	True
O94761	RECQL4								True	targetP signal, Rickettsial homolog, mito protein domain, coexpression	Matrix
O94766	B3GAT3	Cytoplasmic; Lumenal	Helical; Signal-anchor for type II membrane protein			True		True
O94769	ECM2				True
O94777	DPM2		Helical			True
O94778	AQP8	Cytoplasmic; Extracellular	Helical			True		True
O94779	CNTN5				True
O94813	SLIT2				True
O94823	ATP10B	Cytoplasmic; Exoplasmic loop	Helical			True		True
O94826	TOMM70	Mitochondrial intermembrane; Cytoplasmic	Helical			True		True	True	literature, yeast mito homolog+, mito protein domain, induction, coexpression	MOM	True
O94856	NFASC	Extracellular; Cytoplasmic	Helical		True	True		True
O94876	TMCC1	Cytoplasmic	Helical			True		True
O94886	TMEM63A	Extracellular; Cytoplasmic	Helical			True		True
O94898	LRIG2	Extracellular; Cytoplasmic	Helical		True	True		True
O94901	SUN1	Nuclear; Perinuclear space	Helical			True		True
O94905	ERLIN2	Cytoplasmic; Lumenal	Helical			True		True
O94907	DKK1				True
O94910	ADGRL1	Extracellular; Cytoplasmic	Helical		True	True		True
O94911	ABCA8		Helical			True
O94919	ENDOD1				True
O94923	GLCE	Cytoplasmic; Lumenal	Helical; Signal-anchor for type II membrane protein			True		True
O94925	GLS								True	literature, APEX_matrix, targetP signal+, Rickettsial homolog, mito protein domain+, MS/MS++	MIM	True
O94933	SLITRK3	Extracellular; Cytoplasmic	Helical		True	True		True
O94956	SLCO2B1	Cytoplasmic; Extracellular	Helical			True		True
O94966	USP19	Cytoplasmic; Lumenal	Helical			True		True
O94985	CLSTN1	Extracellular; Cytoplasmic	Helical		True	True		True
O94991	SLITRK5	Extracellular; Cytoplasmic	Helical		True	True		True
O95047	OR2A4	Extracellular; Cytoplasmic	Helical			True		True
O95069	KCNK2	Cytoplasmic	Helical	Pore-forming		True	True	True
O95070	YIF1A	Cytoplasmic; Lumenal	Helical			True		True
O95136	S1PR2	Extracellular; Cytoplasmic	Helical			True		True
O95139	NDUFB6		Helical			True			True	literature, APEX_IMS, APEX_matrix, mito protein domain+, induction, coexpression++, MS/MS++	MIM	True
O95140	MFN2	Cytoplasmic; Mitochondrial intermembrane	Helical			True		True	True	literature, mito protein domain+, induction, coexpression, MS/MS+	MOM	True
O95150	TNFSF15	Cytoplasmic; Extracellular	Helical; Signal-anchor for type II membrane protein			True		True
O95159	ZFPL1	Cytoplasmic; Lumenal	Helical			True		True
O95167	NDUFA3		Helical			True			True	literature, induction, coexpression++, MS/MS++	MIM	True
O95168	NDUFB4		Helical			True			True	literature, mito protein domain+, MS/MS++	MIM	True
O95169	NDUFB8		Helical			True			True	literature, APEX_IMS, APEX_matrix, targetP signal+, mito protein domain+, induction, coexpression++, MS/MS++	MIM	True
O95180	CACNA1H	Cytoplasmic; Extracellular	Helical			True		True
O95182	NDUFA7								True	literature, APEX_matrix, mito protein domain+, coexpression++, MS/MS++	MIM	True
O95183	VAMP5	Cytoplasmic; Vesicular	Helical; Anchor for type IV membrane protein			True		True
O95185	UNC5C	Extracellular; Cytoplasmic	Helical		True	True		True
O95196	CSPG5	Extracellular; Cytoplasmic	Helical		True	True		True
O95197	RTN3	Cytoplasmic		Helical			True	True
O95202	LETM1	Mitochondrial intermembrane; Mitochondrial matrix	Helical			True		True	True	literature, APEX_IMS, APEX_matrix, targetP signal, yeast mito homolog+, mito protein domain+, coexpression++, MS/MS++	MIM	True
O95206	PCDH8	Extracellular; Cytoplasmic	Helical		True	True		True
O95210	STBD1	Extracellular; Cytoplasmic	Helical			True		True
O95214	LEPROTL1		Helical			True
O95237	LRAT	Cytoplasmic; Lumenal	Helical			True		True
O95249	GOSR1	Cytoplasmic	Helical; Anchor for type IV membrane protein			True		True
O95255	ABCC6	Extracellular; Cytoplasmic	Helical			True		True
O95256	IL18RAP	Extracellular; Cytoplasmic	Helical		True	True		True
O95258	SLC25A14		Helical			True			True	literature, yeast mito homolog+, mito protein domain+, MS/MS	MIM	True
O95259	KCNH1	Cytoplasmic; Extracellular	Helical; Helical; Voltage-sensor	Pore-forming		True	True	True
O95264	HTR3B	Extracellular; Cytoplasmic	Helical		True	True		True
O95274	LYPD3				True
O95279	KCNK5	Cytoplasmic	Helical	Pore-forming		True	True	True
O95292	VAPB	Cytoplasmic	Helical; Anchor for type IV membrane protein			True		True
O95297	MPZL1	Extracellular; Cytoplasmic	Helical		True	True		True
O95298	NDUFC2		Helical			True			True	literature, APEX_IMS, mito protein domain+, coexpression++, MS/MS++	MIM	True
O95299	NDUFA10								True	literature, targetP signal, mito protein domain, coexpression++, MS/MS++	MIM	True
O95302	FKBP9				True
O95342	ABCB11	Cytoplasmic; Extracellular	Helical			True		True
O95363	FARS2								True	literature, APEX_matrix, targetP signal, yeast mito homolog+, Rickettsial homolog, mito protein domain, induction, coexpression, MS/MS	Matrix	True
O95377	GJB5	Cytoplasmic; Extracellular	Helical			True		True
O95388	CCN4				True
O95389	CCN6				True
O95390	GDF11				True
O95393	BMP10				True
O95395	GCNT3	Cytoplasmic; Lumenal	Helical; Signal-anchor for type II membrane protein			True		True
O95399	UTS2				True
O95406	CNIH1	Cytoplasmic; Lumenal	Helical			True		True
O95407	TNFRSF6B				True
O95415	BRI3		Helical			True
O95427	PIGN	Cytoplasmic; Lumenal	Helical			True		True
O95428	PAPLN				True
O95436	SLC34A2	Cytoplasmic; Extracellular	Helical			True		True
O95445	APOM				True
O95450	ADAMTS2				True
O95452	GJB6	Cytoplasmic; Extracellular	Helical			True		True
O95460	MATN4				True
O95461	LARGE1	Cytoplasmic; Lumenal	Helical; Signal-anchor for type II membrane protein			True		True
O95467	GNAS				True
O95470	SGPL1	Lumenal; Cytoplasmic	Helical; Signal-anchor for type III membrane protein			True		True
O95471	CLDN7	Cytoplasmic; Extracellular	Helical			True		True
O95476	CTDNEP1		Helical			True
O95477	ABCA1	Extracellular	Helical			True		True
O95479	H6PD				True
O95484	CLDN9	Cytoplasmic; Extracellular	Helical			True		True
O95490	ADGRL2	Extracellular; Cytoplasmic	Helical		True	True		True
O95497	VNN1				True
O95498	VNN2				True
O95500	CLDN14	Cytoplasmic; Extracellular	Helical			True		True
O95528	SLC2A10	Cytoplasmic; Extracellular	Helical			True		True
O95562	SFT2D2	Cytoplasmic; Lumenal	Helical			True		True
O95563	MPC2	Mitochondrial matrix; Mitochondrial intermembrane	Helical			True		True	True	literature, yeast mito homolog++, mito protein domain+, induction, coexpression++, MS/MS++	MIM	True
O95571	ETHE1								True	literature, APEX_matrix, targetP signal, yeast mito homolog+, mito protein domain, induction, MS/MS++	Matrix	True
O95573	ACSL3	Cytoplasmic	Helical; Signal-anchor for type III membrane protein			True		True
O95622	ADCY5	Cytoplasmic; Extracellular	Helical			True		True
O95631	NTN1				True
O95633	FSTL3				True
O95672	ECEL1	Cytoplasmic; Lumenal	Helical; Signal-anchor for type II membrane protein			True		True
O95674	CDS2		Helical			True
O95711	LY86				True
O95715	CXCL14				True
O95721	SNAP29								True	APEX_IMS	IMS	True
O95727	CRTAM	Extracellular; Cytoplasmic	Helical		True	True		True
O95750	FGF19				True
O95754	SEMA4F	Extracellular; Cytoplasmic	Helical		True	True		True
O95772	STARD3NL	Cytoplasmic; Extracellular	Helical			True		True
O95803	NDST3	Cytoplasmic; Lumenal	Helical; Signal-anchor for type II membrane protein			True		True
O95807	TMEM50A		Helical			True
O95813	CER1				True
O95822	MLYCD								True	literature, APEX_matrix, targetP signal+, mito protein domain, coexpression++, MS/MS	Matrix	True
O95831	AIFM1								True	literature, APEX_IMS, targetP signal, Rickettsial homolog, mito protein domain, induction, coexpression++, MS/MS++	MIM	True
O95832	CLDN1	Cytoplasmic; Extracellular	Helical			True		True
O95833	CLIC3		Helical			True
O95847	SLC25A27		Helical			True			True	literature, yeast mito homolog+, mito protein domain+, MS/MS	MIM	True
O95858	TSPAN15	Cytoplasmic; Extracellular	Helical			True		True
O95859	TSPAN12	Cytoplasmic; Extracellular	Helical			True		True
O95861	BPNT1											True
O95864	FADS2	Cytoplasmic; Lumenal	Helical			True		True
O95866	MPIG6B	Extracellular; Cytoplasmic	Helical		True	True		True
O95867	LY6G6C				True
O95868	LY6G6D				True
O95870	ABHD16A	Cytoplasmic	Helical			True		True
O95881	TXNDC12				True
O95897	OLFM2				True
O95900	TRUB2								True	APEX_matrix, Rickettsial homolog, mito protein domain	Matrix	True
O95907	SLC16A8	Cytoplasmic; Extracellular	Helical			True		True
O95925	EPPIN				True
O95944	NCR2	Extracellular; Cytoplasmic	Helical		True	True		True
O95965	ITGBL1				True
O95967	EFEMP2				True
O95968	SCGB1D1				True
O95970	LGI1				True
O95971	CD160				True
O95972	BMP15				True
O95977	S1PR4	Extracellular; Cytoplasmic	Helical			True		True
O95980	RECK				True
O95992	CH25H		Helical			True
O95994	AGR2				True
O95998	IL18BP				True
O96000	NDUFB10								True	literature, APEX_matrix, mito protein domain+, induction, coexpression++, MS/MS++	MIM	True
O96005	CLPTM1	Extracellular; Cytoplasmic	Helical			True		True
O96008	TOMM40	Cytoplasmic; Mitochondrial intermembrane	Beta stranded	Helical		True	True	True	True	literature, yeast mito homolog+, mito protein domain+, coexpression, MS/MS++	MOM	True
O96009	NAPSA				True
O96011	PEX11B		Helical			True			True	targetP signal, coexpression, MS/MS	Membrane
O96014	WNT11				True
O96024	B3GALT4	Cytoplasmic; Lumenal	Helical; Signal-anchor for type II membrane protein			True		True
P00156	MT-CYB		Helical			True			True	literature, yeast mito homolog++, Rickettsial homolog, mito protein domain	MIM	True
P00167	CYB5A		Helical			True
P00367	GLUD1								True	literature, APEX_matrix, Rickettsial homolog, mito protein domain, coexpression, MS/MS++	Matrix	True
P00374	DHFR											True
P00387	CYB5R3								True	literature, mito protein domain, MS/MS+	MOM	True
P00390	GSR								True	literature, APEX_matrix, targetP signal, Rickettsial homolog, mito protein domain, MS/MS++	Matrix	True
P00395	MT-CO1	Mitochondrial matrix; Mitochondrial intermembrane	Helical			True		True	True	literature, APEX_IMS, yeast mito homolog++, Rickettsial homolog, mito protein domain, MS/MS	MIM	True
P00403	MT-CO2	Mitochondrial intermembrane; Mitochondrial matrix	Helical			True		True	True	literature, APEX_IMS, APEX_matrix, yeast mito homolog++, Rickettsial homolog, mito protein domain+, MS/MS+	MIM	True
P00414	MT-CO3	Mitochondrial matrix; Mitochondrial intermembrane	Helical			True		True	True	literature, yeast mito homolog++, Rickettsial homolog, mito protein domain	MIM	True
P00441	SOD1								True	literature, mito protein domain, induction, coexpression	IMS	True
P00450	CP				True
P00451	F8				True
P00480	OTC								True	literature, targetP signal, mito protein domain, MS/MS+	Matrix	True
P00505	GOT2								True	literature, APEX_IMS, APEX_matrix, targetP signal, mito protein domain, MS/MS++	MIM	True
P00533	EGFR	Extracellular; Cytoplasmic	Helical		True	True		True
P00709	LALBA				True
P00734	F2				True
P00736	C1R				True
P00738	HP				True
P00739	HPR				True
P00740	F9				True
P00742	F10				True
P00746	CFD				True
P00747	PLG				True
P00748	F12				True
P00749	PLAU				True
P00750	PLAT				True
P00751	CFB				True
P00797	REN				True
P00846	MT-ATP6		Helical			True			True	literature, yeast mito homolog++, Rickettsial homolog, mito protein domain+, MS/MS+	MIM	True
P00995	SPINK1				True
P01008	SERPINC1				True
P01009	SERPINA1				True
P01011	SERPINA3				True
P01019	AGT				True
P01023	A2M				True
P01024	C3				True
P01031	C5				True
P01033	TIMP1				True
P01034	CST3				True
P01036	CST4				True
P01037	CST1				True
P01042	KNG1				True
P01127	PDGFB				True
P01130	LDLR	Extracellular; Cytoplasmic	Helical		True	True		True
P01133	EGF	Extracellular; Cytoplasmic	Helical		True	True		True
P01135	TGFA	Extracellular; Cytoplasmic	Helical		True	True		True
P01137	TGFB1				True
P01138	NGF				True
P01148	GNRH1				True
P01160	NPPA				True
P01178	OXT				True
P01185	AVP				True
P01189	POMC				True
P01210	PENK				True
P01213	PDYN				True
P01215	CGA				True
P01222	TSHB				True
P01225	FSHB				True
P01229	LHB				True
P01236	PRL				True
P01241	GH1				True
P01242	GH2				True
P01258	CALCA				True
P01266	TG				True
P01270	PTH				True
P01275	GCG				True
P01282	VIP				True
P01286	GHRH				True
P01298	PPY				True
P01303	NPY				True
P01308	INS				True
P01344	IGF2				True
P01350	GAST				True
P01374	LTA				True
P01375	TNF	Cytoplasmic; Extracellular	Helical; Signal-anchor for type II membrane protein			True		True
P01563	IFNA2				True
P01567	IFNA7				True
P01568	IFNA21				True
P01570	IFNA14				True
P01571	IFNA17				True
P01574	IFNB1				True
P01579	IFNG				True
P01588	EPO				True
P01589	IL2RA	Extracellular; Cytoplasmic	Helical		True	True		True
P01591	JCHAIN				True
P01593	IGKV1D-33				True
P01594	IGKV1-33				True
P01597	IGKV1-39				True
P01602	IGKV1-5				True
P01615	IGKV2D-28				True
P01619	IGKV3-20				True
P01699	IGLV1-44				True
P01700	IGLV1-47				True
P01701	IGLV1-51				True
P01704	IGLV2-14				True
P01705	IGLV2-23				True
P01706	IGLV2-11				True
P01709	IGLV2-8				True
P01721	IGLV6-57				True
P01730	CD4	Extracellular; Cytoplasmic	Helical		True	True		True
P01732	CD8A	Extracellular; Cytoplasmic	Helical		True	True		True
P01742	IGHV1-69				True
P01764	IGHV3-23				True
P01768	IGHV3-30				True
P01772	IGHV3-33				True
P01780	IGHV3-7				True
P01814	IGHV2-70				True
P01817	IGHV2-5				True
P01825	IGHV4-59				True
P01833	PIGR	Extracellular; Cytoplasmic	Helical		True	True		True
P01848	TRAC	Cytoplasmic	Helical			True		True
P01850	TRBC1	Cytoplasmic	Helical			True		True
P01854	IGHE	Extracellular; Cytoplasmic	Helical			True		True
P01857	IGHG1	Extracellular; Cytoplasmic	Helical			True		True
P01859	IGHG2	Extracellular; Cytoplasmic	Helical			True		True
P01860	IGHG3	Extracellular; Cytoplasmic	Helical			True		True
P01861	IGHG4	Extracellular; Cytoplasmic	Helical			True		True
P01871	IGHM	Extracellular; Cytoplasmic	Helical			True		True
P01876	IGHA1	Extracellular; Cytoplasmic	Helical			True		True
P01877	IGHA2	Extracellular; Cytoplasmic	Helical			True		True
P01880	IGHD	Extracellular; Cytoplasmic	Helical			True		True
P01889	HLA-B	Extracellular; Cytoplasmic	Helical		True	True		True
P01893	HLA-H	Extracellular; Cytoplasmic	Helical		True	True		True
P01903	HLA-DRA	Extracellular; Cytoplasmic	Helical		True	True		True
P01906	HLA-DQA2	Extracellular; Cytoplasmic	Helical		True	True		True
P01909	HLA-DQA1	Extracellular; Cytoplasmic	Helical		True	True		True
P01911	HLA-DRB1	Extracellular; Cytoplasmic	Helical		True	True		True
P01920	HLA-DQB1	Extracellular; Cytoplasmic	Helical		True	True		True
P02452	COL1A1				True
P02458	COL2A1				True
P02461	COL3A1				True
P02462	COL4A1				True
P02647	APOA1				True
P02649	APOE				True
P02652	APOA2				True
P02654	APOC1				True
P02655	APOC2				True
P02656	APOC3				True
P02671	FGA				True
P02675	FGB				True
P02679	FGG				True
P02708	CHRNA1	Extracellular; Cytoplasmic	Helical		True	True		True
P02724	GYPA	Extracellular; Cytoplasmic	Helical		True	True		True
P02730	SLC4A1	Cytoplasmic; Extracellular	Helical; Discontinuously helical	Discontinuously helical		True	True	True
P02741	CRP				True
P02743	APCS				True
P02745	C1QA				True
P02746	C1QB				True
P02747	C1QC				True
P02748	C9		Beta stranded		True	True
P02749	APOH				True
P02750	LRG1				True
P02751	FN1				True
P02753	RBP4				True
P02760	AMBP				True
P02763	ORM1				True
P02765	AHSG				True
P02766	TTR				True
P02768	ALB				True
P02771	AFP				True
P02774	GC				True
P02775	PPBP				True
P02776	PF4				True
P02778	CXCL10				True
P02786	TFRC	Cytoplasmic; Extracellular	Helical; Signal-anchor for type II membrane protein			True		True
P02787	TF				True
P02788	LTF				True
P02790	HPX				True
P02794	FTH1								True	mito protein domain, MS/MS++	unknown
P02808	STATH				True
P02810	PRH1; PRH2				True
P02812	PRB2				True
P02814	SMR3B				True
P02818	BGLAP				True
P03886	MT-ND1		Helical			True			True	literature, Rickettsial homolog, mito protein domain, MS/MS	MIM	True
P03891	MT-ND2		Helical			True			True	literature, Rickettsial homolog, mito protein domain+, MS/MS+	MIM	True
P03897	MT-ND3		Helical			True			True	literature, Rickettsial homolog, mito protein domain+, MS/MS	MIM	True
P03901	MT-ND4L		Helical			True			True	literature, Rickettsial homolog, mito protein domain	MIM	True
P03905	MT-ND4		Helical			True			True	literature, APEX_IMS, APEX_matrix, Rickettsial homolog, mito protein domain+, MS/MS+	MIM	True
P03915	MT-ND5		Helical			True			True	literature, APEX_IMS, APEX_matrix, Rickettsial homolog, mito protein domain+, MS/MS+	MIM	True
P03923	MT-ND6		Helical			True			True	literature, mito protein domain	MIM	True
P03928	MT-ATP8		Helical			True			True	literature, mito protein domain+, MS/MS++	MIM	True
P03950	ANG				True
P03951	F11				True
P03952	KLKB1				True
P03956	MMP1				True
P03971	AMH				True
P03973	SLPI				True
P03999	OPN1SW	Extracellular; Cytoplasmic	Helical			True		True
P04000	OPN1LW	Extracellular; Cytoplasmic	Helical			True		True
P04001	OPN1MW	Extracellular; Cytoplasmic	Helical			True		True
P04003	C4BPA				True
P04004	VTN				True
P04035	HMGCR	Cytoplasmic; Lumenal	Helical			True		True
P04040	CAT								True	yeast mito homolog++, mito protein domain, coexpression	IMS
P04054	PLA2G1B				True
P04062	GBA1				True
P04066	FUCA1				True
P04070	PROC				True
P04085	PDGFA				True
P04090	RLN2				True
P04114	APOB				True
P04118	CLPS				True
P04141	CSF2				True
P04155	TFF1				True
P04156	PRNP				True
P04179	SOD2								True	literature, APEX_matrix, targetP signal, yeast mito homolog++, Rickettsial homolog, mito protein domain, induction, MS/MS++	Matrix	True
P04180	LCAT				True
P04181	OAT								True	literature, APEX_matrix, targetP signal+, mito protein domain, coexpression, MS/MS++	Matrix	True
P04196	HRG				True
P04201	MAS1	Extracellular; Cytoplasmic	Helical			True		True
P04216	THY1				True
P04217	A1BG				True
P04233	CD74	Cytoplasmic; Extracellular	Helical; Signal-anchor for type II membrane protein			True		True
P04234	CD3D	Extracellular; Cytoplasmic	Helical		True	True		True
P04275	VWF				True
P04278	SHBG				True
P04279	SEMG1				True
P04280	PRB1				True
P04439	HLA-A	Extracellular; Cytoplasmic	Helical		True	True		True
P04440	HLA-DPB1	Extracellular; Cytoplasmic	Helical		True	True		True
P04626	ERBB2	Extracellular; Cytoplasmic	Helical		True	True		True
P04628	WNT1				True
P04629	NTRK1	Extracellular; Cytoplasmic	Helical		True	True		True
P04746	AMY2A				True
P04798	CYP1A1											True
P04839	CYBB	Cytoplasmic; Extracellular	Helical			True		True
P04843	RPN1	Lumenal; Cytoplasmic	Helical		True	True		True
P04844	RPN2	Lumenal; Cytoplasmic	Helical		True	True		True
P04920	SLC4A2	Cytoplasmic; Extracellular	Helical			True		True
P04921	GYPC	Extracellular; Cytoplasmic	Helical; Signal-anchor for type III membrane protein			True		True
P05000	IFNW1				True
P05014	IFNA4				True
P05019	IGF1				True
P05023	ATP1A1	Cytoplasmic; Extracellular	Helical			True		True
P05026	ATP1B1	Cytoplasmic; Extracellular	Helical; Signal-anchor for type II membrane protein			True		True
P05060	CHGB				True
P05067	APP	Extracellular; Cytoplasmic	Helical		True	True		True
P05090	APOD				True
P05091	ALDH2								True	literature, APEX_matrix, targetP signal+, yeast mito homolog+, mito protein domain, coexpression, MS/MS++	Matrix	True
P05106	ITGB3	Extracellular; Cytoplasmic	Helical		True	True		True
P05107	ITGB2	Extracellular; Cytoplasmic	Helical		True	True		True
P05108	CYP11A1								True	literature, mito protein domain, MS/MS+	MIM	True
P05111	INHA				True
P05112	IL4				True
P05113	IL5				True
P05120	SERPINB2				True
P05121	SERPINE1				True
P05141	SLC25A5	Mitochondrial intermembrane; Mitochondrial matrix	Helical			True		True	True	literature, yeast mito homolog+, mito protein domain+, induction, MS/MS++	MIM	True
P05154	SERPINA5				True
P05155	SERPING1				True
P05156	CFI				True
P05160	F13B				True
P05164	MPO				True
P05165	PCCA								True	literature, targetP signal, Rickettsial homolog, mito protein domain, induction, coexpression+, MS/MS++	Matrix	True
P05166	PCCB								True	literature, targetP signal+, Rickettsial homolog, mito protein domain, coexpression+, MS/MS++	Matrix	True
P05186	ALPL				True
P05187	ALPP		Helical		True	True
P05231	IL6				True
P05305	EDN1				True
P05362	ICAM1	Extracellular; Cytoplasmic	Helical		True	True		True
P05408	SCG5				True
P05451	REG1A				True
P05452	CLEC3B				True
P05496	ATP5MC1		Helical			True			True	literature, yeast mito homolog+, Rickettsial homolog, mito protein domain	MIM	True
P05538	HLA-DQB2	Extracellular; Cytoplasmic	Helical		True	True		True
P05543	SERPINA7				True
P05546	SERPIND1				True
P05556	ITGB1	Extracellular; Cytoplasmic	Helical		True	True		True
P05814	CSN2				True
P05981	HPN	Cytoplasmic; Extracellular	Helical; Signal-anchor for type II membrane protein			True		True
P05997	COL5A2				True
P06028	GYPB	Extracellular; Cytoplasmic	Helical		True	True		True
P06126	CD1A	Extracellular; Cytoplasmic	Helical		True	True		True
P06127	CD5	Extracellular; Cytoplasmic	Helical		True	True		True
P06133	UGT2B4		Helical		True	True
P06213	INSR	Extracellular; Cytoplasmic	Helical		True	True		True
P06276	BCHE				True
P06280	GLA				True
P06307	CCK				True
P06312	IGKV4-1				True
P06340	HLA-DOA	Extracellular; Cytoplasmic	Helical		True	True		True
P06396	GSN				True
P06576	ATP5F1B								True	literature, APEX_matrix, targetP signal+, yeast mito homolog++, Rickettsial homolog, mito protein domain, coexpression++, MS/MS++	MIM	True
P06681	C2				True
P06727	APOA4				True
P06729	CD2	Extracellular; Cytoplasmic	Helical		True	True		True
P06731	CEACAM5				True
P06734	FCER2	Cytoplasmic; Extracellular	Helical; Signal-anchor for type II membrane protein			True		True
P06746	POLB								True	literature	Matrix
P06753	TPM3											True
P06756	ITGAV	Extracellular; Cytoplasmic	Helical		True	True		True
P06850	CRH				True
P06858	LPL				True
P06865	HEXA				True
P06870	KLK1				True
P06881	CALCA				True
P07093	SERPINE2				True
P07098	LIPF				True
P07099	EPHX1	Cytoplasmic	Helical; Signal-anchor for type III membrane protein			True		True
P07108	DBI								True	mito protein domain, induction, coexpression	unknown
P07148	FABP1								True	mito protein domain, MS/MS++	unknown
P07195	LDHB								True	Rickettsial homolog, mito protein domain, induction	unknown
P07202	TPO	Extracellular; Cytoplasmic	Helical		True	True		True
P07203	GPX1								True	literature, APEX_matrix, targetP signal, mito protein domain, coexpression, MS/MS+	Matrix	True
P07204	THBD	Extracellular; Cytoplasmic	Helical		True	True		True
P07225	PROS1				True
P07237	P4HB				True
P07288	KLK3				True
P07306	ASGR1	Cytoplasmic; Extracellular	Helical; Signal-anchor for type II membrane protein			True		True
P07307	ASGR2	Cytoplasmic; Extracellular	Helical; Signal-anchor for type II membrane protein			True		True
P07333	CSF1R	Extracellular; Cytoplasmic	Helical		True	True		True
P07339	CTSD				True
P07357	C8A		Beta stranded		True	True
P07358	C8B		Beta stranded		True	True
P07359	GP1BA	Extracellular; Cytoplasmic	Helical		True	True		True
P07360	C8G				True
P07477	PRSS1				True
P07478	PRSS2				True
P07492	GRP				True
P07498	CSN3				True
P07510	CHRNG	Extracellular; Cytoplasmic	Helical		True	True		True
P07550	ADRB2	Extracellular; Cytoplasmic	Helical			True		True
P07585	DCN				True
P07602	PSAP				True
P07686	HEXB				True
P07711	CTSL				True
P07766	CD3E	Extracellular; Cytoplasmic	Helical		True	True		True
P07858	CTSB				True
P07911	UMOD				True
P07919	UQCRH								True	literature, APEX_IMS, yeast mito homolog++, mito protein domain+, induction, coexpression++, MS/MS++	MIM	True
P07942	LAMB1				True
P07949	RET	Extracellular; Cytoplasmic	Helical		True	True		True
P07954	FH								True	literature, APEX_matrix, targetP signal+, yeast mito homolog, Rickettsial homolog, mito protein domain, induction, coexpression++, MS/MS++	Matrix	True
P07988	SFTPB				True
P07996	THBS1				True
P07998	RNASE1				True
P08034	GJB1	Cytoplasmic; Extracellular	Helical			True		True
P08069	IGF1R	Extracellular; Cytoplasmic	Helical		True	True		True
P08100	RHO	Extracellular; Cytoplasmic	Helical			True		True
P08118	MSMB				True
P08123	COL1A2				True
P08138	NGFR	Extracellular; Cytoplasmic	Helical		True	True		True
P08172	CHRM2	Extracellular; Cytoplasmic	Helical			True		True
P08173	CHRM4	Extracellular; Cytoplasmic	Helical			True		True
P08174	CD55				True
P08183	ABCB1	Cytoplasmic; Extracellular	Helical			True		True
P08185	SERPINA6				True
P08195	SLC3A2	Cytoplasmic; Extracellular	Helical; Signal-anchor for type II membrane protein			True		True
P08217	CELA2A				True
P08218	CELA2B				True
P08236	GUSB				True
P08246	ELANE				True
P08247	SYP	Cytoplasmic; Vesicular	Helical			True		True
P08253	MMP2				True
P08254	MMP3				True
P08294	SOD3				True
P08311	CTSG				True
P08473	MME	Cytoplasmic; Extracellular	Helical; Signal-anchor for type II membrane protein			True		True
P08476	INHBA				True
P08493	MGP				True
P08514	ITGA2B	Extracellular; Cytoplasmic	Helical		True	True		True
P08519	LPA				True
P08559	PDHA1								True	literature, APEX_matrix, targetP signal+, yeast mito homolog+, Rickettsial homolog, mito protein domain+, induction, coexpression++, MS/MS++	Matrix	True
P08571	CD14				True
P08572	COL4A2				True
P08574	CYC1	Mitochondrial intermembrane; Mitochondrial matrix	Helical			True		True	True	literature, APEX_IMS, APEX_matrix, targetP signal, yeast mito homolog++, Rickettsial homolog, mito protein domain+, induction, coexpression++, MS/MS++	MIM	True
P08575	PTPRC	Extracellular; Cytoplasmic	Helical		True	True		True
P08581	MET	Extracellular; Cytoplasmic	Helical		True	True		True
P08582	MELTF				True
P08588	ADRB1	Extracellular; Cytoplasmic	Helical			True		True
P08603	CFH				True
P08620	FGF4				True
P08637	FCGR3A	Extracellular; Cytoplasmic	Helical		True	True		True
P08648	ITGA5	Extracellular; Cytoplasmic	Helical		True	True		True
P08684	CYP3A4		Helical			True
P08697	SERPINF2				True
P08700	IL3				True
P08709	F7				True
P08833	IGFBP1				True
P08842	STS	Lumenal; Cytoplasmic	Helical		True	True		True
P08861	CELA3B				True
P08887	IL6R	Extracellular; Cytoplasmic	Helical		True	True		True
P08908	HTR1A	Extracellular; Cytoplasmic	Helical			True		True
P08910	ABHD2	Cytoplasmic; Extracellular	Helical; Signal-anchor for type II membrane protein			True		True
P08912	CHRM5	Extracellular; Cytoplasmic	Helical			True		True
P08913	ADRA2A	Extracellular; Cytoplasmic	Helical			True		True
P08922	ROS1	Extracellular; Cytoplasmic	Helical		True	True		True
P08949	NMB				True
P08962	CD63	Cytoplasmic; Extracellular	Helical			True		True
P08F94	PKHD1	Extracellular; Cytoplasmic	Helical		True	True		True
P09110	ACAA1								True	yeast mito homolog++, Rickettsial homolog, mito protein domain, coexpression	unknown
P09172	DBH	Cytoplasmic; Intragranular	Helical; Signal-anchor for type II membrane protein			True		True
P09228	CST2				True
P09237	MMP7				True
P09238	MMP10				True
P09326	CD48				True
P09341	CXCL1				True
P09417	QDPR								True	APEX_matrix, targetP signal, mito protein domain, induction	Matrix	True
P09466	PAEP				True
P09486	SPARC				True
P09529	INHBB				True
P09544	WNT2				True
P09564	CD7	Extracellular; Cytoplasmic	Helical		True	True		True
P09601	HMOX1	Cytoplasmic	Helical; Anchor for type IV membrane protein			True		True
P09603	CSF1	Lumenal; Cytoplasmic	Helical		True	True		True
P09619	PDGFRB	Extracellular; Cytoplasmic	Helical		True	True		True
P09622	DLD								True	literature, APEX_matrix, targetP signal, yeast mito homolog, Rickettsial homolog, mito protein domain, induction, coexpression++, MS/MS++	Matrix	True
P09668	CTSH				True
P09669	COX6C	Mitochondrial matrix; Mitochondrial intermembrane	Helical			True		True	True	literature, APEX_IMS, APEX_matrix, targetP signal, mito protein domain+, induction, coexpression++, MS/MS++	MIM	True
P09681	GIP				True
P09683	SCT				True
P09693	CD3G	Extracellular; Cytoplasmic	Helical		True	True		True
P09758	TACSTD2	Extracellular; Cytoplasmic	Helical		True	True		True
P09848	LCT	Extracellular; Cytoplasmic	Helical		True	True		True
P09871	C1S				True
P09912	IFI6		Helical			True
P09919	CSF3				True
P09923	ALPI				True
P09958	FURIN	Lumenal; Cytoplasmic	Helical		True	True		True
P0C0L4	C4A				True
P0C0L5	C4B; C4B_2				True
P0C6T2	OST4	Lumenal; Cytoplasmic	Helical			True		True
P0C7P0	CISD3								True	APEX_matrix, targetP signal, mito protein domain, coexpression, MS/MS++	Matrix	True
P0C7U0	ELFN1	Extracellular; Cytoplasmic	Helical		True	True		True
P0CAP1	MYZAP				True
P0CG08	GPR89B		Helical			True
P0CG37	CFC1				True
P0CW18	PRSS56				True
P0DJD7	PGA4				True
P0DJD8	PGA3				True
P0DJD9	PGA5				True
P0DJI8	SAA1				True
P0DJI9	SAA2				True
P0DMC3	APELA				True
P0DML2	CSH1				True
P0DML3	CSH2				True
P0DMS8	ADORA3	Extracellular; Cytoplasmic	Helical			True		True
P0DMS9	TMIGD3		Helical			True
P0DN84	STRIT1		Helical			True
P0DN86	CGB3; CGB5; CGB8				True
P0DP57	SLURP2				True
P0DP58	LYNX1				True
P0DPD6	ECE2	Cytoplasmic; Lumenal	Helical; Signal-anchor for type II membrane protein			True		True
P0DPD8	EEF1AKMT4-ECE2	Cytoplasmic; Lumenal	Helical			True		True
P0DPK3	NOTCH2NLB				True
P0DSE1	TRA	Cytoplasmic	Helical		True	True		True
P0DSE2	TRB	Cytoplasmic	Helical		True	True		True
P0DTE4	UGT2A1	Lumenal; Cytoplasmic	Helical		True	True		True
P0DTE5	UGT2A2	Cytoplasmic; Lumenal	Helical			True		True
P0DTE7	AMY1B				True
P0DTE8	AMY1C				True
P0DTU3	TRA	Cytoplasmic	Helical		True	True		True
P0DTU4	TRB	Cytoplasmic	Helical		True	True		True
P0DUB6	AMY1A				True
P10082	PYY				True
P10092	CALCB				True
P10109	FDX1								True	literature, APEX_matrix, targetP signal, yeast mito homolog+, Rickettsial homolog, mito protein domain, induction, coexpression, MS/MS+	Matrix	True
P10124	SRGN				True
P10144	GZMB				True
P10145	CXCL8				True
P10147	CCL3				True
P10153	RNASE2				True
P10163	PRB4				True
P10176	COX8A	Mitochondrial matrix; Mitochondrial intermembrane	Helical			True		True	True	literature, targetP signal, mito protein domain+, coexpression+, MS/MS	MIM	True
P10253	GAA				True
P10321	HLA-C	Extracellular; Cytoplasmic	Helical		True	True		True
P10323	ACR				True
P10415	BCL2		Helical			True			True	literature, mito protein domain	MOM	True
P10451	SPP1				True
P10515	DLAT								True	literature, APEX_matrix, yeast mito homolog+, Rickettsial homolog, mito protein domain+, induction, coexpression++, MS/MS++	Matrix	True
P10586	PTPRF	Extracellular; Cytoplasmic	Helical		True	True		True
P10588	NR2F6											True
P10600	TGFB3				True
P10606	COX5B								True	literature, APEX_IMS, APEX_matrix, targetP signal+, yeast mito homolog++, mito protein domain+, MS/MS++	MIM	True
P10619	CTSA				True
P10620	MGST1	Lumenal; Cytoplasmic	Helical			True		True	True	mito protein domain, coexpression, MS/MS++	Membrane
P10643	C7				True
P10645	CHGA				True
P10646	TFPI				True
P10696	ALPG				True
P10720	PF4V1				True
P10721	KIT	Extracellular; Cytoplasmic	Helical		True	True		True
P10745	RBP3				True
P10747	CD28	Extracellular; Cytoplasmic	Helical		True	True		True
P10767	FGF6				True
P10809	HSPD1								True	literature, APEX_matrix, targetP signal+, yeast mito homolog++, Rickettsial homolog, mito protein domain, MS/MS++	Matrix	True
P10909	CLU				True
P10912	GHR	Extracellular; Cytoplasmic	Helical		True	True		True
P10966	CD8B	Extracellular; Cytoplasmic	Helical		True	True		True
P10997	IAPP				True
P11021	HSPA5				True
P11047	LAMC1				True
P11049	CD37	Cytoplasmic; Extracellular	Helical			True		True
P11117	ACP2	Lumenal; Cytoplasmic	Helical		True	True		True
P11150	LIPC				True
P11166	SLC2A1	Cytoplasmic; Extracellular	Helical			True		True
P11168	SLC2A2	Cytoplasmic; Extracellular	Helical			True		True
P11169	SLC2A3	Cytoplasmic; Extracellular	Helical			True		True
P11177	PDHB								True	literature, targetP signal, yeast mito homolog+, Rickettsial homolog, mito protein domain+, induction, coexpression++, MS/MS++	Matrix	True
P11182	DBT								True	literature, APEX_matrix, targetP signal+, yeast mito homolog+, Rickettsial homolog, mito protein domain+, induction, coexpression+, MS/MS++	Matrix	True
P11215	ITGAM	Extracellular; Cytoplasmic	Helical		True	True		True
P11226	MBL2				True
P11229	CHRM1	Extracellular; Cytoplasmic	Helical			True		True
P11230	CHRNB1	Extracellular; Cytoplasmic	Helical		True	True		True
P11279	LAMP1	Lumenal; Cytoplasmic	Helical		True	True		True
P11310	ACADM								True	literature, APEX_matrix, targetP signal, mito protein domain+, induction, coexpression++, MS/MS++	Matrix	True
P11362	FGFR1	Extracellular; Cytoplasmic	Helical		True	True		True
P11464	PSG1				True
P11487	FGF3				True
P11498	PC								True	literature, targetP signal, Rickettsial homolog, mito protein domain, coexpression, MS/MS++	Matrix	True
P11511	CYP19A1		Helical			True
P11597	CETP				True
P11678	EPX				True
P11684	SCGB1A1				True
P11717	IGF2R	Lumenal; Cytoplasmic	Helical		True	True		True
P11836	MS4A1	Cytoplasmic; Extracellular	Helical			True		True
P11912	CD79A	Extracellular; Cytoplasmic	Helical		True	True		True
P12018	VPREB1				True
P12034	FGF5				True
P12074	COX6A1	Mitochondrial matrix; Mitochondrial intermembrane	Helical			True		True	True	literature, targetP signal+, yeast mito homolog+, mito protein domain+, induction, coexpression, MS/MS++	MIM	True
P12107	COL11A1				True
P12109	COL6A1				True
P12110	COL6A2				True
P12111	COL6A3				True
P12235	SLC25A4	Mitochondrial intermembrane; Mitochondrial matrix	Helical			True		True	True	literature, yeast mito homolog++, mito protein domain+, induction, coexpression, MS/MS++	MIM	True
P12236	SLC25A6	Mitochondrial intermembrane; Mitochondrial matrix	Helical			True		True	True	literature, yeast mito homolog+, mito protein domain+	MIM	True
P12259	F5				True
P12272	PTHLH				True
P12273	PIP				True
P12314	FCGR1A	Extracellular; Cytoplasmic	Helical		True	True		True
P12318	FCGR2A	Extracellular; Cytoplasmic	Helical		True	True		True
P12319	FCER1A	Extracellular; Cytoplasmic	Helical		True	True		True
P12532	CKMT1A; CKMT1B											True
P12544	GZMA				True
P12643	BMP2				True
P12644	BMP4				True
P12645	BMP3				True
P12694	BCKDHA								True	literature, APEX_matrix, targetP signal+, yeast mito homolog+, Rickettsial homolog, mito protein domain+, coexpression+, MS/MS++	MIM	True
P12724	RNASE3				True
P12821	ACE	Extracellular; Cytoplasmic	Helical		True	True		True
P12830	CDH1	Extracellular; Cytoplasmic	Helical		True	True		True
P12838	DEFA4				True
P13051	UNG								True	literature, targetP signal, yeast mito homolog, mito protein domain, induction	Matrix	True
P13073	COX4I1	Mitochondrial matrix; Mitochondrial intermembrane	Helical			True		True	True	literature, APEX_IMS, APEX_matrix, targetP signal, mito protein domain+, coexpression++, MS/MS++	MIM	True
P13164	IFITM1	Cytoplasmic; Extracellular	Helical	Helical		True	True	True
P13196	ALAS1								True	literature, APEX_matrix, targetP signal, yeast mito homolog+, Rickettsial homolog, mito protein domain+, induction, coexpression, MS/MS	Matrix	True
P13224	GP1BB	Extracellular; Cytoplasmic	Helical		True	True		True
P13232	IL7				True
P13236	CCL4				True
P13284	IFI30				True
P13385	CRIPTO				True
P13473	LAMP2	Lumenal; Cytoplasmic	Helical		True	True		True
P13497	BMP1				True
P13498	CYBA	Cytoplasmic; Extracellular	Helical			True	True	True
P13500	CCL2				True
P13501	CCL5				True
P13521	SCG2				True
P13569	CFTR	Cytoplasmic; Extracellular	Helical; Discontinuously helical			True		True
P13591	NCAM1	Extracellular; Cytoplasmic	Helical		True	True		True
P13598	ICAM2	Extracellular; Cytoplasmic	Helical		True	True		True
P13611	VCAN				True
P13612	ITGA4	Extracellular; Cytoplasmic	Helical		True	True		True
P13637	ATP1A3	Cytoplasmic; Extracellular	Helical			True		True
P13667	PDIA4				True
P13671	C6		Beta stranded		True	True
P13674	P4HA1				True
P13686	ACP5				True
P13688	CEACAM1	Extracellular; Cytoplasmic	Helical		True	True		True
P13725	OSM				True
P13726	F3	Extracellular; Cytoplasmic	Helical		True	True		True
P13727	PRG2				True
P13747	HLA-E	Extracellular; Cytoplasmic	Helical		True	True		True
P13762	HLA-DRB4	Extracellular; Cytoplasmic	Helical		True	True		True
P13765	HLA-DOB	Extracellular; Cytoplasmic	Helical		True	True		True
P13804	ETFA								True	literature, APEX_matrix, targetP signal, yeast mito homolog++, mito protein domain, induction, coexpression++, MS/MS++	Matrix	True
P13866	SLC5A1	Extracellular; Cytoplasmic	Helical			True		True
P13942	COL11A2				True
P13945	ADRB3	Extracellular; Cytoplasmic	Helical			True		True
P13987	CD59				True
P13995	MTHFD2								True	literature, APEX_matrix, targetP signal, yeast mito homolog+, Rickettsial homolog, mito protein domain, MS/MS	Matrix	True
P14060	HSD3B1		Helical			True
P14091	CTSE				True
P14138	EDN3				True
P14151	SELL	Extracellular; Cytoplasmic	Helical		True	True		True
P14207	FOLR2				True
P14209	CD99	Extracellular; Cytoplasmic	Helical		True	True		True
P14210	HGF				True
P14222	PRF1		Beta stranded		True	True
P14314	PRKCSH				True
P14324	FDPS								True	targetP signal, mito protein domain, MS/MS+	MIM
P14384	CPM				True
P14406	COX7A2	Mitochondrial matrix; Mitochondrial intermembrane	Helical			True		True	True	literature, mito protein domain+, induction, coexpression++, MS/MS++	MIM	True
P14410	SI	Cytoplasmic; Lumenal	Helical; Signal-anchor for type II membrane protein			True		True
P14415	ATP1B2	Cytoplasmic; Extracellular	Helical; Signal-anchor for type II membrane protein			True		True
P14416	DRD2	Extracellular; Cytoplasmic	Helical			True		True
P14543	NID1				True
P14555	PLA2G2A				True
P14616	INSRR	Extracellular; Cytoplasmic	Helical		True	True		True
P14625	HSP90B1				True
P14672	SLC2A4	Cytoplasmic; Extracellular	Helical			True		True
P14679	TYR	Lumenal, melanosome; Cytoplasmic	Helical		True	True		True
P14735	IDE								True	literature, APEX_matrix, targetP signal, Rickettsial homolog, mito protein domain+, coexpression, MS/MS+	Matrix	True
P14770	GP9	Extracellular; Cytoplasmic	Helical		True	True		True
P14778	IL1R1	Extracellular; Cytoplasmic	Helical		True	True		True
P14780	MMP9				True
P14784	IL2RB	Extracellular; Cytoplasmic	Helical		True	True		True
P14854	COX6B1								True	literature, APEX_IMS, yeast mito homolog+, mito protein domain+, coexpression++, MS/MS++	MIM	True
P14867	GABRA1	Extracellular; Cytoplasmic	Helical		True	True		True
P14927	UQCRB								True	literature, APEX_matrix, yeast mito homolog++, mito protein domain+, MS/MS++	MIM	True
P15018	LIF				True
P15085	CPA1				True
P15086	CPB1				True
P15121	AKR1B1											True
P15144	ANPEP	Cytoplasmic; Extracellular	Helical; Signal-anchor for type II membrane protein			True		True
P15151	PVR	Extracellular; Cytoplasmic	Helical		True	True		True
P15169	CPN1				True
P15248	IL9				True
P15260	IFNGR1	Extracellular; Cytoplasmic	Helical		True	True		True
P15289	ARSA				True
P15291	B4GALT1	Cytoplasmic; Lumenal	Helical; Signal-anchor for type II membrane protein			True		True
P15309	ACP3				True
P15328	FOLR1				True
P15382	KCNE1	Cytoplasmic	Helical			True		True
P15391	CD19	Extracellular; Cytoplasmic	Helical		True	True		True
P15502	ELN				True
P15509	CSF2RA	Extracellular; Cytoplasmic	Helical		True	True		True
P15514	AREG		Helical		True	True
P15515	HTN1				True
P15516	HTN3				True
P15529	CD46	Extracellular; Cytoplasmic	Helical		True	True		True
P15538	CYP11B1								True	manual, targetP signal, mito protein domain	MIM	True
P15586	GNS				True
P15812	CD1E		Helical		True	True
P15813	CD1D	Extracellular; Cytoplasmic	Helical		True	True		True
P15814	IGLL1				True
P15848	ARSB				True
P15907	ST6GAL1	Cytoplasmic; Lumenal	Helical; Signal-anchor for type II membrane protein			True		True
P15941	MUC1	Extracellular; Cytoplasmic	Helical		True	True		True
P15954	COX7C	Mitochondrial matrix; Mitochondrial intermembrane	Helical			True		True	True	literature, APEX_IMS, yeast mito homolog++, mito protein domain+, MS/MS++	MIM	True
P16035	TIMP2				True
P16066	NPR1	Extracellular; Cytoplasmic	Helical		True	True		True
P16070	CD44	Extracellular; Cytoplasmic	Helical		True	True		True
P16109	SELP	Extracellular; Cytoplasmic	Helical		True	True		True
P16112	ACAN				True
P16144	ITGB4	Extracellular; Cytoplasmic	Helical		True	True		True
P16150	SPN	Extracellular; Cytoplasmic	Helical		True	True		True
P16219	ACADS								True	literature, APEX_matrix, targetP signal+, mito protein domain+, induction, coexpression++, MS/MS++	Matrix	True
P16233	PNLIP				True
P16234	PDGFRA	Extracellular; Cytoplasmic	Helical		True	True		True
P16278	GLB1				True
P16284	PECAM1	Extracellular; Cytoplasmic	Helical		True	True		True
P16389	KCNA2	Cytoplasmic; Extracellular	Helical; Helical; Voltage-sensor	Helical		True	True	True
P16410	CTLA4	Extracellular; Cytoplasmic	Helical		True	True		True
P16422	EPCAM	Extracellular; Cytoplasmic	Helical		True	True		True
P16435	POR	Lumenal; Cytoplasmic	Helical			True		True
P16442	ABO	Cytoplasmic; Lumenal	Helical; Signal-anchor for type II membrane protein			True		True
P16444	DPEP1				True
P16471	PRLR	Extracellular; Cytoplasmic	Helical		True	True		True
P16473	TSHR	Extracellular; Cytoplasmic	Helical		True	True		True
P16519	PCSK2				True
P16581	SELE	Extracellular; Cytoplasmic	Helical		True	True		True
P16615	ATP2A2	Cytoplasmic; Lumenal	Helical			True		True
P16619	CCL3L1; CCL3L3				True
P16662	UGT2B7		Helical		True	True
P16671	CD36	Cytoplasmic; Extracellular	Helical			True		True
P16860	NPPB				True
P16870	CPE				True
P16871	IL7R	Extracellular; Cytoplasmic	Helical		True	True		True
P17050	NAGA				True
P17152	TMEM11		Helical			True			True	GFP, targetP signal, mito protein domain+, induction, coexpression, MS/MS	MIM	True
P17181	IFNAR1	Extracellular; Cytoplasmic	Helical		True	True		True
P17213	BPI				True
P17301	ITGA2	Extracellular; Cytoplasmic	Helical		True	True		True
P17302	GJA1	Cytoplasmic; Extracellular	Helical			True		True
P17342	NPR3	Extracellular; Cytoplasmic	Helical		True	True		True
P17405	SMPD1				True
P17540	CKMT2								True	literature, targetP signal, mito protein domain, induction, coexpression, MS/MS++	MIM	True
P17568	NDUFB7								True	literature, APEX_IMS, APEX_matrix, induction, coexpression++, MS/MS++	MIM	True
P17612	PRKACA								True	literature, mito protein domain, coexpression	MIM
P17643	TYRP1	Lumenal, melanosome; Cytoplasmic	Helical		True	True		True
P17658	KCNA6	Cytoplasmic; Extracellular	Helical; Helical; Voltage-sensor	Helical		True	True	True
P17693	HLA-G	Extracellular; Cytoplasmic	Helical		True	True		True
P17787	CHRNB2	Extracellular; Cytoplasmic	Helical		True	True		True
P17813	ENG	Extracellular; Cytoplasmic	Helical		True	True		True
P17861	XBP1	Cytoplasmic; Lumenal	Helical; Signal-anchor for type II membrane protein			True		True
P17900	GM2A				True
P17927	CR1	Extracellular; Cytoplasmic	Helical		True	True		True
P17936	IGFBP3				True
P17948	FLT1	Extracellular; Cytoplasmic	Helical		True	True		True
P18065	IGFBP2				True
P18075	BMP7				True
P18084	ITGB5	Extracellular; Cytoplasmic	Helical		True	True		True
P18089	ADRA2B	Extracellular; Cytoplasmic	Helical			True		True
P18405	SRD5A1		Helical			True
P18428	LBP				True
P18433	PTPRA	Extracellular; Cytoplasmic	Helical		True	True		True
P18505	GABRB1	Extracellular; Cytoplasmic	Helical		True	True		True
P18507	GABRG2	Extracellular; Cytoplasmic	Helical		True	True		True
P18509	ADCYAP1				True
P18510	IL1RN				True
P18564	ITGB6	Extracellular; Cytoplasmic	Helical		True	True		True
P18577	RHCE		Helical			True
P18627	LAG3	Extracellular; Cytoplasmic	Helical		True	True		True
P18825	ADRA2C	Extracellular; Cytoplasmic	Helical			True		True
P18827	SDC1	Extracellular; Cytoplasmic	Helical		True	True		True
P18850	ATF6	Cytoplasmic; Lumenal	Helical; Signal-anchor for type II membrane protein			True		True
P18859	ATP5PF								True	literature, APEX_IMS, targetP signal+, mito protein domain+, induction, coexpression++, MS/MS++	MIM	True
P19021	PAM	Intragranular; Cytoplasmic	Helical		True	True		True
P19022	CDH2	Extracellular; Cytoplasmic	Helical		True	True		True
P19075	TSPAN8	Cytoplasmic; Extracellular	Helical			True		True
P19099	CYP11B2								True	literature, targetP signal, mito protein domain, coexpression	MIM	True
P19224	UGT1A6		Helical		True	True
P19235	EPOR	Extracellular; Cytoplasmic	Helical		True	True		True
P19256	CD58	Extracellular; Cytoplasmic	Helical		True	True		True
P19320	VCAM1	Extracellular; Cytoplasmic	Helical		True	True		True
P19367	HK1											True
P19397	CD53	Cytoplasmic; Extracellular	Helical			True		True
P19404	NDUFV2								True	literature, APEX_matrix, targetP signal+, Rickettsial homolog, induction, coexpression++, MS/MS++	MIM	True
P19438	TNFRSF1A	Extracellular; Cytoplasmic	Helical		True	True		True
P19440	GGT1	Cytoplasmic; Extracellular	Helical; Signal-anchor for type II membrane protein			True		True
P19526	FUT1	Cytoplasmic; Lumenal	Helical; Signal-anchor for type II membrane protein			True		True
P19634	SLC9A1	Extracellular; Cytoplasmic	Helical			True		True
P19652	ORM2				True
P19801	AOC1				True
P19823	ITIH2				True
P19827	ITIH1				True
P19835	CEL				True
P19875	CXCL2				True
P19876	CXCL3				True
P19883	FST				True
P19957	PI3				True
P20020	ATP2B1	Cytoplasmic; Extracellular	Helical			True		True
P20023	CR2	Extracellular; Cytoplasmic	Helical		True	True		True
P20036	HLA-DPA1	Extracellular; Cytoplasmic	Helical		True	True		True
P20061	TCN1				True
P20062	TCN2				True
P20138	CD33	Extracellular; Cytoplasmic	Helical		True	True		True
P20142	PGC				True
P20151	KLK2				True
P20155	SPINK2				True
P20160	AZU1				True
P20231	TPSB2				True
P20273	CD22	Extracellular; Cytoplasmic	Helical		True	True		True
P20292	ALOX5AP	Lumenal; Cytoplasmic	Helical			True	True	True
P20309	CHRM3	Extracellular; Cytoplasmic	Helical			True		True
P20333	TNFRSF1B	Extracellular; Cytoplasmic	Helical		True	True		True
P20366	TAC1				True
P20396	TRH				True
P20594	NPR2	Extracellular; Cytoplasmic	Helical		True	True		True
P20645	M6PR	Lumenal; Cytoplasmic	Helical		True	True		True
P20648	ATP4A	Cytoplasmic; Lumenal	Helical			True		True
P20674	COX5A								True	literature, APEX_IMS, APEX_matrix, targetP signal+, yeast mito homolog++, mito protein domain+, induction, coexpression++, MS/MS++	MIM	True
P20701	ITGAL	Extracellular; Cytoplasmic	Helical		True	True		True
P20702	ITGAX	Extracellular; Cytoplasmic	Helical		True	True		True
P20718	GZMH				True
P20742	PZP				True
P20774	OGN				True
P20783	NTF3				True
P20800	EDN2				True
P20809	IL11				True
P20827	EFNA1				True
P20848	SERPINA2				True
P20849	COL9A1				True
P20851	C4BPB				True
P20908	COL5A1				True
P20916	MAG	Extracellular; Cytoplasmic	Helical		True	True		True
P20933	AGA				True
P20963	CD247	Extracellular; Cytoplasmic	Helical		True	True		True
P21128	ENDOU				True
P21145	MAL	Cytoplasmic; Extracellular	Helical			True		True
P21217	FUT3	Cytoplasmic; Lumenal	Helical; Signal-anchor for type II membrane protein			True		True
P21246	PTN				True
P21397	MAOA	Cytoplasmic; Mitochondrial intermembrane	Helical; Anchor for type IV membrane protein			True		True	True	literature, mito protein domain, MS/MS+	MOM	True
P21439	ABCB4	Cytoplasmic; Extracellular	Helical			True		True
P21452	TACR2	Extracellular; Cytoplasmic	Helical			True		True
P21453	S1PR1	Extracellular; Cytoplasmic	Helical			True		True
P21462	FPR1	Extracellular; Cytoplasmic	Helical			True		True
P21549	AGXT								True	literature, yeast mito homolog, mito protein domain, MS/MS	Matrix
P21554	CNR1	Extracellular; Cytoplasmic	Helical			True		True
P21579	SYT1	Vesicular; Cytoplasmic	Helical			True		True
P21583	KITLG	Extracellular; Cytoplasmic	Helical		True	True		True
P21589	NT5E				True
P21709	EPHA1	Extracellular; Cytoplasmic	Helical		True	True		True
P21728	DRD1	Extracellular; Cytoplasmic	Helical			True		True
P21730	C5AR1	Extracellular; Cytoplasmic	Helical			True		True
P21731	TBXA2R	Extracellular; Cytoplasmic	Helical			True		True
P21741	MDK				True
P21754	ZP3	Extracellular; Cytoplasmic	Helical		True	True		True
P21757	MSR1	Cytoplasmic; Extracellular	Helical; Signal-anchor for type II membrane protein			True		True
P21781	FGF7				True
P21796	VDAC1		Beta stranded			True			True	literature, APEX_IMS, yeast mito homolog+, mito protein domain+, coexpression++, MS/MS++	MOM	True
P21802	FGFR2	Extracellular; Cytoplasmic	Helical		True	True		True
P21810	BGN				True
P21815	IBSP				True
P21817	RYR1	Cytoplasmic; Lumenal	Helical	Pore-forming		True	True	True
P21854	CD72	Cytoplasmic; Extracellular	Helical; Signal-anchor for type II membrane protein			True		True
P21860	ERBB3	Extracellular; Cytoplasmic	Helical		True	True		True
P21912	SDHB								True	literature, APEX_matrix, targetP signal+, yeast mito homolog, Rickettsial homolog, mito protein domain+, induction, coexpression++, MS/MS++	MIM	True
P21917	DRD4	Extracellular; Cytoplasmic	Helical			True		True
P21918	DRD5	Extracellular; Cytoplasmic	Helical			True		True
P21926	CD9	Cytoplasmic; Extracellular	Helical			True		True
P21941	MATN1				True
P21953	BCKDHB								True	literature, APEX_matrix, targetP signal, yeast mito homolog+, Rickettsial homolog, mito protein domain+, coexpression+, MS/MS++	MIM	True
P21964	COMT	Cytoplasmic; Extracellular	Helical; Signal-anchor for type II membrane protein			True		True	True	GFP, induction, coexpression	Membrane
P22001	KCNA3	Cytoplasmic; Extracellular	Helical; Helical; Voltage-sensor			True		True
P22003	BMP5				True
P22004	BMP6				True
P22033	MMUT								True	literature, APEX_matrix, targetP signal, mito protein domain+, coexpression, MS/MS++	Matrix	True
P22079	LPO				True
P22083	FUT4	Cytoplasmic; Lumenal	Helical; Signal-anchor for type II membrane protein			True		True
P22105	TNXB				True
P22223	CDH3	Extracellular; Cytoplasmic	Helical		True	True		True
P22234	PAICS								True	APEX_matrix, Rickettsial homolog, coexpression	Matrix
P22301	IL10				True
P22303	ACHE				True
P22304	IDS				True
P22307	SCP2								True	Rickettsial homolog, mito protein domain+	MIM
P22309	UGT1A1		Helical		True	True
P22310	UGT1A4		Helical		True	True
P22352	GPX3				True
P22362	CCL1				True
P22413	ENPP1	Cytoplasmic; Extracellular	Helical; Signal-anchor for type II membrane protein			True		True
P22455	FGFR4	Extracellular; Cytoplasmic	Helical		True	True		True
P22459	KCNA4	Cytoplasmic; Extracellular	Helical; Helical; Voltage-sensor	Helical		True	True	True
P22460	KCNA5	Cytoplasmic; Extracellular	Helical; Helical; Voltage-sensor	Helical		True	True	True
P22466	GAL				True
P22557	ALAS2								True	literature, yeast mito homolog+, Rickettsial homolog, mito protein domain+, coexpression	Matrix	True
P22570	FDXR								True	literature, APEX_matrix, targetP signal+, yeast mito homolog++, coexpression, MS/MS++	Matrix	True
P22607	FGFR3	Extracellular; Cytoplasmic	Helical		True	True		True
P22680	CYP7A1		Helical			True
P22692	IGFBP4				True
P22695	UQCRC2								True	literature, APEX_matrix, targetP signal, yeast mito homolog+, Rickettsial homolog, mito protein domain+, induction, coexpression++, MS/MS++	MIM	True
P22732	SLC2A5	Cytoplasmic; Extracellular	Helical			True		True
P22748	CA4				True
P22749	GNLY				True
P22760	AADAC	Cytoplasmic; Lumenal	Helical; Signal-anchor for type II membrane protein			True		True
P22792	CPN2				True
P22794	EVI2A	Extracellular; Cytoplasmic	Helical		True	True		True
P22830	FECH								True	literature, APEX_matrix, targetP signal+, yeast mito homolog++, Rickettsial homolog, mito protein domain, coexpression, MS/MS++	MIM	True
P22888	LHCGR	Extracellular; Cytoplasmic	Helical		True	True		True
P22891	PROZ				True
P22894	MMP8				True
P22897	MRC1	Extracellular; Cytoplasmic	Helical		True	True		True
P23083	IGHV1-2				True
P23141	CES1				True
P23142	FBLN1				True
P23219	PTGS1				True
P23229	ITGA6	Extracellular; Cytoplasmic	Helical		True	True		True
P23276	KEL	Cytoplasmic; Extracellular	Helical; Signal-anchor for type II membrane protein			True		True
P23280	CA6				True
P23284	PPIB				True
P23327	HRC				True
P23352	ANOS1				True
P23368	ME2								True	literature, APEX_matrix, targetP signal, yeast mito homolog+, Rickettsial homolog, mito protein domain, MS/MS++	Matrix	True
P23378	GLDC								True	literature, APEX_matrix, targetP signal, yeast mito homolog, mito protein domain+, coexpression, MS/MS++	Matrix	True
P23415	GLRA1	Extracellular; Cytoplasmic	Helical		True	True		True
P23416	GLRA2	Extracellular; Cytoplasmic	Helical		True	True		True
P23434	GCSH								True	literature, APEX_matrix, targetP signal, yeast mito homolog, mito protein domain+, MS/MS	Matrix	True
P23435	CBLN1				True
P23467	PTPRB	Extracellular; Cytoplasmic	Helical		True	True		True
P23468	PTPRD	Extracellular; Cytoplasmic	Helical		True	True		True
P23469	PTPRE	Extracellular; Cytoplasmic	Helical		True	True		True
P23470	PTPRG	Extracellular; Cytoplasmic	Helical		True	True		True
P23471	PTPRZ1	Extracellular; Cytoplasmic	Helical		True	True		True
P23510	TNFSF4	Cytoplasmic; Extracellular	Helical; Signal-anchor for type II membrane protein			True		True
P23515	OMG				True
P23560	BDNF				True
P23582	NPPC				True
P23634	ATP2B4	Cytoplasmic; Extracellular	Helical			True		True
P23763	VAMP1	Cytoplasmic; Vesicular	Helical; Anchor for type IV membrane protein			True		True
P23786	CPT2	Mitochondrial matrix		Note=Mitochondrial inner membrane			True	True	True	literature, APEX_matrix, targetP signal+, yeast mito homolog++, mito protein domain, induction, coexpression+, MS/MS++	MIM	True
P23919	DTYMK								True	Rickettsial homolog, MS/MS+	Matrix	True
P23942	PRPH2	Cytoplasmic; Lumenal	Helical			True		True
P23945	FSHR	Extracellular; Cytoplasmic	Helical		True	True		True
P23946	CMA1				True
P23975	SLC6A2	Cytoplasmic; Extracellular	Helical			True		True
P24001	IL32				True
P24043	LAMA2				True
P24046	GABRR1	Extracellular; Cytoplasmic	Helical		True	True		True
P24071	FCAR	Extracellular; Cytoplasmic	Helical		True	True		True
P24158	PRTN3				True
P24310	COX7A1	Mitochondrial matrix; Mitochondrial intermembrane	Helical			True		True	True	literature, targetP signal, mito protein domain+, induction, coexpression, MS/MS+	MIM	True
P24311	COX7B	Mitochondrial matrix; Mitochondrial intermembrane	Helical			True		True	True	literature, targetP signal, mito protein domain+, induction, MS/MS+	MIM	True
P24347	MMP11				True
P24387	CRHBP				True
P24390	KDELR1	Lumenal; Cytoplasmic	Helical			True		True
P24394	IL4R	Extracellular; Cytoplasmic	Helical		True	True		True
P24530	EDNRB	Extracellular; Cytoplasmic	Helical		True	True		True
P24539	ATP5PB								True	literature, APEX_matrix, yeast mito homolog++, mito protein domain+, MS/MS++	MIM	True
P24557	TBXAS1	Cytoplasmic; Lumenal	Helical			True		True
P24592	IGFBP6				True
P24593	IGFBP5				True
P24752	ACAT1								True	literature, APEX_matrix, targetP signal+, Rickettsial homolog, mito protein domain, induction, coexpression+, MS/MS++	Matrix	True
P24821	TNC				True
P24855	DNASE1				True
P25021	HRH2	Extracellular; Cytoplasmic	Helical			True		True
P25024	CXCR1	Extracellular; Cytoplasmic	Helical			True		True
P25025	CXCR2	Extracellular; Cytoplasmic	Helical			True		True
P25063	CD24				True
P25067	COL8A2				True
P25089	FPR3	Extracellular; Cytoplasmic	Helical			True		True
P25090	FPR2	Extracellular; Cytoplasmic	Helical			True		True
P25092	GUCY2C	Extracellular; Cytoplasmic	Helical		True	True		True
P25100	ADRA1D	Extracellular; Cytoplasmic	Helical			True		True
P25101	EDNRA	Extracellular; Cytoplasmic	Helical		True	True		True
P25103	TACR1	Extracellular; Cytoplasmic	Helical			True		True
P25105	PTAFR	Extracellular; Cytoplasmic	Helical			True		True
P25106	ACKR3	Extracellular; Cytoplasmic	Helical			True		True
P25116	F2R	Extracellular; Cytoplasmic	Helical		True	True		True
P25189	MPZ	Extracellular; Cytoplasmic	Helical		True	True		True
P25311	AZGP1				True
P25325	MPST								True	APEX_matrix, mito protein domain, coexpression, MS/MS++	MIM	True
P25391	LAMA1				True
P25445	FAS	Extracellular; Cytoplasmic	Helical		True	True		True
P25705	ATP5F1A								True	literature, APEX_matrix, targetP signal+, yeast mito homolog++, Rickettsial homolog, mito protein domain, induction, coexpression++, MS/MS++	MIM	True
P25774	CTSS				True
P25874	UCP1	Mitochondrial intermembrane; Mitochondrial matrix	Helical			True		True	True	literature, yeast mito homolog+, mito protein domain+, coexpression, MS/MS	MIM	True
P25929	NPY1R	Extracellular; Cytoplasmic	Helical			True		True
P25940	COL5A3				True
P25942	CD40	Extracellular; Cytoplasmic	Helical		True	True		True
P26006	ITGA3	Extracellular; Cytoplasmic	Helical		True	True		True
P26010	ITGB7	Extracellular; Cytoplasmic	Helical		True	True		True
P26012	ITGB8	Extracellular; Cytoplasmic	Helical		True	True		True
P26022	PTX3				True
P26358	DNMT1											True
P26436	ACRV1				True
P26439	HSD3B2		Helical			True
P26440	IVD								True	literature, APEX_matrix, targetP signal, mito protein domain+, coexpression+, MS/MS++	Matrix	True
P26572	MGAT1	Cytoplasmic; Lumenal	Helical; Signal-anchor for type II membrane protein			True		True
P26678	PLN	Cytoplasmic	Helical			True		True
P26715	KLRC1	Cytoplasmic; Extracellular	Helical; Signal-anchor for type II membrane protein			True		True
P26717	KLRC2	Cytoplasmic; Extracellular	Helical; Signal-anchor for type II membrane protein			True		True
P26718	KLRK1	Cytoplasmic; Extracellular	Helical; Signal-anchor for type II membrane protein			True		True
P26842	CD27	Extracellular; Cytoplasmic	Helical		True	True		True
P26885	FKBP2				True
P26927	MST1				True
P26951	IL3RA	Extracellular; Cytoplasmic	Helical		True	True		True
P26992	CNTFR				True
P27037	ACVR2A	Extracellular; Cytoplasmic	Helical		True	True		True
P27105	STOM	Cytoplasmic					True	True	True	yeast mito homolog+, Rickettsial homolog, mito protein domain, MS/MS	Membrane
P27144	AK4								True	APEX_matrix, yeast mito homolog++, Rickettsial homolog, mito protein domain, MS/MS++	Matrix	True
P27169	PON1				True
P27338	MAOB	Cytoplasmic; Mitochondrial intermembrane	Helical; Anchor for type IV membrane protein			True		True	True	literature, mito protein domain, MS/MS++	MOM	True
P27352	CBLIF				True
P27449	ATP6V0C	Lumenal; Cytoplasmic	Helical			True		True
P27487	DPP4	Cytoplasmic; Extracellular	Helical; Signal-anchor for type II membrane protein			True		True
P27539	GDF1				True
P27544	CERS1		Helical			True
P27658	COL8A1				True
P27695	APEX1								True	literature, Rickettsial homolog, mito protein domain	Matrix	True
P27701	CD82	Cytoplasmic; Extracellular	Helical			True		True
P27797	CALR				True
P27824	CANX	Lumenal; Cytoplasmic	Helical		True	True		True
P27918	CFP				True
P27930	IL1R2	Extracellular; Cytoplasmic	Helical		True	True		True
P28039	AOAH				True
P28067	HLA-DMA	Lumenal; Cytoplasmic	Helical		True	True		True
P28068	HLA-DMB	Lumenal; Cytoplasmic	Helical		True	True		True
P28221	HTR1D	Extracellular; Cytoplasmic	Helical			True		True
P28222	HTR1B	Extracellular; Cytoplasmic	Helical			True		True
P28223	HTR2A	Extracellular; Cytoplasmic	Helical			True		True
P28288	ABCD3		Helical			True			True	GFP, targetP signal, Rickettsial homolog, mito protein domain, induction, coexpression	Membrane
P28300	LOX				True
P28325	CST5				True
P28328	PEX2	Peroxisomal matrix; Cytoplasmic	Helical			True		True
P28330	ACADL								True	literature, targetP signal+, mito protein domain+, induction, coexpression+, MS/MS++	MIM	True
P28331	NDUFS1								True	literature, APEX_matrix, targetP signal, Rickettsial homolog, mito protein domain+, induction, coexpression++, MS/MS++	MIM	True
P28335	HTR2C	Extracellular; Cytoplasmic	Helical		True	True		True
P28336	NMBR	Extracellular; Cytoplasmic	Helical			True		True
P28472	GABRB3	Extracellular; Cytoplasmic	Helical		True	True		True
P28476	GABRR2	Extracellular; Cytoplasmic	Helical		True	True		True
P28566	HTR1E	Extracellular; Cytoplasmic	Helical			True		True
P28799	GRN				True
P28827	PTPRM	Extracellular; Cytoplasmic	Helical		True	True		True
P28838	LAP3								True	APEX_matrix, targetP signal+, Rickettsial homolog, coexpression, MS/MS++	Matrix	True
P28845	HSD11B1	Cytoplasmic; Lumenal	Helical; Signal-anchor for type II membrane protein			True		True
P28906	CD34	Extracellular; Cytoplasmic	Helical		True	True		True
P28907	CD38	Cytoplasmic; Extracellular	Helical; Signal-anchor for type II membrane protein			True		True
P28908	TNFRSF8	Extracellular; Cytoplasmic	Helical		True	True		True
P29016	CD1B	Extracellular; Cytoplasmic	Helical		True	True		True
P29017	CD1C	Extracellular; Cytoplasmic	Helical		True	True		True
P29033	GJB2	Cytoplasmic; Extracellular	Helical			True	True	True
P29120	PCSK1				True
P29122	PCSK6				True
P29274	ADORA2A	Extracellular; Cytoplasmic	Helical			True		True
P29275	ADORA2B	Extracellular; Cytoplasmic	Helical			True		True
P29279	CCN2				True
P29317	EPHA2	Extracellular; Cytoplasmic	Helical		True	True		True
P29320	EPHA3	Extracellular; Cytoplasmic	Helical		True	True		True
P29322	EPHA8	Extracellular; Cytoplasmic	Helical		True	True		True
P29323	EPHB2	Extracellular; Cytoplasmic	Helical		True	True		True
P29371	TACR3	Extracellular; Cytoplasmic	Helical			True		True
P29372	MPG											True
P29376	LTK	Extracellular; Cytoplasmic	Helical		True	True		True
P29400	COL4A5				True
P29459	IL12A				True
P29460	IL12B				True
P29622	SERPINA4				True
P29803	PDHA2								True	targetP signal+, yeast mito homolog+, Rickettsial homolog, mito protein domain+	Matrix	True
P29965	CD40LG	Cytoplasmic; Extracellular	Helical; Signal-anchor for type II membrane protein			True		True
P29972	AQP1	Cytoplasmic; Extracellular	Helical			True	True	True
P29973	CNGA1	Cytoplasmic; Extracellular	Helical			True		True
P30038	ALDH4A1								True	literature, APEX_matrix, targetP signal+, yeast mito homolog++, mito protein domain, coexpression, MS/MS++	Matrix	True
P30040	ERP29				True
P30041	PRDX6								True	yeast mito homolog++, Rickettsial homolog, mito protein domain	unknown
P30044	PRDX5								True	literature, APEX_matrix, targetP signal, mito protein domain, induction, MS/MS++	Matrix	True
P30048	PRDX3								True	literature, APEX_IMS, APEX_matrix, targetP signal+, Rickettsial homolog, mito protein domain, induction, coexpression++, MS/MS++	Matrix	True
P30049	ATP5F1D								True	literature, APEX_matrix, targetP signal, yeast mito homolog++, Rickettsial homolog, mito protein domain+, induction, coexpression++, MS/MS+	MIM	True
P30084	ECHS1								True	literature, APEX_matrix, targetP signal+, yeast mito homolog+, Rickettsial homolog, mito protein domain, induction, coexpression+, MS/MS++	Matrix	True
P30101	PDIA3				True
P30203	CD6	Extracellular; Cytoplasmic	Helical		True	True		True
P30273	FCER1G	Extracellular; Cytoplasmic	Helical		True	True		True
P30301	MIP	Cytoplasmic; Extracellular	Helical	Discontinuously helical		True	True	True
P30405	PPIF								True	literature, APEX_matrix, targetP signal+, mito protein domain, induction, coexpression, MS/MS++	Matrix	True
P30411	BDKRB2	Extracellular; Cytoplasmic	Helical			True		True
P30511	HLA-F	Extracellular; Cytoplasmic	Helical		True	True		True
P30518	AVPR2	Extracellular; Cytoplasmic	Helical			True		True
P30519	HMOX2	Cytoplasmic	Helical; Anchor for type IV membrane protein			True		True
P30530	AXL	Extracellular; Cytoplasmic	Helical		True	True		True
P30531	SLC6A1	Cytoplasmic; Extracellular	Helical			True		True
P30532	CHRNA5	Extracellular; Cytoplasmic	Helical		True	True		True
P30533	LRPAP1				True
P30536	TSPO	Mitochondrial intermembrane; Cytoplasmic	Helical			True		True	True	literature, mito protein domain, MS/MS++	MOM	True
P30542	ADORA1	Extracellular; Cytoplasmic	Helical			True		True
P30550	GRPR	Extracellular; Cytoplasmic	Helical			True		True
P30556	AGTR1	Extracellular; Cytoplasmic	Helical			True		True
P30559	OXTR	Extracellular; Cytoplasmic	Helical			True		True
P30825	SLC7A1	Cytoplasmic; Extracellular	Helical			True		True
P30837	ALDH1B1								True	literature, APEX_matrix, targetP signal, yeast mito homolog+, mito protein domain, MS/MS++	Matrix	True
P30872	SSTR1	Extracellular; Cytoplasmic	Helical			True		True
P30874	SSTR2	Extracellular; Cytoplasmic	Helical			True		True
P30926	CHRNB4	Extracellular; Cytoplasmic	Helical		True	True		True
P30939	HTR1F	Extracellular; Cytoplasmic	Helical			True		True
P30968	GNRHR	Extracellular; Cytoplasmic	Helical			True		True
P30988	CALCR	Extracellular; Cytoplasmic	Helical		True	True		True
P30989	NTSR1	Extracellular; Cytoplasmic	Helical			True		True
P30990	NTS				True
P31025	LCN1				True
P31040	SDHA								True	literature, APEX_matrix, targetP signal+, yeast mito homolog++, Rickettsial homolog, mito protein domain, induction, coexpression++, MS/MS++	MIM	True
P31213	SRD5A2		Helical			True
P31327	CPS1								True	literature, APEX_matrix, targetP signal, Rickettsial homolog, mito protein domain, MS/MS++	Matrix	True
P31358	CD52				True
P31391	SSTR4	Extracellular; Cytoplasmic	Helical			True		True
P31415	CASQ1				True
P31431	SDC4	Extracellular; Cytoplasmic	Helical		True	True		True
P31512	FMO4		Helical			True
P31513	FMO3		Helical			True
P31639	SLC5A2	Extracellular; Cytoplasmic	Helical			True		True
P31641	SLC6A6	Cytoplasmic; Extracellular	Helical			True		True
P31644	GABRA5	Extracellular; Cytoplasmic	Helical		True	True		True
P31645	SLC6A4	Cytoplasmic; Extracellular	Helical			True		True
P31785	IL2RG	Extracellular; Cytoplasmic	Helical		True	True		True
P31930	UQCRC1								True	literature, APEX_matrix, targetP signal+, yeast mito homolog+, Rickettsial homolog, mito protein domain+, induction, coexpression++, MS/MS++	MIM	True
P31937	HIBADH								True	literature, APEX_matrix, targetP signal+, mito protein domain, induction, coexpression+, MS/MS++	Matrix	True
P31994	FCGR2B	Extracellular; Cytoplasmic	Helical		True	True		True
P31995	FCGR2C	Extracellular; Cytoplasmic	Helical		True	True		True
P31997	CEACAM8				True
P32004	L1CAM	Extracellular; Cytoplasmic	Helical		True	True		True
P32119	PRDX2								True	GFP, Rickettsial homolog, mito protein domain, coexpression	unknown
P32189	GK		Helical			True						True
P32238	CCKAR	Extracellular; Cytoplasmic	Helical			True		True
P32239	CCKBR	Extracellular; Cytoplasmic	Helical			True		True
P32241	VIPR1	Extracellular; Cytoplasmic	Helical		True	True		True
P32245	MC4R	Extracellular; Cytoplasmic	Helical			True		True
P32246	CCR1	Extracellular; Cytoplasmic	Helical			True		True
P32247	BRS3	Extracellular; Cytoplasmic	Helical			True		True
P32248	CCR7	Extracellular; Cytoplasmic	Helical		True	True		True
P32249	GPR183	Extracellular; Cytoplasmic	Helical			True		True
P32297	CHRNA3	Extracellular; Cytoplasmic	Helical		True	True		True
P32302	CXCR5	Extracellular; Cytoplasmic	Helical			True		True
P32322	PYCR1								True	literature, mito protein domain, MS/MS	Matrix
P32418	SLC8A1	Extracellular; Cytoplasmic	Helical		True	True		True
P32745	SSTR3	Extracellular; Cytoplasmic	Helical			True		True
P32856	STX2	Cytoplasmic	Helical; Anchor for type IV membrane protein			True		True
P32881	IFNA8				True
P32926	DSG3	Extracellular; Cytoplasmic	Helical		True	True		True
P32927	CSF2RB	Extracellular; Cytoplasmic	Helical		True	True		True
P32942	ICAM3	Extracellular; Cytoplasmic	Helical		True	True		True
P32970	CD70	Cytoplasmic; Extracellular	Helical; Signal-anchor for type II membrane protein			True		True
P32971	TNFSF8	Cytoplasmic; Extracellular	Helical; Signal-anchor for type II membrane protein			True		True
P33032	MC5R	Extracellular; Cytoplasmic	Helical			True		True
P33121	ACSL1	Cytoplasmic	Helical; Signal-anchor for type III membrane protein			True		True	True	Rickettsial homolog, mito protein domain, coexpression	MOM	True
P33151	CDH5	Extracellular; Cytoplasmic	Helical		True	True		True
P33260	CYP2C18				True
P33316	DUT								True	literature, targetP signal, Rickettsial homolog, MS/MS++	Matrix	True
P33527	ABCC1	Extracellular; Cytoplasmic	Helical			True		True
P33681	CD80	Extracellular; Cytoplasmic	Helical		True	True		True
P33897	ABCD1		Helical			True			True	Rickettsial homolog, mito protein domain, induction	Membrane
P33908	MAN1A1	Cytoplasmic; Lumenal	Helical; Signal-anchor for type II membrane protein			True		True
P33947	KDELR2	Lumenal; Cytoplasmic	Helical			True		True
P34059	GALNS				True
P34096	RNASE4				True
P34130	NTF4				True
P34741	SDC2	Extracellular; Cytoplasmic	Helical		True	True		True
P34810	CD68	Extracellular; Cytoplasmic	Helical		True	True		True
P34897	SHMT2								True	literature, APEX_matrix, targetP signal, Rickettsial homolog, mito protein domain, coexpression, MS/MS++	Matrix	True
P34903	GABRA3	Extracellular; Cytoplasmic	Helical		True	True		True
P34910	EVI2B	Extracellular; Cytoplasmic	Helical		True	True		True
P34913	EPHX2								True	Rickettsial homolog, mito protein domain, coexpression	unknown
P34925	RYK	Extracellular; Cytoplasmic	Helical		True	True		True
P34969	HTR7	Extracellular; Cytoplasmic	Helical			True		True
P34972	CNR2	Extracellular; Cytoplasmic	Helical			True		True
P34981	TRHR	Extracellular; Cytoplasmic	Helical			True		True
P34982	OR1D2	Extracellular; Cytoplasmic	Helical			True		True
P34995	PTGER1	Extracellular; Cytoplasmic	Helical			True		True
P34998	CRHR1	Extracellular; Cytoplasmic	Helical		True	True		True
P35030	PRSS3				True
P35052	GPC1				True
P35070	BTC	Extracellular; Cytoplasmic	Helical		True	True		True
P35212	GJA4	Cytoplasmic; Extracellular	Helical			True		True
P35218	CA5A								True	literature, mito protein domain, MS/MS	Matrix	True
P35225	IL13				True
P35232	PHB1								True	literature, yeast mito homolog+, Rickettsial homolog, mito protein domain, induction, coexpression++, MS/MS++	MIM	True
P35247	SFTPD				True
P35270	SPR								True	Rickettsial homolog, mito protein domain, induction, coexpression, MS/MS++	unknown	True
P35318	ADM				True
P35346	SSTR5	Extracellular; Cytoplasmic	Helical			True		True
P35348	ADRA1A	Extracellular; Cytoplasmic	Helical			True		True
P35354	PTGS2				True
P35367	HRH1	Extracellular; Cytoplasmic	Helical			True		True
P35368	ADRA1B	Extracellular; Cytoplasmic	Helical			True		True
P35372	OPRM1	Extracellular; Cytoplasmic	Helical			True		True
P35408	PTGER4	Extracellular; Cytoplasmic	Helical			True		True
P35414	APLNR	Extracellular; Cytoplasmic	Helical			True		True
P35442	THBS2				True
P35443	THBS4				True
P35462	DRD3	Extracellular; Cytoplasmic	Helical			True		True
P35475	IDUA				True
P35498	SCN1A	Cytoplasmic; Extracellular	Helical	Pore-forming		True	True	True
P35499	SCN4A	Cytoplasmic; Extracellular	Helical	Pore-forming		True	True	True
P35503	UGT1A3		Helical		True	True
P35504	UGT1A5		Helical		True	True
P35523	CLCN1	Cytoplasmic; Extracellular	Helical	Note=Loop between two helices; Helical		True	True	True
P35555	FBN1				True
P35556	FBN2				True
P35575	G6PC1	Lumenal; Cytoplasmic	Helical			True		True
P35590	TIE1	Extracellular; Cytoplasmic	Helical		True	True		True
P35610	SOAT1	Cytoplasmic; Lumenal	Helical			True		True
P35613	BSG	Extracellular; Cytoplasmic	Helical		True	True		True
P35625	TIMP3				True
P35670	ATP7B	Cytoplasmic; Extracellular	Helical			True		True				True
P35858	IGFALS				True
P35914	HMGCL								True	literature, APEX_matrix, targetP signal+, mito protein domain, coexpression, MS/MS++	Matrix	True
P35916	FLT4	Extracellular; Cytoplasmic	Helical		True	True		True
P35968	KDR	Extracellular; Cytoplasmic	Helical		True	True		True
P36021	SLC16A2	Cytoplasmic; Extracellular	Helical			True		True
P36222	CHI3L1				True
P36268	GGT2P				True
P36269	GGT5	Cytoplasmic; Extracellular	Helical; Signal-anchor for type II membrane protein			True		True
P36382	GJA5	Cytoplasmic; Extracellular	Helical			True		True
P36383	GJC1	Cytoplasmic; Extracellular	Helical			True		True
P36404	ARL2								True	literature, mito protein domain, coexpression, MS/MS+	IMS	True
P36542	ATP5F1C								True	literature, yeast mito homolog++, Rickettsial homolog, mito protein domain, induction, MS/MS++	MIM	True
P36544	CHRNA7	Extracellular; Cytoplasmic	Helical		True	True		True
P36551	CPOX								True	literature, APEX_IMS, APEX_matrix, Rickettsial homolog, mito protein domain, coexpression, MS/MS++	MIM	True
P36639	NUDT1											True
P36776	LONP1								True	literature, APEX_matrix, targetP signal+, yeast mito homolog+, Rickettsial homolog, mito protein domain, induction, coexpression, MS/MS++	Matrix	True
P36888	FLT3	Extracellular; Cytoplasmic	Helical		True	True		True
P36894	BMPR1A	Extracellular; Cytoplasmic	Helical		True	True		True
P36896	ACVR1B	Extracellular; Cytoplasmic	Helical		True	True		True
P36897	TGFBR1	Extracellular; Cytoplasmic	Helical		True	True		True
P36941	LTBR	Extracellular; Cytoplasmic	Helical		True	True		True
P36955	SERPINF1				True
P36956	SREBF1	Cytoplasmic; Lumenal	Helical			True		True
P36957	DLST								True	literature, APEX_IMS, APEX_matrix, targetP signal, yeast mito homolog+, Rickettsial homolog, mito protein domain+, induction, coexpression++, MS/MS+	Matrix	True
P36969	GPX4								True	literature, mito protein domain	MIM	True
P36980	CFHR2				True
P37023	ACVRL1	Extracellular; Cytoplasmic	Helical		True	True		True
P37059	HSD17B2		Helical; Signal-anchor for type II membrane protein			True
P37088	SCNN1A	Cytoplasmic; Extracellular	Helical			True		True
P37173	TGFBR2	Extracellular; Cytoplasmic	Helical		True	True		True
P37268	FDFT1		Helical			True
P37287	PIGA	Cytoplasmic; Lumenal	Helical			True		True
P37288	AVPR1A	Extracellular; Cytoplasmic	Helical			True		True
P38117	ETFB								True	literature, APEX_matrix, yeast mito homolog, mito protein domain, induction, coexpression+, MS/MS++	Matrix	True
P38435	GGCX	Cytoplasmic; Lumenal	Helical			True		True
P38484	IFNGR2	Extracellular; Cytoplasmic	Helical		True	True		True
P38567	SPAM1				True
P38570	ITGAE	Extracellular; Cytoplasmic	Helical		True	True		True
P38571	LIPA				True
P38646	HSPA9								True	APEX_matrix, targetP signal+, yeast mito homolog, Rickettsial homolog, mito protein domain, induction, coexpression, MS/MS++	Matrix	True
P39059	COL15A1				True
P39060	COL18A1				True
P39086	GRIK1	Extracellular; Cytoplasmic	Helical		True	True		True
P39210	MPV17		Helical			True			True	literature, yeast mito homolog+, mito protein domain, coexpression, MS/MS++	MIM	True
P39656	DDOST	Lumenal; Cytoplasmic	Helical		True	True		True
P39877	PLA2G5				True
P39900	MMP12				True
P39905	GDNF				True
P40126	DCT	Lumenal, melanosome; Cytoplasmic	Helical		True	True		True
P40145	ADCY8	Cytoplasmic	Helical			True		True
P40189	IL6ST	Extracellular; Cytoplasmic	Helical		True	True		True
P40197	GP5	Extracellular; Cytoplasmic	Helical		True	True		True
P40198	CEACAM3	Extracellular; Cytoplasmic	Helical		True	True		True
P40199	CEACAM6				True
P40200	CD96	Extracellular; Cytoplasmic	Helical		True	True		True
P40225	THPO				True
P40238	MPL	Extracellular; Cytoplasmic	Helical		True	True		True
P40259	CD79B	Extracellular; Cytoplasmic	Helical		True	True		True
P40305	IFI27		Helical			True			True	literature, induction, coexpression	Membrane	True
P40879	SLC26A3	Cytoplasmic; Extracellular	Helical			True		True
P40926	MDH2								True	literature, APEX_matrix, targetP signal, yeast mito homolog++, Rickettsial homolog, mito protein domain, induction, coexpression++, MS/MS++	Matrix	True
P40933	IL15				True
P40939	HADHA								True	literature, APEX_matrix, targetP signal+, yeast mito homolog+, Rickettsial homolog, mito protein domain, coexpression++, MS/MS++	MIM	True
P40967	PMEL	Lumenal; Cytoplasmic	Helical		True	True		True
P41143	OPRD1	Extracellular; Cytoplasmic	Helical			True		True
P41145	OPRK1	Extracellular; Cytoplasmic	Helical			True		True
P41146	OPRL1	Extracellular; Cytoplasmic	Helical			True		True
P41159	LEP				True
P41180	CASR	Extracellular; Cytoplasmic	Helical		True	True		True
P41181	AQP2	Cytoplasmic; Extracellular	Helical	Discontinuously helical		True	True	True
P41217	CD200	Extracellular; Cytoplasmic	Helical		True	True		True
P41221	WNT5A				True
P41222	PTGDS				True
P41231	P2RY2	Extracellular; Cytoplasmic	Helical			True		True
P41247	PNPLA4											True
P41250	GARS1								True	targetP signal, yeast mito homolog, mito protein domain, induction	Matrix	True
P41271	NBL1				True
P41273	TNFSF9	Cytoplasmic; Extracellular	Helical; Signal-anchor for type II membrane protein			True		True
P41439	FOLR3				True
P41440	SLC19A1	Cytoplasmic; Extracellular	Helical			True		True
P41586	ADCYAP1R1	Extracellular; Cytoplasmic	Helical		True	True		True
P41587	VIPR2	Extracellular; Cytoplasmic	Helical		True	True		True
P41594	GRM5	Extracellular; Cytoplasmic	Helical		True	True		True
P41595	HTR2B	Extracellular; Cytoplasmic	Helical			True		True
P41597	CCR2	Extracellular; Cytoplasmic	Helical			True		True
P41732	TSPAN7	Cytoplasmic; Extracellular	Helical			True		True
P41968	MC3R	Extracellular; Cytoplasmic	Helical			True		True
P42081	CD86	Extracellular; Cytoplasmic	Helical		True	True		True
P42126	ECI1								True	literature, APEX_matrix, targetP signal, mito protein domain, coexpression+, MS/MS++	Matrix	True
P42127	ASIP				True
P42167	TMPO	Lumenal	Helical; Signal-anchor for type II membrane protein			True		True
P42261	GRIA1	Extracellular; Cytoplasmic	Helical	Helical; Pore-forming	True	True	True	True
P42262	GRIA2	Extracellular; Cytoplasmic	Helical	Helical; Pore-forming	True	True	True	True
P42263	GRIA3	Extracellular; Cytoplasmic	Helical	Helical; Pore-forming	True	True	True	True
P42574	CASP3								True	literature, mito protein domain	IMS
P42658	DPP6	Cytoplasmic; Extracellular	Helical; Signal-anchor for type II membrane protein			True		True
P42701	IL12RB1	Extracellular; Cytoplasmic	Helical		True	True		True
P42702	LIFR	Extracellular; Cytoplasmic	Helical		True	True		True
P42704	LRPPRC								True	literature, APEX_matrix, targetP signal+, yeast mito homolog++, mito protein domain, induction, coexpression++, MS/MS++	Matrix	True
P42765	ACAA2								True	literature, APEX_matrix, targetP signal, Rickettsial homolog, mito protein domain, induction, coexpression+, MS/MS++	Matrix	True
P42785	PRCP				True
P42830	CXCL5				True
P42857	NSG1	Cytoplasmic; Lumenal	Helical; Signal-anchor for type II membrane protein			True		True
P42892	ECE1	Cytoplasmic; Extracellular	Helical; Signal-anchor for type II membrane protein			True		True
P43003	SLC1A3	Cytoplasmic; Extracellular	Helical	Discontinuously helical		True	True	True
P43004	SLC1A2	Cytoplasmic; Extracellular	Helical	Discontinuously helical		True	True	True
P43005	SLC1A1	Cytoplasmic; Extracellular	Helical	Discontinuously helical		True	True	True
P43007	SLC1A4	Cytoplasmic; Extracellular	Helical	Discontinuously helical		True	True	True
P43026	GDF5				True
P43088	PTGFR	Extracellular; Cytoplasmic	Helical			True		True
P43115	PTGER3	Extracellular; Cytoplasmic	Helical			True		True
P43116	PTGER2	Extracellular; Cytoplasmic	Helical			True		True
P43119	PTGIR	Extracellular; Cytoplasmic	Helical			True		True
P43121	MCAM	Extracellular; Cytoplasmic	Helical		True	True		True
P43146	DCC	Extracellular; Cytoplasmic	Helical		True	True		True
P43155	CRAT								True	literature, APEX_matrix, targetP signal, yeast mito homolog+, mito protein domain, induction, coexpression, MS/MS++	MIM	True
P43220	GLP1R	Extracellular; Cytoplasmic	Helical		True	True		True
P43234	CTSO				True
P43235	CTSK				True
P43251	BTD				True
P43304	GPD2								True	literature, APEX_IMS, yeast mito homolog++, mito protein domain, coexpression, MS/MS++	MIM	True
P43307	SSR1	Lumenal; Cytoplasmic	Helical		True	True		True
P43308	SSR2	Lumenal; Cytoplasmic	Helical		True	True		True
P43489	TNFRSF4	Extracellular; Cytoplasmic	Helical		True	True		True
P43626	KIR2DL1	Extracellular; Cytoplasmic	Helical		True	True		True
P43628	KIR2DL3	Extracellular; Cytoplasmic	Helical		True	True		True
P43629	KIR3DL1	Extracellular; Cytoplasmic	Helical		True	True		True
P43630	KIR3DL2	Extracellular; Cytoplasmic	Helical		True	True		True
P43631	KIR2DS2	Extracellular; Cytoplasmic	Helical		True	True		True
P43632	KIR2DS4	Extracellular; Cytoplasmic	Helical		True	True		True
P43652	AFM				True
P43657	LPAR6	Extracellular; Cytoplasmic	Helical			True		True
P43681	CHRNA4	Extracellular; Cytoplasmic	Helical		True	True		True
P43897	TSFM								True	literature, APEX_matrix, targetP signal+, Rickettsial homolog, mito protein domain, induction, coexpression, MS/MS++	Matrix	True
P45452	MMP13				True
P45844	ABCG1	Cytoplasmic; Extracellular	Helical			True		True
P45880	VDAC2	Cytoplasmic; Mitochondrial intermembrane	Beta stranded	Helical		True	True	True	True	literature, APEX_IMS, yeast mito homolog+, mito protein domain+, induction, coexpression, MS/MS++	MOM	True
P45954	ACADSB								True	literature, APEX_matrix, targetP signal, mito protein domain+, induction, coexpression, MS/MS++	Matrix	True
P46059	SLC15A1	Extracellular; Cytoplasmic	Helical			True		True
P46089	GPR3	Extracellular; Cytoplasmic	Helical			True		True
P46091	CMKLR2	Extracellular; Cytoplasmic	Helical			True		True
P46092	CCR10	Extracellular; Cytoplasmic	Helical			True		True
P46093	GPR4	Extracellular; Cytoplasmic	Helical			True		True
P46094	XCR1	Extracellular; Cytoplasmic	Helical			True		True
P46095	GPR6	Extracellular; Cytoplasmic	Helical			True		True
P46098	HTR3A	Extracellular; Cytoplasmic	Helical		True	True		True
P46199	MTIF2								True	literature, APEX_matrix, targetP signal, yeast mito homolog++, Rickettsial homolog, mito protein domain, induction, coexpression++, MS/MS	Matrix	True
P46531	NOTCH1	Extracellular; Cytoplasmic	Helical		True	True		True
P46663	BDKRB1	Extracellular; Cytoplasmic	Helical			True		True
P46695	IER3	Cytoplasmic; Extracellular	Helical; Signal-anchor for type II membrane protein			True		True
P46721	SLCO1A2	Cytoplasmic; Extracellular	Helical			True		True
P46977	STT3A	Cytoplasmic; Lumenal	Helical			True		True
P47211	GALR1	Extracellular; Cytoplasmic	Helical			True		True
P47710	CSN1S1				True
P47775	GPR12	Extracellular; Cytoplasmic	Helical			True		True
P47804	RGR	Extracellular; Cytoplasmic	Helical			True		True
P47869	GABRA2	Extracellular; Cytoplasmic	Helical		True	True		True
P47870	GABRB2	Extracellular; Cytoplasmic	Helical		True	True		True
P47871	GCGR	Extracellular; Cytoplasmic	Helical		True	True		True
P47872	SCTR	Extracellular; Cytoplasmic	Helical		True	True		True
P47898	HTR5A	Extracellular; Cytoplasmic	Helical			True		True
P47900	P2RY1	Extracellular; Cytoplasmic	Helical			True		True
P47901	AVPR1B	Extracellular; Cytoplasmic	Helical			True		True
P47985	UQCRFS1	Mitochondrial matrix; Mitochondrial intermembrane	Helical			True		True	True	literature, APEX_matrix, targetP signal, yeast mito homolog++, Rickettsial homolog, mito protein domain+, coexpression++, MS/MS++	MIM	True
P47992	XCL1				True
P48023	FASLG	Cytoplasmic; Extracellular	Helical; Signal-anchor for type II membrane protein			True		True
P48029	SLC6A8	Cytoplasmic; Extracellular	Helical			True		True
P48039	MTNR1A	Extracellular; Cytoplasmic	Helical			True		True
P48047	ATP5PO								True	literature, APEX_matrix, targetP signal, yeast mito homolog++, Rickettsial homolog, mito protein domain+, induction, MS/MS++	MIM	True
P48048	KCNJ1	Cytoplasmic; Extracellular	Helical	Helical; Pore-forming; Pore-forming		True	True	True
P48050	KCNJ4	Cytoplasmic; Extracellular	Helical	Helical; Pore-forming; Pore-forming		True	True	True
P48051	KCNJ6	Cytoplasmic; Extracellular	Helical	Helical; Pore-forming; Pore-forming		True	True	True
P48052	CPA2				True
P48058	GRIA4	Extracellular; Cytoplasmic	Helical	Helical; Pore-forming	True	True	True	True
P48061	CXCL12				True
P48065	SLC6A12	Cytoplasmic; Extracellular	Helical			True		True
P48066	SLC6A11	Cytoplasmic; Extracellular	Helical			True		True
P48067	SLC6A9	Cytoplasmic; Extracellular	Helical			True		True
P48145	NPBWR1	Extracellular; Cytoplasmic	Helical			True		True
P48146	NPBWR2	Extracellular; Cytoplasmic	Helical			True		True
P48165	GJA8	Cytoplasmic; Extracellular	Helical			True	True	True
P48167	GLRB	Extracellular; Cytoplasmic	Helical		True	True		True
P48169	GABRA4	Extracellular; Cytoplasmic	Helical		True	True		True
P48201	ATP5MC3		Helical			True			True	literature, targetP signal, yeast mito homolog+, Rickettsial homolog, mito protein domain, coexpression++	MIM	True
P48230	TM4SF4	Cytoplasmic; Extracellular	Helical			True		True
P48304	REG1B				True
P48307	TFPI2				True
P48357	LEPR	Extracellular; Cytoplasmic	Helical		True	True		True
P48509	CD151	Cytoplasmic; Extracellular	Helical			True		True
P48544	KCNJ5	Cytoplasmic; Extracellular	Helical	Helical; Pore-forming; Pore-forming		True	True	True
P48546	GIPR	Extracellular; Cytoplasmic	Helical		True	True		True
P48547	KCNC1	Cytoplasmic	Helical; Helical; Voltage-sensor			True		True
P48549	KCNJ3	Cytoplasmic; Extracellular	Helical	Helical; Pore-forming; Pore-forming		True	True	True
P48551	IFNAR2	Extracellular; Cytoplasmic	Helical		True	True		True
P48645	NMU				True
P48651	PTDSS1	Cytoplasmic; Lumenal	Helical			True		True
P48664	SLC1A6	Cytoplasmic	Helical	Discontinuously helical		True	True	True
P48723	HSPA13				True
P48728	AMT								True	targetP signal+, mito protein domain, MS/MS++	Matrix	True
P48735	IDH2								True	literature, APEX_matrix, targetP signal+, Rickettsial homolog, mito protein domain, induction, coexpression, MS/MS++	Matrix	True
P48740	MASP1				True
P48745	CCN3				True
P48751	SLC4A3	Cytoplasmic	Helical			True		True
P48764	SLC9A3	Extracellular; Cytoplasmic	Helical		True	True		True
P48960	ADGRE5	Extracellular; Cytoplasmic	Helical		True	True		True
P48995	TRPC1	Cytoplasmic; Extracellular	Helical	Discontinuously helical		True	True	True
P49019	HCAR3	Extracellular; Cytoplasmic	Helical			True		True
P49069	CAMLG	Cytoplasmic; Lumenal	Helical			True		True
P49146	NPY2R	Extracellular; Cytoplasmic	Helical			True		True
P49184	DNASE1L1				True
P49189	ALDH9A1								True	APEX_matrix, targetP signal+, yeast mito homolog+, mito protein domain, coexpression, MS/MS++	Matrix	True
P49190	PTH2R	Extracellular; Cytoplasmic	Helical		True	True		True
P49238	CX3CR1	Extracellular; Cytoplasmic	Helical			True		True
P49247	RPIA								True	APEX_matrix	Matrix	True
P49257	LMAN1	Lumenal; Cytoplasmic	Helical		True	True		True
P49279	SLC11A1	Cytoplasmic; Extracellular	Helical			True		True
P49281	SLC11A2	Cytoplasmic; Extracellular	Helical			True		True				True
P49286	MTNR1B	Extracellular; Cytoplasmic	Helical			True		True
P49326	FMO5		Helical			True
P49327	FASN								True	Rickettsial homolog, mito protein domain, coexpression	IMS
P49411	TUFM								True	literature, APEX_matrix, targetP signal, yeast mito homolog+, Rickettsial homolog, mito protein domain, MS/MS++	Matrix	True
P49419	ALDH7A1								True	literature, APEX_matrix, targetP signal, yeast mito homolog, mito protein domain, MS/MS++	Matrix	True
P49447	CYB561	Cytoplasmic; Vesicular	Helical			True		True
P49448	GLUD2								True	literature, targetP signal+, mito protein domain	Matrix	True
P49590	HARS2								True	literature, APEX_matrix, GFP, targetP signal, Rickettsial homolog, mito protein domain, coexpression, MS/MS+	Matrix	True
P49641	MAN2A2	Cytoplasmic; Lumenal	Helical; Signal-anchor for type II membrane protein			True		True
P49675	STAR								True	literature, targetP signal, mito protein domain, coexpression, MS/MS	MOM|IMS	True
P49682	CXCR3	Extracellular; Cytoplasmic	Helical			True		True
P49683	PRLHR	Extracellular; Cytoplasmic	Helical			True		True
P49685	GPR15	Extracellular; Cytoplasmic	Helical			True		True
P49746	THBS3				True
P49747	COMP				True
P49748	ACADVL								True	literature, APEX_matrix, targetP signal+, mito protein domain+, coexpression+, MS/MS++	MIM	True
P49753	ACOT2								True	literature, mito protein domain, induction, coexpression, MS/MS++	Matrix	True
P49755	TMED10	Lumenal; Cytoplasmic	Helical		True	True		True
P49763	PGF				True
P49765	VEGFB				True
P49767	VEGFC				True
P49768	PSEN1	Cytoplasmic; Lumenal	Helical			True		True
P49771	FLT3LG	Extracellular; Cytoplasmic	Helical		True	True		True
P49773	HINT1								True	Rickettsial homolog, mito protein domain, coexpression	unknown
P49788	RARRES1	Lumenal; Cytoplasmic	Helical; Signal-anchor for type III membrane protein			True		True
P49789	FHIT								True	yeast mito homolog, Rickettsial homolog, mito protein domain, MS/MS++	Matrix	True
P49810	PSEN2	Cytoplasmic; Lumenal	Helical	Helical		True	True	True
P49821	NDUFV1								True	literature, APEX_matrix, targetP signal, Rickettsial homolog, mito protein domain, induction, coexpression++, MS/MS++	MIM	True
P49862	KLK7				True
P49863	GZMK				True
P49895	DIO1	Extracellular; Cytoplasmic	Helical; Signal-anchor for type III membrane protein			True		True
P49901	SMCP											True
P49908	SELENOP				True
P49913	CAMP				True
P49914	MTHFS								True	targetP signal, Rickettsial homolog, mito protein domain, MS/MS	Matrix	True
P49916	LIG3								True	literature, targetP signal, mito protein domain, coexpression	Matrix	True
P49961	ENTPD1	Cytoplasmic; Extracellular	Helical			True		True
P50052	AGTR2	Extracellular; Cytoplasmic	Helical			True		True
P50213	IDH3A								True	APEX_matrix, yeast mito homolog++, Rickettsial homolog, mito protein domain, induction, coexpression++, MS/MS++	Matrix	True
P50281	MMP14	Extracellular; Cytoplasmic	Helical		True	True		True
P50336	PPOX								True	literature, APEX_matrix, yeast mito homolog++, mito protein domain, coexpression, MS/MS	MIM	True
P50391	NPY4R	Extracellular; Cytoplasmic	Helical			True		True
P50402	EMD		Helical			True
P50406	HTR6	Extracellular; Cytoplasmic	Helical			True		True
P50416	CPT1A	Cytoplasmic; Mitochondrial intermembrane	Helical			True		True	True	literature, yeast mito homolog+, mito protein domain, induction, coexpression, MS/MS++	MOM	True
P50440	GATM								True	literature, targetP signal, mito protein domain+, MS/MS++	Matrix	True
P50443	SLC26A2		Helical			True
P50454	SERPINH1				True
P50583	NUDT2								True	mito protein domain, coexpression, MS/MS++	Matrix
P50591	TNFSF10	Cytoplasmic; Extracellular	Helical; Signal-anchor for type II membrane protein			True		True
P50851	LRBA		Helical			True
P50876	RNF144A		Helical			True
P50895	BCAM	Extracellular; Cytoplasmic	Helical		True	True		True
P50897	PPT1				True
P50993	ATP1A2	Cytoplasmic; Extracellular	Helical			True		True
P51124	GZMM				True
P51164	ATP4B	Cytoplasmic; Extracellular	Helical; Signal-anchor for type II membrane protein			True		True
P51168	SCNN1B	Cytoplasmic; Extracellular	Helical			True		True
P51170	SCNN1G	Cytoplasmic; Extracellular	Helical			True		True
P51172	SCNN1D	Cytoplasmic; Extracellular	Helical			True		True
P51398	DAP3								True	literature, APEX_matrix, targetP signal, yeast mito homolog++, mito protein domain+, coexpression, MS/MS++	Matrix	True
P51460	INSL3				True
P51511	MMP15	Extracellular; Cytoplasmic	Helical		True	True		True
P51512	MMP16	Extracellular; Cytoplasmic	Helical		True	True		True
P51530	DNA2								True	literature, mito protein domain	Matrix	True
P51553	IDH3G								True	literature, APEX_matrix, yeast mito homolog+, Rickettsial homolog, mito protein domain, induction, coexpression++, MS/MS++	Matrix	True
P51571	SSR4	Lumenal; Cytoplasmic	Helical		True	True		True
P51572	BCAP31	Lumenal; Cytoplasmic	Helical			True		True
P51575	P2RX1	Cytoplasmic; Extracellular	Helical			True		True
P51582	P2RY4	Extracellular; Cytoplasmic	Helical			True		True
P51636	CAV2	Cytoplasmic		Helical			True	True
P51648	ALDH3A2	Cytoplasmic	Helical			True		True	True	targetP signal+, mito protein domain, coexpression	Membrane
P51649	ALDH5A1								True	APEX_matrix, targetP signal, mito protein domain, MS/MS++	Matrix	True
P51654	GPC3				True
P51659	HSD17B4								True	Rickettsial homolog, mito protein domain+, induction, coexpression	unknown
P51671	CCL11				True
P51674	GPM6A	Cytoplasmic; Extracellular	Helical			True		True
P51677	CCR3	Extracellular; Cytoplasmic	Helical			True		True
P51679	CCR4	Extracellular; Cytoplasmic	Helical			True		True
P51681	CCR5	Extracellular; Cytoplasmic	Helical			True		True
P51684	CCR6	Extracellular; Cytoplasmic	Helical			True		True
P51685	CCR8	Extracellular; Cytoplasmic	Helical			True		True
P51686	CCR9	Extracellular; Cytoplasmic	Helical			True		True
P51687	SUOX								True	APEX_IMS, targetP signal, mito protein domain+, coexpression, MS/MS++	IMS	True
P51688	SGSH				True
P51690	ARSL				True
P51693	APLP1	Extracellular; Cytoplasmic	Helical		True	True		True
P51787	KCNQ1	Cytoplasmic; Extracellular	Helical; Helical; Voltage-sensor	Pore-forming		True	True	True
P51788	CLCN2	Cytoplasmic	Helical	Helical; Note=Loop between two helices		True	True	True
P51790	CLCN3	Cytoplasmic	Helical	Helical; Note=Loop between two helices		True	True	True
P51793	CLCN4	Cytoplasmic	Helical	Helical; Note=Loop between two helices		True	True	True
P51795	CLCN5	Cytoplasmic	Helical	Helical; Note=Loop between two helices		True	True	True
P51797	CLCN6	Cytoplasmic	Helical	Helical; Note=Loop between two helices		True	True	True
P51798	CLCN7	Cytoplasmic	Helical	Helical; Note=Loop between two helices		True	True	True
P51800	CLCNKA	Cytoplasmic	Helical			True		True
P51801	CLCNKB	Cytoplasmic	Helical	Helical		True	True	True
P51805	PLXNA3	Extracellular; Cytoplasmic	Helical		True	True		True
P51809	VAMP7	Cytoplasmic; Vesicular	Helical; Anchor for type IV membrane protein			True		True
P51810	GPR143	Extracellular; Cytoplasmic	Helical			True		True
P51811	XK	Cytoplasmic; Extracellular	Helical			True		True
P51828	ADCY7	Cytoplasmic	Helical			True		True
P51841	GUCY2F	Extracellular; Cytoplasmic	Helical		True	True		True
P51884	LUM				True
P51888	PRELP				True
P51970	NDUFA8								True	literature, APEX_IMS, mito protein domain, induction, coexpression++, MS/MS++	MIM	True
P51993	FUT6	Cytoplasmic; Lumenal	Helical; Signal-anchor for type II membrane protein			True		True
P52429	DGKE		Helical			True
P52569	SLC7A2	Cytoplasmic; Extracellular	Helical			True		True
P52758	RIDA								True	APEX_matrix, yeast mito homolog++, mito protein domain, coexpression, MS/MS+	Matrix	True
P52797	EFNA3				True
P52798	EFNA4				True
P52799	EFNB2	Extracellular; Cytoplasmic	Helical		True	True		True
P52803	EFNA5				True
P52815	MRPL12								True	literature, targetP signal+, yeast mito homolog++, Rickettsial homolog, mito protein domain, induction, coexpression++, MS/MS++	Matrix	True
P52823	STC1				True
P52848	NDST1	Cytoplasmic; Lumenal	Helical; Signal-anchor for type II membrane protein			True		True
P52849	NDST2	Cytoplasmic; Lumenal	Helical; Signal-anchor for type II membrane protein			True		True
P52961	ART1				True
P53007	SLC25A1		Helical			True			True	literature, yeast mito homolog++, mito protein domain+, coexpression, MS/MS++	MIM	True
P53370	NUDT6								True	APEX_matrix, targetP signal, mito protein domain, coexpression	Matrix	True
P53396	ACLY								True	APEX_matrix, yeast mito homolog+, Rickettsial homolog, mito protein domain, coexpression	Matrix
P53420	COL4A4				True
P53597	SUCLG1								True	yeast mito homolog+, Rickettsial homolog, mito protein domain, induction, coexpression++, MS/MS++	Matrix	True
P53634	CTSC				True
P53701	HCCS								True	literature, APEX_IMS, yeast mito homolog++, mito protein domain+, induction, coexpression, MS/MS	IMS	True
P53708	ITGA8	Extracellular; Cytoplasmic	Helical		True	True		True
P53794	SLC5A3	Extracellular; Cytoplasmic	Helical			True		True
P53801	PTTG1IP	Extracellular; Cytoplasmic	Helical		True	True		True
P53816	PLAAT3	Cytoplasmic; Lumenal	Helical			True		True
P53985	SLC16A1	Cytoplasmic; Extracellular	Helical			True		True
P54098	POLG								True	literature, APEX_matrix, targetP signal, yeast mito homolog++, mito protein domain, MS/MS	Matrix	True
P54107	CRISP1				True
P54108	CRISP3				True
P54219	SLC18A1	Cytoplasmic; Lumenal, vesicle	Helical			True		True
P54289	CACNA2D1	Extracellular; Cytoplasmic	Helical		True	True		True
P54315	PNLIPRP1				True
P54317	PNLIPRP2				True
P54707	ATP12A	Cytoplasmic; Lumenal	Helical			True		True
P54709	ATP1B3	Cytoplasmic; Extracellular	Helical; Signal-anchor for type II membrane protein			True		True
P54710	FXYD2		Helical			True
P54753	EPHB3	Extracellular; Cytoplasmic	Helical		True	True		True
P54756	EPHA5	Extracellular; Cytoplasmic	Helical		True	True		True
P54760	EPHB4	Extracellular; Cytoplasmic	Helical		True	True		True
P54762	EPHB1	Extracellular; Cytoplasmic	Helical		True	True		True
P54764	EPHA4	Extracellular; Cytoplasmic	Helical		True	True		True
P54802	NAGLU				True
P54803	GALC				True
P54819	AK2								True	literature, APEX_IMS, Rickettsial homolog, mito protein domain, coexpression+, MS/MS++	IMS	True
P54826	GAS1				True
P54829	PTPN5		Helical			True
P54849	EMP1		Helical			True
P54851	EMP2		Helical			True
P54852	EMP3		Helical			True
P54855	UGT2B15		Helical		True	True
P54868	HMGCS2								True	literature, targetP signal, mito protein domain, MS/MS++	Matrix	True
P54886	ALDH18A1								True	literature, Rickettsial homolog, mito protein domain, coexpression, MS/MS++	Matrix	True
P55000	SLURP1				True
P55001	MFAP2				True
P55011	SLC12A2	Cytoplasmic; Extracellular	Discontinuously helical; Helical			True		True
P55017	SLC12A3	Cytoplasmic; Extracellular	Discontinuously helical; Helical			True		True
P55056	APOC4				True
P55058	PLTP				True
P55061	TMBIM6	Cytoplasmic; Lumenal	Helical	Helical		True	True	True
P55064	AQP5	Cytoplasmic; Extracellular	Helical	Discontinuously helical		True	True	True
P55073	DIO3	Cytoplasmic; Extracellular	Helical; Signal-anchor for type II membrane protein			True		True
P55075	FGF8				True
P55083	MFAP4				True
P55084	HADHB						True		True	literature, targetP signal, Rickettsial homolog, mito protein domain, MS/MS++	MIM	True
P55085	F2RL1	Extracellular; Cytoplasmic	Helical		True	True		True
P55087	AQP4	Cytoplasmic; Extracellular	Helical	Discontinuously helical		True	True	True
P55089	UCN				True
P55107	GDF10				True
P55145	MANF				True
P55157	MTTP				True
P55160	NCKAP1L		Helical			True
P55211	CASP9								True	literature, targetP signal, mito protein domain	IMS
P55259	GP2				True
P55265	ADAR											True
P55268	LAMB2				True
P55283	CDH4	Extracellular; Cytoplasmic	Helical		True	True		True
P55285	CDH6	Extracellular; Cytoplasmic	Helical		True	True		True
P55286	CDH8	Extracellular; Cytoplasmic	Helical		True	True		True
P55287	CDH11	Extracellular; Cytoplasmic	Helical		True	True		True
P55289	CDH12	Extracellular; Cytoplasmic	Helical		True	True		True
P55290	CDH13				True
P55291	CDH15	Extracellular; Cytoplasmic	Helical		True	True		True
P55344	LIM2	Cytoplasmic; Extracellular	Helical			True		True
P55773	CCL23				True
P55774	CCL18				True
P55789	GFER								True	literature, GFP, yeast mito homolog++, mito protein domain, coexpression, MS/MS	IMS	True
P55809	OXCT1								True	literature, APEX_matrix, targetP signal, mito protein domain, induction, coexpression++, MS/MS++	Matrix	True
P55851	UCP2	Mitochondrial intermembrane; Mitochondrial matrix	Helical			True		True	True	literature, yeast mito homolog+, mito protein domain+	MIM	True
P55899	FCGRT	Extracellular; Cytoplasmic	Helical		True	True		True
P55916	UCP3	Mitochondrial intermembrane; Mitochondrial matrix	Helical			True		True	True	literature, yeast mito homolog+, mito protein domain+, MS/MS	MIM	True
P55957	BID								True	literature, targetP signal+, mito protein domain, coexpression	MOM
P56134	ATP5MF		Helical			True			True	literature, coexpression++, MS/MS++	MIM	True
P56159	GFRA1				True
P56180	TPTE		Helical			True
P56181	NDUFV3								True	literature, APEX_matrix, targetP signal, induction, coexpression++, MS/MS++	MIM	True
P56199	ITGA1	Extracellular; Cytoplasmic	Helical		True	True		True
P56202	CTSW				True
P56373	P2RX3	Cytoplasmic; Extracellular	Helical			True		True
P56378	ATP5MJ		Helical			True			True	induction, coexpression++, MS/MS+	MIM	True
P56381	ATP5F1E								True	literature, yeast mito homolog++, mito protein domain+, induction, coexpression++, MS/MS++	MIM	True
P56385	ATP5ME								True	literature, APEX_IMS, yeast mito homolog++, mito protein domain+, coexpression++, MS/MS++	MIM	True
P56539	CAV3	Cytoplasmic		Helical			True	True
P56556	NDUFA6								True	literature, APEX_matrix, mito protein domain+, induction, coexpression++, MS/MS++	MIM	True
P56557	TMEM50B		Helical			True
P56559	ARL4C											True
P56589	PEX3	Cytoplasmic; Peroxisomal	Helical			True		True
P56696	KCNQ4	Cytoplasmic; Extracellular	Helical; Helical; Voltage-sensor	Pore-forming		True	True	True
P56703	WNT3				True
P56704	WNT3A				True
P56705	WNT4				True
P56706	WNT7B				True
P56730	PRSS12				True
P56746	CLDN15	Cytoplasmic; Extracellular	Helical			True		True
P56747	CLDN6	Cytoplasmic; Extracellular	Helical			True		True
P56748	CLDN8	Cytoplasmic; Extracellular	Helical			True		True
P56750	CLDN17	Cytoplasmic; Extracellular	Helical			True		True
P56817	BACE1	Extracellular; Cytoplasmic	Helical		True	True		True
P56851	EDDM3B				True
P56856	CLDN18	Cytoplasmic; Extracellular	Helical			True		True
P56880	CLDN20	Cytoplasmic; Extracellular	Helical			True		True
P56937	HSD17B7	Extracellular; Cytoplasmic	Helical			True		True				True
P56962	STX17	Cytoplasmic; Lumenal	Helical			True		True	True	APEX_IMS, coexpression	MOM	True
P56975	NRG3	Extracellular; Cytoplasmic	Helical; Note=Internal signal sequence			True		True
P57054	PIGP		Helical			True
P57057	SLC37A1		Helical			True
P57087	JAM2	Extracellular; Cytoplasmic	Helical		True	True		True
P57088	TMEM33	Lumenal; Cytoplasmic	Helical			True		True
P57103	SLC8A3	Extracellular; Cytoplasmic	Helical		True	True		True
P57105	SYNJ2BP	Cytoplasmic; Mitochondrial intermembrane	Helical			True		True	True	APEX_IMS, mito protein domain, coexpression, MS/MS+	MOM	True
P57679	EVC	Extracellular; Cytoplasmic	Helical			True		True
P57727	TMPRSS3	Cytoplasmic; Extracellular	Helical; Signal-anchor for type II membrane protein			True		True
P57738	TCTA	Extracellular; Cytoplasmic	Helical			True		True
P57739	CLDN2	Cytoplasmic; Extracellular	Helical			True		True
P57764	GSDMD		Beta stranded			True
P57789	KCNK10	Cytoplasmic	Helical	Pore-forming		True	True	True
P58215	LOXL3				True
P58335	ANTXR2	Extracellular; Cytoplasmic	Helical		True	True		True
P58397	ADAMTS12				True
P58400	NRXN1	Extracellular; Cytoplasmic	Helical		True	True		True
P58401	NRXN2	Extracellular; Cytoplasmic	Helical		True	True		True
P58418	CLRN1		Helical			True
P58499	FAM3B				True
P58743	SLC26A5	Cytoplasmic; Extracellular	Helical	Helical		True	True	True
P59510	ADAMTS20				True
P59542	TAS2R19	Extracellular; Cytoplasmic	Helical			True		True
P59665	DEFA1; DEFA1B				True
P59666	DEFA3				True
P59773	MINAR2		Helical			True
P59827	BPIFB4				True
P59901	LILRA4	Extracellular; Cytoplasmic	Helical		True	True		True
P59942	MCCD1								True	manual 	unknown	True
P60022	DEFB1				True
P60033	CD81	Cytoplasmic; Extracellular	Helical			True		True
P60059	SEC61G	Cytoplasmic; Extracellular	Helical			True		True
P60201	PLP1	Cytoplasmic; Extracellular	Helical			True		True
P60468	SEC61B	Cytoplasmic; Lumenal	Helical			True		True
P60507	ERVFC1	Extracellular; Cytoplasmic	Helical		True	True		True
P60508	ERVFRD-1	Extracellular; Cytoplasmic	Helical		True	True		True
P60568	IL2				True
P60602	ROMO1		Helical			True			True	literature, APEX_IMS, yeast mito homolog++, mito protein domain+, MS/MS	MIM	True
P60852	ZP1	Extracellular; Cytoplasmic	Helical		True	True		True
P61009	SPCS3	Cytoplasmic; Lumenal	Helical; Signal-anchor for type II membrane protein			True		True
P61073	CXCR4	Extracellular; Cytoplasmic	Helical			True		True
P61165	TMEM258		Helical			True
P61266	STX1B	Cytoplasmic	Helical; Anchor for type IV membrane protein			True		True
P61278	SST				True
P61366	OSTN				True
P61604	HSPE1								True	literature, APEX_IMS, APEX_matrix, yeast mito homolog++, Rickettsial homolog, mito protein domain, MS/MS++	Matrix	True
P61619	SEC61A1	Cytoplasmic; Lumenal	Helical			True		True
P61626	LYZ				True
P61647	ST8SIA6	Cytoplasmic; Lumenal	Helical; Signal-anchor for type II membrane protein			True		True
P61769	B2M				True
P61803	DAD1	Cytoplasmic; Lumenal	Helical			True		True
P61812	TGFB2				True
P61916	NPC2				True
P62072	TIMM10								True	literature, APEX_IMS, yeast mito homolog++, mito protein domain+, induction, coexpression++, MS/MS++	MIM	True
P62079	TSPAN5	Cytoplasmic; Extracellular	Helical			True		True
P62341	SELENOT		Helical		True	True
P62952	BLCAP		Helical			True
P62955	CACNG7		Helical			True
P63027	VAMP2	Cytoplasmic; Vesicular	Helical; Anchor for type IV membrane protein			True		True
P63252	KCNJ2	Cytoplasmic; Extracellular	Helical	Helical; Pore-forming; Pore-forming		True	True	True
P67812	SEC11A	Cytoplasmic; Lumenal	Helical; Signal-anchor for type II membrane protein			True		True
P69849	NOMO3	Extracellular; Cytoplasmic	Helical		True	True		True
P78310	CXADR	Extracellular; Cytoplasmic	Helical		True	True		True
P78324	SIRPA	Extracellular; Cytoplasmic	Helical		True	True		True
P78325	ADAM8	Extracellular; Cytoplasmic	Helical		True	True		True
P78333	GPC5				True
P78334	GABRE	Extracellular; Cytoplasmic	Helical		True	True		True
P78348	ASIC1	Cytoplasmic; Extracellular	Helical; Discontinuously helical			True		True
P78357	CNTNAP1	Extracellular; Cytoplasmic	Helical		True	True		True
P78363	ABCA4	Cytoplasmic; Extracellular	Helical			True		True
P78369	CLDN10	Extracellular; Cytoplasmic	Helical			True		True
P78380	OLR1	Cytoplasmic; Extracellular	Helical; Signal-anchor for type II membrane protein			True		True
P78381	SLC35A2		Helical			True
P78382	SLC35A1	Cytoplasmic; Lumenal	Helical			True		True
P78383	SLC35B1	Cytoplasmic; Lumenal	Helical			True		True
P78410	BTN3A2	Extracellular; Cytoplasmic	Helical		True	True		True
P78423	CX3CL1	Extracellular; Cytoplasmic	Helical		True	True		True
P78504	JAG1	Extracellular; Cytoplasmic	Helical		True	True		True
P78508	KCNJ10	Cytoplasmic; Extracellular	Helical	Discontinuously helical; Pore-forming		True	True	True
P78509	RELN				True
P78536	ADAM17	Extracellular; Cytoplasmic	Helical		True	True		True
P78537	BLOC1S1								True	mito protein domain, coexpression++, MS/MS	unknown
P78539	SRPX				True
P78540	ARG2								True	literature, APEX_matrix, targetP signal+, mito protein domain, MS/MS	Matrix	True
P78549	NTHL1								True	literature, yeast mito homolog, Rickettsial homolog, mito protein domain	unknown	True
P78552	IL13RA1	Extracellular; Cytoplasmic	Helical		True	True		True
P78556	CCL20				True
P78562	PHEX	Cytoplasmic; Extracellular	Helical; Signal-anchor for type II membrane protein			True		True
P79483	HLA-DRB3	Extracellular; Cytoplasmic	Helical		True	True		True
P80075	CCL8				True
P80098	CCL7				True
P80108	GPLD1				True
P80162	CXCL6				True
P80188	LCN2				True
P80303	NUCB2				True
P80370	DLK1	Extracellular; Cytoplasmic	Helical		True	True		True
P80404	ABAT								True	literature, APEX_matrix, targetP signal, mito protein domain, MS/MS++	Matrix	True
P80748	IGLV3-21				True
P81172	HAMP				True
P81277	PRLH				True
P81408	ENTREP3		Helical			True
P81534	DEFB103A; DEFB103B				True
P81605	DCD		Helical		True	True
P82251	SLC7A9	Cytoplasmic; Extracellular	Helical			True		True
P82279	CRB1	Extracellular; Cytoplasmic	Helical		True	True		True
P82650	MRPS22								True	literature, APEX_matrix, mito protein domain+, induction, coexpression, MS/MS	Matrix	True
P82673	MRPS35								True	literature, APEX_matrix, targetP signal, yeast mito homolog++, mito protein domain+, induction, coexpression++, MS/MS++	Matrix	True
P82914	MRPS15								True	literature, targetP signal, yeast mito homolog++, Rickettsial homolog, mito protein domain, coexpression++, MS/MS++	Matrix	True
P82930	MRPS34								True	literature, APEX_matrix, targetP signal, induction, coexpression++, MS/MS++	Matrix	True
P82932	MRPS6								True	literature, APEX_matrix, yeast mito homolog++, Rickettsial homolog, mito protein domain, MS/MS++	Matrix	True
P82987	ADAMTSL3				True
P83105	HTRA4				True
P83110	HTRA3				True
P83111	LACTB								True	literature, APEX_IMS, targetP signal+, Rickettsial homolog, mito protein domain, coexpression, MS/MS++	IMS	True
P84085	ARF5								True	targetP signal, mito protein domain, coexpression, MS/MS	unknown
P86397	HTD2											True
P98066	TNFAIP6				True
P98073	TMPRSS15	Cytoplasmic; Extracellular	Helical; Signal-anchor for type II membrane protein			True		True
P98088	MUC5AC				True
P98095	FBLN2				True
P98153	DGCR2	Extracellular; Cytoplasmic	Helical		True	True		True
P98155	VLDLR	Extracellular; Cytoplasmic	Helical		True	True		True
P98160	HSPG2				True
P98161	PKD1	Extracellular; Cytoplasmic	Helical		True	True		True
P98164	LRP2	Extracellular; Cytoplasmic	Helical		True	True		True
P98172	EFNB1	Extracellular; Cytoplasmic	Helical		True	True		True
P98173	FAM3A				True
P98187	CYP4F8		Helical			True
P98194	ATP2C1	Cytoplasmic; Lumenal	Helical			True		True
P98196	ATP11A	Cytoplasmic; Extracellular	Helical			True		True
P98198	ATP8B2	Cytoplasmic; Exoplasmic loop	Helical			True		True
P99999	CYCS								True	literature, APEX_IMS, yeast mito homolog++, Rickettsial homolog, mito protein domain+, MS/MS++	IMS	True
Q00059	TFAM								True	literature, APEX_matrix, targetP signal, mito protein domain, induction, MS/MS++	Matrix	True
Q00325	SLC25A3	Mitochondrial intermembrane; Mitochondrial matrix	Helical			True		True	True	literature, yeast mito homolog++, mito protein domain+, induction, coexpression++, MS/MS++	MIM	True
Q00604	NDP				True
Q00765	REEP5	Cytoplasmic; Lumenal	Helical			True		True
Q00887	PSG9				True
Q00889	PSG6				True
Q00973	B4GALNT1	Cytoplasmic; Lumenal	Helical; Signal-anchor for type II membrane protein			True		True
Q00975	CACNA1B	Cytoplasmic; Extracellular	Helical			True		True
Q01113	IL9R	Extracellular; Cytoplasmic	Helical		True	True		True
Q01118	SCN7A	Cytoplasmic; Extracellular	Helical	Pore-forming		True	True	True
Q01151	CD83	Extracellular; Cytoplasmic	Helical		True	True		True
Q01344	IL5RA	Extracellular; Cytoplasmic	Helical		True	True		True
Q01362	MS4A2	Cytoplasmic; Extracellular	Helical			True		True
Q01453	PMP22	Cytoplasmic; Extracellular	Helical			True		True
Q01459	CTBS				True
Q01523	DEFA5				True
Q01524	DEFA6				True
Q01628	IFITM3	Cytoplasmic; Extracellular	Helical	Helical		True	True	True
Q01629	IFITM2	Cytoplasmic; Extracellular	Helical	Helical		True	True	True
Q01638	IL1RL1	Extracellular; Cytoplasmic	Helical		True	True		True
Q01650	SLC7A5	Cytoplasmic; Extracellular	Helical			True		True
Q01668	CACNA1D	Cytoplasmic; Extracellular	Helical			True		True
Q01718	MC2R	Extracellular; Cytoplasmic	Helical			True		True
Q01726	MC1R	Extracellular; Cytoplasmic	Helical			True		True
Q01740	FMO1	Lumenal; Cytoplasmic	Helical			True		True
Q01814	ATP2B2	Cytoplasmic; Extracellular	Helical			True		True
Q01955	COL4A3				True
Q01959	SLC6A3	Cytoplasmic; Extracellular	Discontinuously helical; Helical			True		True
Q01973	ROR1	Extracellular; Cytoplasmic	Helical		True	True		True
Q01974	ROR2	Extracellular; Cytoplasmic	Helical		True	True		True
Q02083	NAAA				True
Q02094	RHAG	Cytoplasmic; Extracellular	Helical			True		True
Q02127	DHODH	Mitochondrial matrix; Mitochondrial intermembrane	Helical			True		True	True	literature, mito protein domain, MS/MS++	MIM	True
Q02161	RHD		Helical			True
Q02218	OGDH								True	literature, APEX_matrix, targetP signal, yeast mito homolog+, Rickettsial homolog, mito protein domain+, induction, coexpression++, MS/MS++	Matrix	True
Q02221	COX6A2	Mitochondrial matrix; Mitochondrial intermembrane	Helical			True		True	True	literature, targetP signal, yeast mito homolog+, mito protein domain+, induction, coexpression	MIM	True
Q02223	TNFRSF17	Extracellular; Cytoplasmic	Helical; Signal-anchor for type III membrane protein			True		True
Q02241	KIF23											True
Q02246	CNTN2				True
Q02252	ALDH6A1								True	literature, APEX_matrix, targetP signal, yeast mito homolog+, mito protein domain, coexpression, MS/MS++	MIM	True
Q02297	NRG1	Extracellular; Cytoplasmic	Helical; Note=Internal signal sequence			True		True
Q02318	CYP27A1								True	literature, targetP signal+, mito protein domain, MS/MS++	MIM	True
Q02383	SEMG2				True
Q02388	COL7A1				True
Q02413	DSG1	Extracellular; Cytoplasmic	Helical		True	True		True
Q02487	DSC2	Extracellular; Cytoplasmic	Helical		True	True		True
Q02505	MUC3A		Helical		True	True
Q02643	GHRHR	Extracellular; Cytoplasmic	Helical		True	True		True
Q02742	GCNT1	Cytoplasmic; Lumenal	Helical; Signal-anchor for type II membrane protein			True		True
Q02747	GUCA2A				True
Q02763	TEK	Extracellular; Cytoplasmic	Helical		True	True		True
Q02809	PLOD1				True
Q02817	MUC2				True
Q02818	NUCB1				True
Q02846	GUCY2D	Extracellular; Cytoplasmic	Helical		True	True		True
Q02978	SLC25A11		Helical			True			True	literature, yeast mito homolog+, mito protein domain+, induction, coexpression, MS/MS++	MIM	True
Q02985	CFHR3				True
Q03135	CAV1	Cytoplasmic		Helical			True	True
Q03167	TGFBR3	Extracellular; Cytoplasmic	Helical		True	True		True
Q03395	ROM1	Cytoplasmic; Lumenal	Helical			True		True
Q03403	TFF2				True
Q03405	PLAUR				True
Q03431	PTH1R	Extracellular; Cytoplasmic	Helical		True	True		True
Q03518	TAP1	Cytoplasmic; Lumenal	Helical			True		True
Q03519	TAP2	Lumenal; Cytoplasmic	Helical			True		True
Q03591	CFHR1				True
Q03692	COL10A1				True
Q03721	KCNC4	Cytoplasmic	Helical; Helical; Voltage-sensor			True		True
Q04118	PRB3				True
Q04609	FOLH1	Cytoplasmic; Extracellular	Helical; Signal-anchor for type II membrane protein			True		True
Q04656	ATP7A	Cytoplasmic; Extracellular	Helical			True		True
Q04671	OCA2	Cytoplasmic; Extracellular	Helical			True		True
Q04721	NOTCH2	Extracellular; Cytoplasmic	Helical		True	True		True
Q04756	HGFAC				True
Q04771	ACVR1	Extracellular; Cytoplasmic	Helical		True	True		True
Q04837	SSBP1								True	literature, APEX_matrix, targetP signal, yeast mito homolog++, Rickettsial homolog, mito protein domain, MS/MS	Matrix	True
Q04844	CHRNE	Extracellular; Cytoplasmic	Helical		True	True		True
Q04900	CD164	Extracellular; Cytoplasmic	Helical		True	True		True
Q04912	MST1R	Extracellular; Cytoplasmic	Helical		True	True		True
Q04941	PLP2		Helical			True
Q05586	GRIN1	Extracellular; Cytoplasmic	Helical	Discontinuously helical	True	True	True	True
Q05707	COL14A1				True
Q05901	CHRNB3	Extracellular; Cytoplasmic	Helical		True	True		True
Q05932	FPGS								True	APEX_matrix, GFP, targetP signal, yeast mito homolog, Rickettsial homolog, mito protein domain	Matrix	True
Q05940	SLC18A2	Cytoplasmic; Lumenal, vesicle	Helical			True		True
Q05996	ZP2	Extracellular; Cytoplasmic	Helical		True	True		True
Q06033	ITIH3				True
Q06055	ATP5MC2		Helical			True			True	literature, yeast mito homolog+, Rickettsial homolog, mito protein domain	MIM	True
Q06124	PTPN11											True
Q06136	KDSR	Cytoplasmic; Lumenal	Helical		True	True		True
Q06141	REG3A				True
Q06418	TYRO3	Extracellular; Cytoplasmic	Helical		True	True		True
Q06432	CACNG1	Cytoplasmic; Extracellular	Helical			True		True
Q06481	APLP2	Extracellular; Cytoplasmic	Helical		True	True		True
Q06495	SLC34A1	Cytoplasmic; Extracellular	Helical			True		True
Q06609	RAD51											True
Q06643	LTB	Cytoplasmic; Extracellular	Helical; Signal-anchor for type II membrane protein			True		True
Q06828	FMOD				True
Q07001	CHRND	Extracellular; Cytoplasmic	Helical		True	True		True
Q07002	CDK18											True
Q07011	TNFRSF9	Extracellular; Cytoplasmic	Helical		True	True		True
Q07021	C1QBP								True	literature, APEX_matrix, targetP signal+, yeast mito homolog++, mito protein domain, induction, coexpression, MS/MS++	Matrix	True
Q07065	CKAP4	Cytoplasmic; Extracellular	Helical			True		True
Q07075	ENPEP	Cytoplasmic; Extracellular	Helical; Signal-anchor for type II membrane protein			True		True
Q07092	COL16A1				True
Q07108	CD69	Cytoplasmic; Extracellular	Helical; Signal-anchor for type II membrane protein			True		True
Q07325	CXCL9				True
Q07326	PIGF		Helical			True
Q07444	KLRC3	Cytoplasmic; Extracellular	Helical; Signal-anchor for type II membrane protein			True		True
Q07654	TFF3				True
Q07699	SCN1B	Extracellular; Cytoplasmic	Helical		True	True		True
Q07812	BAX		Helical			True			True	literature, mito protein domain, coexpression, MS/MS++	MOM	True
Q07817	BCL2L1		Helical			True			True	literature, mito protein domain	MOM	True
Q07820	MCL1		Helical			True			True	manual, mito protein domain	MOM	True
Q07837	SLC3A1	Cytoplasmic; Extracellular	Helical; Signal-anchor for type II membrane protein			True		True
Q07954	LRP1	Extracellular; Cytoplasmic	Helical		True	True		True
Q07973	CYP24A1								True	literature, targetP signal+, mito protein domain	MIM	True
Q08174	PCDH1	Extracellular; Cytoplasmic	Helical		True	True		True
Q08257	CRYZ								True	APEX_matrix, mito protein domain, MS/MS	Matrix	True
Q08334	IL10RB	Extracellular; Cytoplasmic	Helical		True	True		True
Q08345	DDR1	Extracellular; Cytoplasmic	Helical		True	True		True
Q08357	SLC20A2	Extracellular; Cytoplasmic	Helical			True		True
Q08380	LGALS3BP				True
Q08397	LOXL1				True
Q08426	EHHADH								True	yeast mito homolog+, Rickettsial homolog, mito protein domain, coexpression, MS/MS+	unknown
Q08431	MFGE8				True
Q08462	ADCY2	Cytoplasmic	Helical			True		True
Q08477	CYP4F3		Helical			True
Q08554	DSC1	Extracellular; Cytoplasmic	Helical		True	True		True
Q08629	SPOCK1				True
Q08648	SPAG11B				True
Q08708	CD300C	Extracellular; Cytoplasmic	Helical		True	True		True
Q08722	CD47	Extracellular; Cytoplasmic	Helical		True	True		True
Q08828	ADCY1	Cytoplasmic	Helical			True		True
Q08830	FGL1				True
Q08AE8	SPIRE1								True	literature	MOM
Q08AH1	ACSM1								True	literature, targetP signal, Rickettsial homolog, mito protein domain, coexpression, MS/MS++	Matrix	True
Q08AH3	ACSM2A								True	targetP signal, mito protein domain, MS/MS+	Matrix	True
Q08ET2	SIGLEC14	Extracellular; Cytoplasmic	Helical		True	True		True
Q08J23	NSUN2								True	literature, mito protein domain	Matrix	True
Q09013	DMPK	Cytoplasmic; Lumenal	Helical; Anchor for type IV membrane protein			True		True	True	literature, mito protein domain	MOM
Q09327	MGAT3	Cytoplasmic; Lumenal	Helical; Signal-anchor for type II membrane protein			True		True
Q09328	MGAT5	Cytoplasmic; Lumenal	Helical; Signal-anchor for type II membrane protein			True		True
Q09428	ABCC8	Extracellular; Cytoplasmic	Helical			True		True
Q09470	KCNA1	Cytoplasmic; Extracellular	Helical; Helical; Voltage-sensor	Helical		True	True	True
Q0D2K0	NIPAL4	Extracellular; Cytoplasmic	Helical			True		True
Q0GE19	SLC10A7	Cytoplasmic; Extracellular	Helical			True		True
Q0VAQ4	SMAGP	Extracellular; Cytoplasmic	Helical; Signal-anchor for type III membrane protein			True		True
Q10469	MGAT2	Cytoplasmic; Lumenal	Helical; Signal-anchor for type II membrane protein			True		True
Q10471	GALNT2	Cytoplasmic; Lumenal	Helical; Signal-anchor for type II membrane protein			True		True
Q10472	GALNT1	Cytoplasmic; Lumenal	Helical; Signal-anchor for type II membrane protein			True		True
Q10588	BST1				True
Q10589	BST2	Cytoplasmic; Extracellular	Helical; Signal-anchor for type II membrane protein			True		True
Q10713	PMPCA								True	literature, APEX_matrix, targetP signal+, yeast mito homolog++, Rickettsial homolog, mito protein domain+, coexpression, MS/MS++	Matrix	True
Q10981	FUT2	Cytoplasmic; Lumenal	Helical; Signal-anchor for type II membrane protein			True		True
Q11128	FUT5	Cytoplasmic; Lumenal	Helical; Signal-anchor for type II membrane protein			True		True
Q11130	FUT7	Cytoplasmic; Lumenal	Helical; Signal-anchor for type II membrane protein			True		True
Q11201	ST3GAL1	Cytoplasmic; Lumenal	Helical; Signal-anchor for type II membrane protein			True		True
Q11203	ST3GAL3	Cytoplasmic; Lumenal	Helical; Signal-anchor for type II membrane protein			True		True
Q11206	ST3GAL4	Cytoplasmic; Lumenal	Helical; Signal-anchor for type II membrane protein			True		True
Q12767	TMEM94	Cytoplasmic; Lumenal	Helical			True		True
Q12770	SCAP	Cytoplasmic; Lumenal	Helical			True		True
Q12772	SREBF2	Cytoplasmic; Lumenal	Helical			True		True
Q12791	KCNMA1	Extracellular; Cytoplasmic	Helical	Pore-forming		True	True	True
Q12794	HYAL1				True
Q12797	ASPH	Cytoplasmic; Lumenal	Helical; Signal-anchor for type II membrane protein			True		True
Q12805	EFEMP1				True
Q12809	KCNH2	Cytoplasmic; Extracellular	Helical; Helical; Voltage-sensor	Pore-forming		True	True	True
Q12836	ZP4	Extracellular; Cytoplasmic	Helical		True	True		True
Q12841	FSTL1				True
Q12846	STX4	Cytoplasmic; Extracellular	Helical; Anchor for type IV membrane protein			True		True
Q12849	GRSF1								True	APEX_matrix, mito protein domain, induction, coexpression, MS/MS	Matrix	True
Q12860	CNTN1				True
Q12864	CDH17	Extracellular; Cytoplasmic	Helical		True	True		True
Q12866	MERTK	Extracellular; Cytoplasmic	Helical		True	True		True
Q12879	GRIN2A	Extracellular; Cytoplasmic	Helical	Discontinuously helical	True	True	True	True
Q12884	FAP	Cytoplasmic; Extracellular	Helical; Signal-anchor for type II membrane protein			True		True
Q12887	COX10		Helical			True			True	literature, yeast mito homolog, Rickettsial homolog, mito protein domain, induction, coexpression++	MIM	True
Q12889	OVGP1				True
Q12891	HYAL2				True
Q12893	TMEM115	Cytoplasmic; Lumenal	Helical			True		True
Q12907	LMAN2	Lumenal; Cytoplasmic	Helical		True	True		True
Q12908	SLC10A2	Extracellular; Cytoplasmic	Helical			True		True
Q12912	IRAG2	Cytoplasmic; Lumenal	Helical; Anchor for type IV membrane protein			True		True
Q12913	PTPRJ	Extracellular; Cytoplasmic	Helical		True	True		True
Q12918	KLRB1	Cytoplasmic; Extracellular	Helical; Signal-anchor for type II membrane protein			True		True
Q12931	TRAP1								True	APEX_matrix, GFP, targetP signal+, Rickettsial homolog, mito protein domain, coexpression++, MS/MS+	Matrix	True
Q12981	BNIP1	Cytoplasmic; Lumenal	Helical; Anchor for type IV membrane protein			True		True
Q12983	BNIP3		Helical			True			True	literature, mito protein domain+, MS/MS	MOM	True
Q13002	GRIK2	Extracellular; Cytoplasmic	Helical	Helical	True	True	True	True
Q13003	GRIK3	Extracellular; Cytoplasmic	Helical		True	True		True
Q13007	IL24				True
Q13011	ECH1								True	APEX_matrix, targetP signal+, yeast mito homolog+, mito protein domain, coexpression+, MS/MS++	Matrix	True
Q13015	MLLT11											True
Q13018	PLA2R1	Extracellular; Cytoplasmic	Helical		True	True		True
Q13021	MALL		Helical			True
Q13057	COASY								True	APEX_matrix, targetP signal, mito protein domain, coexpression, MS/MS++	Matrix	True
Q13061	TRDN	Cytoplasmic; Lumenal	Helical			True		True
Q13084	MRPL28								True	literature, APEX_matrix, yeast mito homolog++, Rickettsial homolog, coexpression, MS/MS++	Matrix	True
Q13085	ACACA								True	targetP signal, Rickettsial homolog, mito protein domain, coexpression	Matrix
Q13087	PDIA2				True
Q13093	PLA2G7				True
Q13113	PDZK1IP1	Extracellular; Cytoplasmic	Helical			True		True
Q13145	BAMBI	Extracellular; Cytoplasmic	Helical		True	True		True
Q13162	PRDX4				True				True	APEX_IMS, Rickettsial homolog, mito protein domain	IMS
Q13183	SLC13A2		Helical			True
Q13190	STX5	Cytoplasmic; Vesicular	Helical; Anchor for type IV membrane protein			True		True
Q13201	MMRN1				True
Q13214	SEMA3B				True
Q13217	DNAJC3				True
Q13219	PAPPA				True
Q13224	GRIN2B	Extracellular; Cytoplasmic	Helical	Discontinuously helical	True	True	True	True
Q13231	CHIT1				True
Q13232	NME3								True	GFP, Rickettsial homolog, mito protein domain	MOM	True
Q13241	KLRD1	Cytoplasmic; Extracellular	Helical; Signal-anchor for type II membrane protein			True		True
Q13253	NOG				True
Q13255	GRM1	Extracellular; Cytoplasmic	Helical		True	True		True
Q13258	PTGDR	Extracellular; Cytoplasmic	Helical			True		True
Q13261	IL15RA	Extracellular; Cytoplasmic	Helical		True	True		True
Q13268	DHRS2								True	literature, targetP signal, Rickettsial homolog, mito protein domain	Matrix	True
Q13275	SEMA3F				True
Q13277	STX3	Cytoplasmic; Extracellular	Helical; Anchor for type IV membrane protein			True		True
Q13286	CLN3	Cytoplasmic; Lumenal	Helical			True		True
Q13291	SLAMF1	Extracellular; Cytoplasmic	Helical		True	True		True
Q13304	GPR17	Extracellular; Cytoplasmic	Helical			True		True
Q13308	PTK7	Extracellular; Cytoplasmic	Helical		True	True		True
Q13316	DMP1				True
Q13323	BIK		Helical			True			True	manual, mito protein domain+	MOM
Q13324	CRHR2	Extracellular; Cytoplasmic	Helical		True	True		True
Q13326	SGCG	Cytoplasmic; Extracellular	Helical; Signal-anchor for type II membrane protein			True		True
Q13332	PTPRS	Extracellular; Cytoplasmic	Helical		True	True		True
Q13336	SLC14A1		Helical			True
Q13349	ITGAD	Extracellular; Cytoplasmic	Helical		True	True		True
Q13361	MFAP5				True
Q13370	PDE3B		Helical			True
Q13405	MRPL49								True	literature, APEX_matrix, targetP signal, yeast mito homolog++, mito protein domain, coexpression, MS/MS++	Matrix	True
Q13410	BTN1A1	Extracellular; Cytoplasmic	Helical		True	True		True
Q13421	MSLN				True
Q13423	NNT	Mitochondrial matrix; Cytoplasmic	Helical			True		True	True	literature, APEX_matrix, Rickettsial homolog, mito protein domain, induction, coexpression, MS/MS+	MIM	True
Q13433	SLC39A6	Extracellular; Cytoplasmic	Helical		True	True		True
Q13438	OS9				True
Q13443	ADAM9	Extracellular; Cytoplasmic	Helical		True	True		True
Q13444	ADAM15	Extracellular; Cytoplasmic	Helical		True	True		True
Q13445	TMED1	Extracellular; Cytoplasmic	Helical		True	True		True
Q13449	LSAMP				True
Q13454	TUSC3	Lumenal; Cytoplasmic	Helical		True	True		True
Q13467	FZD5	Extracellular; Cytoplasmic	Helical		True	True		True
Q13472	TOP3A								True	APEX_matrix, targetP signal+, Rickettsial homolog, mito protein domain	Matrix	True
Q13477	MADCAM1	Extracellular; Cytoplasmic	Helical		True	True		True
Q13478	IL18R1	Extracellular; Cytoplasmic	Helical		True	True		True
Q13488	TCIRG1	Cytoplasmic; Vacuolar	Helical			True		True
Q13491	GPM6B		Helical			True
Q13505	MTX1		Helical			True			True	literature, yeast mito homolog++, mito protein domain+, coexpression, MS/MS++	MOM	True
Q13507	TRPC3	Cytoplasmic; Extracellular	Helical			True		True
Q13508	ART3				True
Q13510	ASAH1				True
Q13519	PNOC				True
Q13520	AQP6	Cytoplasmic; Extracellular	Helical	Discontinuously helical		True	True	True
Q13530	SERINC3	Extracellular; Cytoplasmic	Helical			True		True
Q13563	PKD2	Cytoplasmic; Extracellular	Helical	Pore-forming		True	True	True
Q13571	LAPTM5		Helical			True
Q13585	GPR50	Extracellular; Cytoplasmic	Helical			True		True
Q13586	STIM1	Extracellular; Cytoplasmic	Helical		True	True		True
Q13591	SEMA5A	Extracellular; Cytoplasmic	Helical		True	True		True
Q13609	DNASE1L3				True
Q13621	SLC12A1	Cytoplasmic; Extracellular	Helical			True		True
Q13634	CDH18	Extracellular; Cytoplasmic	Helical		True	True		True
Q13635	PTCH1	Cytoplasmic; Extracellular	Helical			True		True
Q13639	HTR4	Extracellular; Cytoplasmic	Helical			True		True
Q13641	TPBG	Extracellular; Cytoplasmic	Helical		True	True		True
Q13651	IL10RA	Extracellular; Cytoplasmic	Helical		True	True		True
Q13683	ITGA7	Extracellular; Cytoplasmic	Helical		True	True		True
Q13686	ALKBH1								True	literature, APEX_matrix, mito protein domain	Matrix	True
Q13698	CACNA1S	Cytoplasmic; Extracellular	Helical	Pore-forming		True	True	True
Q13705	ACVR2B	Extracellular; Cytoplasmic	Helical		True	True		True
Q13724	MOGS	Cytoplasmic; Lumenal	Helical; Signal-anchor for type II membrane protein			True		True
Q13733	ATP1A4	Cytoplasmic; Extracellular	Helical			True		True
Q13740	ALCAM	Extracellular; Cytoplasmic	Helical		True	True		True
Q13751	LAMB3				True
Q13753	LAMC2				True
Q13790	APOF				True
Q13794	PMAIP1								True	literature, mito protein domain+	MOM	True
Q13797	ITGA9	Extracellular; Cytoplasmic	Helical		True	True		True
Q13822	ENPP2				True
Q13825	AUH								True	literature, APEX_matrix, yeast mito homolog+, Rickettsial homolog, mito protein domain, induction, coexpression++, MS/MS++	Matrix	True
Q13873	BMPR2	Extracellular; Cytoplasmic	Helical		True	True		True
Q13907	IDI1								True	targetP signal, mito protein domain, MS/MS+	Matrix
Q13936	CACNA1C	Cytoplasmic; Extracellular	Helical	Pore-forming		True	True	True
Q13948	CUX1	Cytoplasmic; Lumenal	Helical; Anchor for type IV membrane protein			True		True
Q14002	CEACAM7				True
Q14003	KCNC3	Cytoplasmic	Helical; Helical; Voltage-sensor			True		True
Q14028	CNGB1	Cytoplasmic; Extracellular	Helical			True		True
Q14031	COL4A6				True
Q14050	COL9A3				True
Q14055	COL9A2				True
Q14061	COX17								True	literature, APEX_IMS, yeast mito homolog, mito protein domain+, induction, coexpression++, MS/MS++	IMS	True
Q14108	SCARB2	Cytoplasmic; Lumenal	Helical			True		True
Q14112	NID2				True
Q14114	LRP8	Extracellular; Cytoplasmic	Helical		True	True		True
Q14118	DAG1	Extracellular; Cytoplasmic	Helical		True	True		True
Q14126	DSG2	Extracellular; Cytoplasmic	Helical		True	True		True
Q14154	DELE1								True	targetP signal+, mito protein domain, induction, coexpression	MIM	True
Q14162	SCARF1	Extracellular; Cytoplasmic	Helical		True	True		True
Q14165	MLEC	Lumenal; Cytoplasmic	Helical		True	True		True
Q14197	MRPL58								True	APEX_matrix, GFP, targetP signal+, mito protein domain, induction, coexpression, MS/MS	Matrix	True
Q14210	LY6D				True
Q14213	EBI3				True
Q14242	SELPLG	Extracellular; Cytoplasmic	Helical		True	True		True
Q14246	ADGRE1	Extracellular; Cytoplasmic	Helical		True	True		True
Q14249	ENDOG								True	literature, APEX_IMS, mito protein domain, coexpression++, MS/MS	IMS	True
Q14257	RCN2				True
Q14264	ERV3-1				True
Q14296	FASTK								True	GFP, induction, coexpression	MIM	True
Q14314	FGL2				True
Q14318	FKBP8		Helical			True			True	literature, mito protein domain, coexpression, MS/MS	MOM	True
Q14330	GPR18	Extracellular; Cytoplasmic	Helical			True		True
Q14332	FZD2	Extracellular; Cytoplasmic	Helical		True	True		True
Q14392	LRRC32	Extracellular; Cytoplasmic	Helical		True	True		True
Q14393	GAS6				True
Q14406	CSHL1				True
Q14410	GK2		Helical			True						True
Q14416	GRM2	Extracellular; Cytoplasmic	Helical		True	True		True
Q14432	PDE3A		Helical			True
Q14435	GALNT3	Cytoplasmic; Lumenal	Helical; Signal-anchor for type II membrane protein			True		True
Q14442	PIGH	Cytoplasmic; Lumenal	Helical			True		True
Q14494	NFE2L1		Helical; Signal-anchor for type II membrane protein			True
Q14500	KCNJ12	Cytoplasmic; Extracellular	Helical	Helical; Pore-forming		True	True	True
Q14508	WFDC2				True
Q14512	FGFBP1				True
Q14515	SPARCL1				True
Q14517	FAT1	Extracellular; Cytoplasmic	Helical		True	True		True
Q14520	HABP2				True
Q14524	SCN5A	Cytoplasmic; Extracellular	Helical	Pore-forming		True	True	True
Q14534	SQLE	Cytoplasmic					True	True
Q14542	SLC29A2		Helical			True
Q14554	PDIA5				True
Q14563	SEMA3A				True
Q14571	ITPR2	Cytoplasmic; Extracellular	Helical			True		True
Q14573	ITPR3	Cytoplasmic; Extracellular	Helical			True		True
Q14574	DSC3	Extracellular; Cytoplasmic	Helical		True	True		True
Q14596	NBR1								True	APEX_IMS, coexpression	IMS
Q14623	IHH				True
Q14624	ITIH4				True
Q14626	IL11RA	Extracellular; Cytoplasmic	Helical		True	True		True
Q14627	IL13RA2	Extracellular; Cytoplasmic	Helical		True	True		True
Q14643	ITPR1	Cytoplasmic; Lumenal	Helical			True		True
Q14654	KCNJ11	Cytoplasmic; Extracellular	Helical	Discontinuously helical; Pore-forming		True	True	True
Q14656	TMEM187		Helical			True
Q14667	BLTP2				True
Q14696	MESD				True
Q14697	GANAB				True
Q14703	MBTPS1	Lumenal; Cytoplasmic	Helical		True	True		True
Q14714	SSPN	Cytoplasmic; Extracellular	Helical			True		True
Q14721	KCNB1	Cytoplasmic; Extracellular	Helical; Helical; Voltage-sensor	Helical		True	True	True
Q14728	SLC75A1		Helical			True
Q14739	LBR	Nuclear	Helical			True		True
Q14766	LTBP1				True
Q14767	LTBP2				True
Q14773	ICAM4	Extracellular; Cytoplasmic	Helical		True	True		True
Q14789	GOLGB1	Cytoplasmic; Lumenal	Helical			True		True
Q14790	CASP8								True	literature, mito protein domain	MOM
Q14802	FXYD3	Extracellular; Cytoplasmic	Helical		True	True		True
Q14831	GRM7	Extracellular; Cytoplasmic	Helical		True	True		True
Q14832	GRM3	Extracellular; Cytoplasmic	Helical		True	True		True
Q14833	GRM4	Extracellular; Cytoplasmic	Helical		True	True		True
Q14849	STARD3	Cytoplasmic; Extracellular	Helical			True		True
Q14916	SLC17A1		Helical			True
Q14940	SLC9A5	Cytoplasmic; Extracellular	Helical			True		True
Q14943	KIR3DS1	Extracellular; Cytoplasmic	Helical		True	True		True
Q14953	KIR2DS5	Extracellular; Cytoplasmic	Helical		True	True		True
Q14954	KIR2DS1	Extracellular; Cytoplasmic	Helical		True	True		True
Q14956	GPNMB	Extracellular; Cytoplasmic	Helical		True	True		True
Q14957	GRIN2C	Extracellular; Cytoplasmic	Helical	Discontinuously helical	True	True	True	True
Q14973	SLC10A1	Extracellular; Cytoplasmic	Helical; Discontinuously helical			True		True
Q14982	OPCML				True
Q14993	COL19A1				True
Q14BN4	SLMAP	Cytoplasmic; Extracellular	Helical; Anchor for type IV membrane protein			True		True
Q14CN2	CLCA4		Helical		True	True
Q14CZ7	FASTKD3								True	APEX_matrix, targetP signal	Matrix	True
Q14CZ8	HEPACAM	Extracellular; Cytoplasmic	Helical		True	True		True
Q14D33	RTP5		Helical			True
Q15005	SPCS2	Cytoplasmic; Lumenal	Helical			True		True
Q15011	HERPUD1	Cytoplasmic; Lumenal	Helical			True		True
Q15012	LAPTM4A		Helical			True
Q15031	LARS2								True	literature, APEX_matrix, targetP signal, yeast mito homolog++, Rickettsial homolog, mito protein domain, coexpression++, MS/MS++	Matrix	True
Q15041	ARL6IP1	Cytoplasmic; Lumenal	Helical			True		True
Q15043	SLC39A14	Extracellular; Cytoplasmic	Helical		True	True		True
Q15046	KARS1								True	literature, GFP, targetP signal, Rickettsial homolog, mito protein domain, coexpression	Matrix	True
Q15049	MLC1		Helical			True
Q15063	POSTN				True
Q15070	OXA1L	Mitochondrial intermembrane; Mitochondrial matrix	Helical			True		True	True	literature, APEX_matrix, targetP signal, yeast mito homolog+, Rickettsial homolog, mito protein domain, coexpression	MIM	True
Q15077	P2RY6	Extracellular; Cytoplasmic	Helical			True		True
Q15084	PDIA6				True
Q15109	AGER	Extracellular; Cytoplasmic	Helical		True	True		True
Q15113	PCOLCE				True
Q15116	PDCD1	Extracellular; Cytoplasmic	Helical		True	True		True
Q15118	PDK1								True	literature, APEX_matrix, targetP signal+, yeast mito homolog+, mito protein domain+, MS/MS++	Matrix	True
Q15119	PDK2								True	literature, APEX_matrix, yeast mito homolog+, mito protein domain+, induction, coexpression, MS/MS++	Matrix	True
Q15120	PDK3								True	literature, APEX_matrix, targetP signal, yeast mito homolog+, mito protein domain+, MS/MS++	Matrix	True
Q15125	EBP		Helical			True
Q15155	NOMO1	Extracellular; Cytoplasmic	Helical		True	True		True
Q15165	PON2				True
Q15166	PON3				True
Q15223	NECTIN1	Extracellular; Cytoplasmic	Helical		True	True		True
Q15256	PTPRR	Extracellular; Cytoplasmic	Helical		True	True		True
Q15262	PTPRK	Extracellular; Cytoplasmic	Helical		True	True		True
Q15293	RCN1				True
Q15303	ERBB4	Extracellular; Cytoplasmic	Helical		True	True		True
Q15363	TMED2	Lumenal; Cytoplasmic	Helical		True	True		True
Q15375	EPHA7	Extracellular; Cytoplasmic	Helical		True	True		True
Q15388	TOMM20	Mitochondrial intermembrane; Cytoplasmic	Helical			True		True	True	literature, yeast mito homolog+	MOM	True
Q15389	ANGPT1				True
Q15392	DHCR24	Lumenal; Cytoplasmic	Helical		True	True		True
Q15399	TLR1	Extracellular; Cytoplasmic	Helical		True	True		True
Q15413	RYR3	Cytoplasmic	Helical	Pore-forming		True	True	True
Q15465	SHH				True
Q15485	FCN2				True
Q15517	CDSN				True
Q15526	SURF1		Helical			True			True	literature, targetP signal, yeast mito homolog++, Rickettsial homolog, mito protein domain+, coexpression, MS/MS	MIM	True
Q15546	MMD	Cytoplasmic; Lumenal	Helical			True		True
Q15582	TGFBI				True
Q15629	TRAM1	Cytoplasmic; Lumenal	Helical			True		True
Q15661	TPSAB1				True
Q15722	LTB4R	Extracellular; Cytoplasmic	Helical			True		True
Q15726	KISS1				True
Q15738	NSDHL		Helical			True
Q15743	GPR68	Extracellular; Cytoplasmic	Helical			True		True
Q15758	SLC1A5	Cytoplasmic; Extracellular	Helical	Discontinuously helical		True	True	True
Q15761	NPY5R	Extracellular; Cytoplasmic	Helical			True		True
Q15762	CD226	Extracellular; Cytoplasmic	Helical		True	True		True
Q15768	EFNB3	Extracellular; Cytoplasmic	Helical		True	True		True
Q15782	CHI3L2				True
Q15785	TOMM34								True	literature, mito protein domain	MOM	True
Q15800	MSMO1		Helical			True
Q15818	NPTX1				True
Q15822	CHRNA2	Extracellular; Cytoplasmic	Helical		True	True		True
Q15825	CHRNA6	Extracellular; Cytoplasmic	Helical		True	True		True
Q15828	CST6				True
Q15836	VAMP3	Cytoplasmic; Vesicular	Helical; Anchor for type IV membrane protein			True		True
Q15842	KCNJ8	Cytoplasmic; Extracellular	Helical	Helical; Pore-forming; Pore-forming		True	True	True
Q15848	ADIPOQ				True
Q15849	SLC14A2		Helical			True
Q15858	SCN9A	Cytoplasmic; Extracellular	Helical	Pore-forming		True	True	True
Q15878	CACNA1E	Cytoplasmic; Extracellular	Helical			True		True
Q15884	ENTREP1	Lumenal; Cytoplasmic	Helical		True	True		True
Q15904	ATP6AP1	Lumenal; Cytoplasmic	Helical		True	True		True
Q16099	GRIK4	Extracellular; Cytoplasmic	Helical		True	True		True
Q16134	ETFDH						True		True	literature, APEX_matrix, yeast mito homolog++, mito protein domain+, induction, coexpression++, MS/MS++	MIM	True
Q16270	IGFBP7				True
Q16280	CNGA2	Cytoplasmic; Extracellular	Helical			True		True
Q16281	CNGA3	Cytoplasmic; Extracellular	Helical			True		True
Q16288	NTRK3	Extracellular; Cytoplasmic	Helical		True	True		True
Q16322	KCNA10		Helical; Helical; Voltage-sensor			True
Q16348	SLC15A2	Cytoplasmic; Extracellular	Helical			True		True
Q16363	LAMA4				True
Q16394	EXT1	Cytoplasmic; Lumenal	Helical; Signal-anchor for type II membrane protein			True		True
Q16445	GABRA6	Extracellular; Cytoplasmic	Helical		True	True		True
Q16478	GRIK5	Extracellular; Cytoplasmic	Helical		True	True		True
Q16515	ASIC2	Cytoplasmic; Extracellular	Helical			True		True
Q16526	CRY1								True	literature, mito protein domain, coexpression	unknown
Q16540	MRPL23								True	literature, APEX_matrix, targetP signal, yeast mito homolog++, mito protein domain, MS/MS++	Matrix	True
Q16548	BCL2A1								True	manual, mito protein domain	MOM
Q16549	PCSK7	Extracellular; Cytoplasmic	Helical		True	True		True
Q16552	IL17A				True
Q16553	LY6E				True
Q16558	KCNMB1	Cytoplasmic; Extracellular	Helical			True		True
Q16563	SYPL1	Cytoplasmic; Vesicular	Helical			True		True
Q16568	CARTPT				True
Q16570	ACKR1	Extracellular; Cytoplasmic	Helical			True		True
Q16572	SLC18A3	Cytoplasmic; Lumenal, vesicle	Helical			True		True
Q16581	C3AR1	Extracellular; Cytoplasmic	Helical			True		True
Q16585	SGCB	Cytoplasmic; Extracellular	Helical; Signal-anchor for type II membrane protein			True		True
Q16586	SGCA	Extracellular; Cytoplasmic	Helical		True	True		True
Q16595	FXN								True	literature, APEX_matrix, targetP signal, yeast mito homolog++, Rickettsial homolog, mito protein domain, coexpression, MS/MS+	Matrix	True
Q16602	CALCRL	Extracellular; Cytoplasmic	Helical		True	True		True
Q16610	ECM1				True
Q16611	BAK1		Helical			True			True	literature, mito protein domain, MS/MS++	MOM	True
Q16617	NKG7		Helical			True
Q16620	NTRK2	Extracellular; Cytoplasmic	Helical		True	True		True
Q16623	STX1A	Cytoplasmic; Extracellular	Helical; Anchor for type IV membrane protein			True		True
Q16625	OCLN	Cytoplasmic; Extracellular	Helical			True		True
Q16627	CCL14				True
Q16635	TAFAZZIN	Mitochondrial intermembrane					True	True	True	literature, yeast mito homolog++, mito protein domain	IMS	True
Q16647	PTGIS		Helical			True
Q16651	PRSS8		Helical		True	True
Q16653	MOG	Extracellular; Cytoplasmic	Helical		True	True		True
Q16654	PDK4								True	literature, targetP signal, yeast mito homolog++, Rickettsial homolog, mito protein domain+, induction, coexpression, MS/MS++	MIM	True
Q16655	MLANA	Cytoplasmic	Helical			True		True
Q16661	GUCA2B				True
Q16663	CCL15				True
Q16671	AMHR2	Extracellular; Cytoplasmic	Helical		True	True		True
Q16674	MIA				True
Q16698	DECR1								True	literature, APEX_matrix, targetP signal, Rickettsial homolog, mito protein domain, coexpression+, MS/MS++	Matrix	True
Q16706	MAN2A1	Cytoplasmic; Lumenal	Helical; Signal-anchor for type II membrane protein			True		True
Q16718	NDUFA5								True	literature, APEX_matrix, mito protein domain+, induction, coexpression++, MS/MS++	MIM	True
Q16720	ATP2B3	Cytoplasmic; Extracellular	Helical			True		True
Q16739	UGCG	Lumenal; Cytoplasmic	Helical			True		True
Q16740	CLPP								True	literature, APEX_matrix, targetP signal+, Rickettsial homolog, mito protein domain, induction, coexpression+, MS/MS++	Matrix	True
Q16762	TST								True	literature, APEX_matrix, Rickettsial homolog, mito protein domain, coexpression, MS/MS++	Matrix	True
Q16769	QPCT				True
Q16773	KYAT1											True
Q16774	GUK1								True	APEX_matrix, targetP signal, Rickettsial homolog, induction, coexpression, MS/MS	Matrix	True
Q16775	HAGH								True	literature, APEX_matrix, targetP signal+, mito protein domain, induction, coexpression, MS/MS++	Matrix	True
Q16787	LAMA3				True
Q16790	CA9	Extracellular; Cytoplasmic	Helical		True	True		True
Q16795	NDUFA9								True	literature, APEX_matrix, targetP signal+, mito protein domain, induction, coexpression++, MS/MS++	MIM	True
Q16798	ME3								True	literature, yeast mito homolog+, Rickettsial homolog, mito protein domain, coexpression, MS/MS++	Matrix	True
Q16799	RTN1		Helical			True
Q16819	MEP1A	Extracellular; Cytoplasmic	Helical		True	True		True
Q16820	MEP1B	Extracellular; Cytoplasmic	Helical		True	True		True
Q16821	PPP1R3A		Helical			True
Q16822	PCK2								True	literature, targetP signal, mito protein domain, coexpression, MS/MS++	Matrix	True
Q16827	PTPRO	Extracellular; Cytoplasmic	Helical		True	True		True
Q16832	DDR2	Extracellular; Cytoplasmic	Helical		True	True		True
Q16836	HADH								True	literature, APEX_matrix, targetP signal, Rickettsial homolog, mito protein domain, induction, coexpression++, MS/MS++	Matrix	True
Q16842	ST3GAL2	Cytoplasmic; Lumenal	Helical; Signal-anchor for type II membrane protein			True		True
Q16849	PTPRN	Lumenal; Cytoplasmic	Helical		True	True		True
Q16850	CYP51A1		Helical			True
Q16853	AOC3	Cytoplasmic; Extracellular	Helical; Signal-anchor for type II membrane protein			True		True
Q16854	DGUOK								True	literature, APEX_matrix, targetP signal, mito protein domain, MS/MS++	Matrix	True
Q16873	LTC4S	Cytoplasmic; Lumenal	Helical			True		True
Q16880	UGT8		Helical		True	True
Q16881	TXNRD1								True	GFP, Rickettsial homolog, mito protein domain, coexpression, MS/MS	unknown
Q16891	IMMT	Mitochondrial matrix; Mitochondrial intermembrane	Helical			True		True	True	literature, targetP signal, yeast mito homolog, mito protein domain+, coexpression++, MS/MS++	MIM	True
Q17R31	TATDN3											True
Q17R60	IMPG1				True
Q17RW2	COL24A1				True
Q19T08	ECSCR	Extracellular; Cytoplasmic	Helical		True	True		True
Q1EHB4	SLC5A12	Extracellular; Cytoplasmic	Helical			True		True
Q1HG43	DUOXA1	Extracellular; Cytoplasmic	Helical			True		True
Q1HG44	DUOXA2	Extracellular; Cytoplasmic	Helical			True		True
Q24JP5	TMEM132A	Extracellular; Cytoplasmic	Helical		True	True		True
Q29980	MICB	Extracellular; Cytoplasmic	Helical		True	True		True
Q29983	MICA	Extracellular; Cytoplasmic	Helical		True	True		True
Q2HXU8	CLEC12B	Cytoplasmic; Extracellular	Helical; Signal-anchor for type II membrane protein			True		True
Q2I0M4	LRRC26	Extracellular; Cytoplasmic	Helical		True	True		True
Q2I0M5	RSPO4				True
Q2KHT4	GSG1		Helical			True
Q2LD37	BLTP1	Lumenal; Cytoplasmic	Helical			True		True
Q2M2E3	ODF4		Helical			True
Q2M385	MPEG1		Beta stranded; Helical		True	True
Q2M3C6	TMEM266	Cytoplasmic; Extracellular	Helical			True		True
Q2M3C7	SPHKAP								True	manual 	MIM
Q2M3G0	ABCB5		Helical			True
Q2M3M2	SLC5A9	Extracellular; Cytoplasmic	Helical			True		True
Q2M3R5	SLC35G1		Helical			True
Q2M3T9	HYAL4	Cytoplasmic; Extracellular	Helical			True		True
Q2MKA7	RSPO1				True
Q2MV58	TCTN1				True
Q2TAA5	ALG11	Lumenal; Cytoplasmic	Helical	Helical		True	True	True
Q2TAL6	VWC2				True
Q2UY09	COL28A1				True
Q2VPA4	CR1L				True
Q2WEN9	CEACAM16				True
Q2WGJ9	FER1L6	Cytoplasmic; Extracellular	Helical; Anchor for type IV membrane protein			True		True
Q2Y0W8	SLC4A8	Extracellular; Cytoplasmic	Helical			True		True
Q30154	HLA-DRB5	Extracellular; Cytoplasmic	Helical		True	True		True
Q30201	HFE	Extracellular; Cytoplasmic	Helical		True	True		True
Q30KQ6	DEFB114				True
Q32M45	ANO4	Extracellular; Cytoplasmic	Helical			True		True
Q32NB8	PGS1								True	targetP signal, yeast mito homolog++, mito protein domain	MIM	True
Q32P28	P3H1				True
Q32P41	TRMT5								True	literature, yeast mito homolog, mito protein domain, coexpression	Matrix	True
Q330K2	NDUFAF6								True	literature, targetP signal, mito protein domain, induction, coexpression++, MS/MS	MIM	True
Q3KNS1	PTCHD3		Helical			True
Q3KNT9	TMEM95	Extracellular; Cytoplasmic	Helical		True	True		True
Q3KNW5	SLC10A6	Extracellular; Cytoplasmic	Helical			True		True
Q3KP22	MAJIN	Nuclear; Perinuclear space	Helical			True		True
Q3KR37	GRAMD1B		Helical			True
Q3MIR4	TMEM30B	Cytoplasmic; Lumenal	Helical			True		True
Q3MUY2	PIGY	Cytoplasmic; Lumenal	Helical			True		True
Q3SXM5	HSDL1								True	GFP, Rickettsial homolog, mito protein domain, MS/MS++	unknown	True
Q3SXP7	SHISAL1	Extracellular; Cytoplasmic	Helical		True	True		True
Q3SXY7	LRIT3	Lumenal; Cytoplasmic	Helical		True	True		True
Q3SY69	ALDH1L2								True	literature, APEX_matrix, targetP signal, Rickettsial homolog, mito protein domain, coexpression, MS/MS	Matrix	True
Q3SYC2	MOGAT2		Helical			True
Q3T906	GNPTAB		Helical			True
Q3V5L5	MGAT5B	Cytoplasmic; Lumenal	Helical; Signal-anchor for type II membrane protein			True		True
Q3YBM2	TMEM176B		Helical			True
Q3ZAQ7	VMA21	Cytoplasmic; Lumenal	Helical			True		True
Q3ZCQ8	TIMM50	Mitochondrial matrix; Mitochondrial intermembrane	Helical			True		True	True	literature, APEX_IMS, yeast mito homolog++, mito protein domain, coexpression++, MS/MS++	MIM	True
Q401N2	ZACN	Extracellular; Cytoplasmic	Helical		True	True		True
Q495A1	TIGIT	Extracellular; Cytoplasmic	Helical		True	True		True
Q495M3	SLC36A2	Cytoplasmic; Extracellular	Helical			True		True
Q495T6	MMEL1	Cytoplasmic; Lumenal	Helical; Signal-anchor for type II membrane protein			True		True
Q495W5	POFUT4	Cytoplasmic; Lumenal	Helical; Signal-anchor for type II membrane protein			True		True
Q496F6	CD300E	Extracellular; Cytoplasmic	Helical		True	True		True
Q496J9	SV2C	Cytoplasmic; Extracellular	Helical			True		True
Q49A17	GALNTL6	Cytoplasmic; Lumenal	Helical; Signal-anchor for type II membrane protein			True		True
Q49AM1	MTERF2								True	literature, APEX_matrix, targetP signal+, mito protein domain+, induction, coexpression, MS/MS	Matrix	True
Q49B96	COX19								True	yeast mito homolog, mito protein domain, induction, coexpression+, MS/MS	IMS	True
Q4G0M1	ERFE				True
Q4G0N4	NADK2								True	APEX_matrix, targetP signal, mito protein domain, coexpression, MS/MS++	Matrix	True
Q4G0N8	SLC9C1	Extracellular; Cytoplasmic	Helical			True		True
Q4G0S4	CYP27C1											True
Q4G176	ACSF3								True	APEX_matrix, targetP signal+, Rickettsial homolog, mito protein domain, coexpression+, MS/MS++	Matrix	True
Q4J6C6	PREPL								True	APEX_matrix, Rickettsial homolog	Matrix	True
Q4KMG0	CDON	Extracellular; Cytoplasmic	Helical		True	True		True
Q4KMG9	TMEM52B		Helical		True	True
Q4KMQ2	ANO6	Cytoplasmic; Extracellular	Helical			True		True
Q4LDE5	SVEP1				True
Q4LDR2	CTXN3		Helical			True
Q4U2R8	SLC22A6	Cytoplasmic; Extracellular	Helical			True		True
Q4V9L6	TMEM119	Extracellular; Cytoplasmic	Helical		True	True		True
Q4VNC1	ATP13A4	Cytoplasmic; Lumenal	Helical			True	True	True
Q4ZG55	GREB1		Helical			True
Q4ZHG4	FNDC1				True
Q4ZJI4	SLC9B1		Helical			True
Q504Y0	SLC39A12	Extracellular; Cytoplasmic	Helical			True		True
Q504Y2	PKDCC				True
Q53EL9	SEZ6	Extracellular; Cytoplasmic	Helical		True	True		True
Q53EP0	FNDC3B		Helical			True
Q53EU6	GPAT3		Helical			True
Q53F39	MPPE1		Helical			True
Q53FP2	TMEM35A	Cytoplasmic; Lumenal	Helical			True		True
Q53FV1	ORMDL2	Cytoplasmic; Extracellular	Helical			True		True
Q53FZ2	ACSM3								True	literature, targetP signal+, Rickettsial homolog, mito protein domain, MS/MS++	Matrix	True
Q53GD3	SLC44A4	Cytoplasmic; Extracellular	Helical			True		True
Q53GQ0	HSD17B12		Helical			True
Q53H12	AGK								True	literature, APEX_IMS, mito protein domain	MIM	True
Q53H76	PLA1A				True
Q53H82	LACTB2								True	targetP signal, yeast mito homolog+, mito protein domain, induction, MS/MS+	Matrix	True
Q53HI1	UNC50	Cytoplasmic; Lumenal	Helical			True		True
Q53R12	TM4SF20	Lumenal; Cytoplasmic	Helical			True		True
Q53R41	FASTKD1								True	APEX_matrix, induction, coexpression++	Matrix	True
Q53RT3	ASPRV1	Cytoplasmic; Extracellular	Helical			True		True
Q53S33	BOLA3								True	targetP signal, mito protein domain, MS/MS	Matrix	True
Q53TN4	CYBRD1	Cytoplasmic; Extracellular	Helical			True		True
Q56VL3	OCIAD2								True	MS/MS++	unknown	True
Q58DX5	NAALADL2	Cytoplasmic; Extracellular	Helical; Signal-anchor for type II membrane protein			True		True
Q58EX2	SDK2	Extracellular; Cytoplasmic	Helical		True	True		True
Q58HT5	AWAT1		Helical			True
Q5BJD5	TMEM41B		Helical			True
Q5BJF2	TMEM97	Cytoplasmic; Lumenal	Helical			True		True
Q5BJH2	TMEM128		Helical			True
Q5BJH7	YIF1B	Cytoplasmic; Extracellular	Helical			True		True
Q5BKX6	SLC45A4	Cytoplasmic; Extracellular	Helical			True		True
Q5BVD1	TTMP		Helical			True
Q5DID0	UMODL1	Extracellular; Cytoplasmic	Helical		True	True		True
Q5DX21	IGSF11	Extracellular; Cytoplasmic	Helical		True	True		True
Q5EB52	MEST		Helical			True
Q5EBM0	CMPK2								True	literature, targetP signal+, MS/MS	Matrix	True
Q5FYB1	ARSI				True
Q5GFL6	VWA2				True
Q5H8A4	PIGG	Lumenal	Helical			True		True
Q5H8C1	FREM1				True
Q5H9S7	DCAF17		Helical			True
Q5HYA8	TMEM67	Extracellular; Cytoplasmic	Helical; Discontinuously helical	Helical	True	True	True	True
Q5HYK3	COQ5								True	APEX_matrix, targetP signal, yeast mito homolog++, Rickettsial homolog, mito protein domain+, induction, coexpression++, MS/MS++	MIM	True
Q5I7T1	ALG10B	Cytoplasmic; Extracellular	Helical			True		True
Q5IJ48	CRB2		Helical		True	True
Q5J8M3	EMC4	Cytoplasmic; Lumenal	Helical			True		True
Q5J8X5	MS4A13		Helical			True
Q5JPE7	NOMO2	Lumenal; Cytoplasmic	Helical		True	True		True
Q5JPH6	EARS2								True	literature, APEX_matrix, GFP, targetP signal, yeast mito homolog++, Rickettsial homolog, mito protein domain, coexpression	Matrix	True
Q5JRA6	MIA3	Lumenal; Cytoplasmic	Helical		True	True	True	True
Q5JRX3	PITRM1								True	literature, APEX_matrix, targetP signal, yeast mito homolog++, mito protein domain+, coexpression, MS/MS++	Matrix	True
Q5JTJ3	COA6								True	APEX_IMS, yeast mito homolog++, mito protein domain+, induction, coexpression+, MS/MS	IMS	True
Q5JTV8	TOR1AIP1	Nuclear; Perinuclear space	Helical			True		True
Q5JTZ9	AARS2								True	literature, APEX_matrix, targetP signal+, Rickettsial homolog, mito protein domain, MS/MS	Matrix	True
Q5JUK3	KCNT1	Cytoplasmic; Extracellular	Helical	Pore-forming		True	True	True
Q5JW98	CALHM4	Cytoplasmic; Extracellular	Helical			True		True
Q5JX71	FAM209A	Extracellular; Cytoplasmic	Helical		True	True		True
Q5JZY3	EPHA10	Extracellular; Cytoplasmic	Helical		True	True		True
Q5K4E3	PRSS36				True
Q5K4L6	SLC27A3		Helical			True
Q5KU26	COLEC12	Cytoplasmic; Extracellular	Helical; Signal-anchor for type II membrane protein			True		True
Q5M7Z0	RNFT1		Helical			True
Q5M8T2	SLC35D3		Helical			True
Q5MY95	ENTPD8	Cytoplasmic; Extracellular	Helical			True		True
Q5NDL2	EOGT				True
Q5NUL3	FFAR4	Extracellular; Cytoplasmic	Helical			True		True
Q5QGT7	RTP2	Cytoplasmic; Extracellular	Helical			True		True
Q5QGZ9	CLEC12A	Cytoplasmic; Extracellular	Helical; Signal-anchor for type II membrane protein			True		True
Q5QJU3	ACER2	Lumenal; Cytoplasmic	Helical			True		True
Q5R3F8	ELFN2	Extracellular; Cytoplasmic	Helical		True	True		True
Q5R3K3	CALHM6	Cytoplasmic; Extracellular	Helical			True		True
Q5RI15	COX20	Mitochondrial intermembrane; Mitochondrial matrix	Helical			True		True	True	literature, APEX_IMS, GFP, yeast mito homolog++, MS/MS	MIM	True
Q5SGD2	PPM1L	Extracellular; Cytoplasmic	Helical			True		True
Q5SNT2	TMEM201	Nuclear; Perinuclear space	Helical			True		True
Q5SQ64	LY6G6F	Extracellular; Cytoplasmic	Helical		True	True		True
Q5SR56	SLC71A2	Extracellular; Cytoplasmic	Helical			True		True
Q5SRR4	LY6G5C				True
Q5SSG8	MUC21	Extracellular; Cytoplasmic	Helical		True	True		True
Q5ST30	VARS2								True	APEX_matrix, targetP signal, Rickettsial homolog, mito protein domain, coexpression, MS/MS++	Matrix	True
Q5SVS4	SLC25A30		Helical			True			True	literature, yeast mito homolog+, mito protein domain+, coexpression, MS/MS++	MIM	True
Q5SXM8	DNLZ								True	APEX_matrix, targetP signal, yeast mito homolog++, mito protein domain+, MS/MS	Matrix	True
Q5SZK8	FREM2	Extracellular; Cytoplasmic	Helical		True	True		True
Q5T0T0	MARCHF8		Helical			True
Q5T160	RARS2								True	literature, APEX_matrix, GFP, Rickettsial homolog, mito protein domain, coexpression, MS/MS++	Matrix	True
Q5T197	DCST1	Cytoplasmic; Extracellular	Helical			True		True
Q5T1C6	THEM4								True	literature, APEX_matrix, targetP signal+, yeast mito homolog, mito protein domain, induction, MS/MS++	MIM	True
Q5T1H1	EYS				True
Q5T2D2	TREML2	Extracellular; Cytoplasmic	Helical		True	True		True
Q5T2R2	PDSS1								True	APEX_matrix, targetP signal, yeast mito homolog+, Rickettsial homolog, mito protein domain, coexpression	MIM	True
Q5T3F8	TMEM63B	Extracellular; Cytoplasmic	Helical			True		True
Q5T3U5	ABCC10		Helical			True
Q5T440	IBA57								True	APEX_matrix, targetP signal, yeast mito homolog++, Rickettsial homolog, mito protein domain, coexpression, MS/MS++	Matrix	True
Q5T442	GJC2	Cytoplasmic; Extracellular	Helical			True		True
Q5T4B2	CERCAM				True
Q5T4D3	TMTC4	Cytoplasmic; Extracellular	Helical			True		True
Q5T4F4	ZFYVE27	Cytoplasmic; Lumenal	Helical	Helical		True	True	True
Q5T4F7	SFRP5				True
Q5T4W7	ARTN				True
Q5T601	ADGRF1	Extracellular; Cytoplasmic	Helical		True	True		True
Q5T6X5	GPRC6A	Extracellular; Cytoplasmic	Helical		True	True		True
Q5T700	LDLRAD1		Helical			True
Q5T7M4	C1QTNF12				True
Q5T7P8	SYT6	Vesicular; Cytoplasmic	Helical			True		True
Q5T848	GPR158	Extracellular; Cytoplasmic	Helical		True	True		True
Q5T8D3	ACBD5		Helical			True
Q5T9A4	ATAD3B	Mitochondrial intermembrane		Helical			True	True	True	APEX_IMS, APEX_matrix, GFP, Rickettsial homolog, mito protein domain+	MIM	True
Q5T9L3	WLS	Cytoplasmic; Lumenal	Helical			True		True
Q5TAT6	COL13A1	Cytoplasmic; Extracellular	Helical; Signal-anchor for type II membrane protein			True		True
Q5TEU4	NDUFAF5								True	literature, APEX_matrix, GFP, targetP signal+, Rickettsial homolog, mito protein domain+, induction, coexpression, MS/MS	MIM	True
Q5TGU0	TSPO2		Helical			True
Q5TGZ0	MICOS10	Mitochondrial intermembrane	Helical			True		True	True	literature, APEX_IMS, yeast mito homolog, mito protein domain+, induction, coexpression++, MS/MS++	MIM	True
Q5THJ4	VPS13D								True	manual, mito protein domain, induction, coexpression	MOM	True
Q5U5X0	LYRM7								True	literature, APEX_matrix, targetP signal, yeast mito homolog++, mito protein domain+, MS/MS++	Matrix	True
Q5UCC4	EMC10	Lumenal; Cytoplasmic	Helical		True	True		True
Q5VT66	MTARC1	Mitochondrial matrix; Cytoplasmic	Helical; Signal-anchor for type II membrane protein			True		True	True	mito protein domain+, MS/MS	MOM	True
Q5VT99	LRRC38		Helical		True	True
Q5VTE6	ANGEL2								True	APEX_matrix, mito protein domain, MS/MS	Matrix	True
Q5VTT2	CFAP95	Extracellular; Cytoplasmic	Helical			True		True
Q5VTY9	HHAT	Cytoplasmic; Lumenal	Helical			True	True	True
Q5VUB5	FAM171A1	Extracellular; Cytoplasmic	Helical		True	True		True
Q5VUM1	SDHAF4								True	yeast mito homolog++, Rickettsial homolog, mito protein domain+, induction, coexpression++, MS/MS	Matrix	True
Q5VV42	CDKAL1		Helical			True
Q5VV43	KIAA0319	Extracellular; Cytoplasmic	Helical		True	True		True
Q5VV63	ATRNL1	Extracellular; Cytoplasmic	Helical		True	True		True
Q5VW38	GPR107	Extracellular; Cytoplasmic	Helical		True	True		True
Q5VWC8	HACD4	Cytoplasmic; Lumenal	Helical			True		True
Q5VWK5	IL23R	Extracellular; Cytoplasmic	Helical		True	True		True
Q5VWZ2	LYPLAL1								True	mito protein domain, MS/MS++	unknown	True
Q5VX71	SUSD4	Extracellular; Cytoplasmic	Helical		True	True		True
Q5VXI9	LIPN				True
Q5VY43	PEAR1	Extracellular; Cytoplasmic	Helical		True	True		True
Q5VY80	RAET1L				True
Q5VYJ5	MALRD1	Vesicular; Cytoplasmic	Helical		True	True		True
Q5VYX0	RNLS				True
Q5VYY2	LIPM				True
Q5VZY2	PLPP4		Helical			True
Q5W0Z9	ZDHHC20	Cytoplasmic; Lumenal	Helical			True		True
Q5XKP0	MICOS13	Mitochondrial matrix; Mitochondrial intermembrane	Helical			True		True	True	induction, coexpression++, MS/MS++	MIM	True
Q5XXA6	ANO1	Cytoplasmic; Extracellular	Helical			True		True
Q5ZPR3	CD276	Extracellular; Cytoplasmic	Helical		True	True		True
Q63HQ2	EGFLAM				True
Q643R3	LPCAT4		Helical			True
Q658P3	STEAP3	Cytoplasmic; Vesicular	Helical			True		True
Q66K79	CPZ				True
Q674R7	ATG9B	Cytoplasmic; Lumenal	Helical			True	True	True
Q685J3	MUC17	Extracellular; Cytoplasmic	Helical		True	True		True
Q687X5	STEAP4		Helical			True
Q68CJ9	CREB3L3	Cytoplasmic; Lumenal	Helical; Signal-anchor for type II membrane protein			True		True
Q68CK6	ACSM2B								True	manual, targetP signal, mito protein domain	Matrix	True
Q68CP4	HGSNAT	Lumenal, vesicle; Cytoplasmic	Helical			True		True
Q68CQ1	MROH7		Helical			True
Q68D85	NCR3LG1	Extracellular; Cytoplasmic	Helical		True	True		True
Q68D91	MBLAC2											True
Q68DV7	RNF43	Extracellular; Cytoplasmic	Helical		True	True		True
Q68G75	LEMD1		Helical; Signal-anchor for type II membrane protein			True
Q69384	ERVK-6	Extracellular; Cytoplasmic	Helical		True	True		True
Q695T7	SLC6A19	Cytoplasmic; Extracellular	Helical			True		True
Q69YG0	TMEM42		Helical			True
Q6AI14	SLC9A4	Cytoplasmic; Extracellular	Helical	Name=A/M1; Name=B/M2; Name=L		True	True	True
Q6AZY7	SCARA3	Cytoplasmic; Extracellular	Helical; Signal-anchor for type II membrane protein			True		True
Q6BAA4	FCRLB				True
Q6DD88	ATL3	Cytoplasmic; Lumenal	Helical			True		True
Q6DKI7	PVRIG		Helical			True
Q6DKK2	TTC19								True	literature, APEX_IMS, targetP signal+, mito protein domain, induction, MS/MS+	MIM	True
Q6DN12	MCTP2		Helical			True
Q6DN14	MCTP1		Helical			True
Q6DN72	FCRL6	Extracellular; Cytoplasmic	Helical		True	True		True
Q6E0U4	DMKN				True
Q6E213	AWAT2		Helical			True
Q6EIG7	CLEC6A	Cytoplasmic; Extracellular	Helical; Signal-anchor for type II membrane protein			True		True
Q6EMK4	VASN	Extracellular; Cytoplasmic	Helical		True	True		True
Q6FHJ7	SFRP4				True
Q6GMR7	FAAH2		Helical			True
Q6GPH6	ITPRIPL1	Extracellular; Cytoplasmic	Helical		True	True		True
Q6GTS8	PM20D1				True
Q6GTX8	LAIR1	Extracellular; Cytoplasmic	Helical		True	True		True
Q6H3X3	RAET1G	Extracellular; Cytoplasmic	Helical		True	True		True
Q6HA08	ASTL				True
Q6IA17	SIGIRR	Extracellular; Cytoplasmic	Helical; Signal-anchor for type III membrane protein			True		True
Q6IB77	GLYAT								True	literature, mito protein domain, coexpression, MS/MS+	Matrix	True
Q6IC98	GRAMD4		Helical			True
Q6ICL7	SLC35E4		Helical			True
Q6IN84	MRM1								True	APEX_matrix, targetP signal+, yeast mito homolog++, Rickettsial homolog, mito protein domain+, induction, coexpression	Matrix	True
Q6IQ49	SDE2											True
Q6IS24	GALNT17	Cytoplasmic; Lumenal	Helical; Signal-anchor for type II membrane protein			True		True
Q6ISU1	PTCRA	Extracellular; Cytoplasmic	Helical		True	True		True
Q6IWH7	ANO7	Cytoplasmic; Extracellular	Helical			True		True
Q6J4K2	SLC8B1	Extracellular; Cytoplasmic	Helical		True	True		True	True	literature, mito protein domain, induction	MIM	True
Q6J9G0	STYK1		Helical			True
Q6JQN1	ACAD10								True	APEX_matrix, targetP signal+, mito protein domain+, coexpression, MS/MS++	Matrix	True
Q6KCM7	SLC25A25	Mitochondrial intermembrane; Mitochondrial matrix	Helical			True		True	True	literature, yeast mito homolog+, mito protein domain+, coexpression, MS/MS++	MIM	True
Q6KF10	GDF6				True
Q6L8Q7	PDE12								True	APEX_matrix, targetP signal, mito protein domain	Matrix	True
Q6L9W6	B4GALNT3	Cytoplasmic; Lumenal	Helical; Signal-anchor for type II membrane protein			True		True
Q6MZM0	HEPHL1	Extracellular; Cytoplasmic	Helical		True	True		True
Q6N022	TENM4	Cytoplasmic; Extracellular	Helical			True		True
Q6N075	SLC61A1		Helical			True
Q6NSJ0	MYORG	Cytoplasmic; Lumenal	Helical; Signal-anchor for type II membrane protein			True		True
Q6NSJ5	LRRC8E	Cytoplasmic; Extracellular	Helical			True		True
Q6NT16	SLC18B1	Cytoplasmic; Extracellular	Helical			True		True
Q6NT55	CYP4F22	Lumenal; Cytoplasmic	Helical			True		True
Q6NTF9	RHBDD2		Helical			True
Q6NUI2	GPAT2	Cytoplasmic; Mitochondrial intermembrane	Helical			True		True	True	manual 	MOM	True
Q6NUI6	CHADL				True
Q6NUJ2	C11orf87	Extracellular; Cytoplasmic	Helical		True	True		True
Q6NUK1	SLC25A24	Mitochondrial intermembrane; Mitochondrial matrix	Helical			True		True	True	literature, APEX_IMS, yeast mito homolog+, mito protein domain+, MS/MS++	MIM	True
Q6NUN0	ACSM5								True	literature, targetP signal+, Rickettsial homolog, mito protein domain, coexpression, MS/MS++	Matrix	True
Q6NUQ4	TMEM214		Helical			True
Q6NUS6	TCTN3	Extracellular; Cytoplasmic	Helical		True	True		True
Q6NUT2	DPY19L2	Nuclear; Perinuclear space	Helical			True		True
Q6NUT3	MFSD12	Cytoplasmic; Lumenal	Helical			True		True
Q6NVY1	HIBCH								True	literature, APEX_matrix, targetP signal+, yeast mito homolog+, mito protein domain, induction, coexpression, MS/MS++	Matrix	True
Q6NW40	RGMB				True
Q6NXT4	SLC30A6	Cytoplasmic; Extracellular	Helical			True		True
Q6NXT6	TAPT1		Helical			True
Q6P087	RPUSD3								True	APEX_matrix, targetP signal, yeast mito homolog++, Rickettsial homolog, mito protein domain, coexpression	Matrix	True
Q6P179	ERAP2	Cytoplasmic; Lumenal	Helical; Signal-anchor for type II membrane protein			True		True
Q6P1A2	LPCAT3		Helical			True
Q6P1J6	PLB1	Extracellular; Cytoplasmic	Helical		True	True		True
Q6P1K1	SLC48A1		Helical			True
Q6P1M0	SLC27A4		Helical			True
Q6P1N9	TATDN1											True
Q6P1Q0	LETMD1	Cytoplasmic; Mitochondrial intermembrane	Helical			True		True	True	GFP, targetP signal+, yeast mito homolog+, mito protein domain+, induction, coexpression, MS/MS++	Membrane	True
Q6P2H8	TMEM53		Helical			True
Q6P461	ACSM6											True
Q6P4A8	PLBD1				True
Q6P4F1	POFUT3	Cytoplasmic; Lumenal	Helical; Signal-anchor for type II membrane protein			True		True
Q6P4F2	FDX2								True	APEX_matrix, targetP signal, yeast mito homolog+, Rickettsial homolog, mito protein domain, coexpression, MS/MS	Matrix	True
Q6P4H8	ATPSCKMT		Helical			True			True	literature, coexpression	MIM	True
Q6P4Q7	CNNM4	Extracellular; Cytoplasmic	Helical	Helical		True	True	True
Q6P531	GGT6	Cytoplasmic; Extracellular	Helical; Signal-anchor for type II membrane protein			True		True
Q6P587	FAHD1								True	literature, APEX_matrix, mito protein domain, coexpression, MS/MS++	Matrix	True
Q6P5S7	RNASEK		Helical			True
Q6P5W5	SLC39A4	Extracellular; Cytoplasmic	Helical		True	True		True
Q6P5X5	C22orf39											True
Q6P988	NOTUM				True
Q6P9A2	GALNT18	Cytoplasmic; Lumenal	Helical; Signal-anchor for type II membrane protein			True		True
Q6P9B9	INTS5		Helical			True
Q6P9F7	LRRC8B	Cytoplasmic; Extracellular	Helical			True		True
Q6PCB0	VWA1				True
Q6PCB7	SLC27A1	Extracellular; Cytoplasmic	Helical			True		True
Q6PCB8	EMB	Extracellular; Cytoplasmic	Helical		True	True		True
Q6PEY1	TMEM88		Helical			True
Q6PHW0	IYD		Helical			True
Q6PI25	CNIH2	Cytoplasmic; Lumenal	Helical			True		True
Q6PI48	DARS2								True	APEX_matrix, targetP signal, yeast mito homolog++, Rickettsial homolog, mito protein domain, coexpression, MS/MS	Matrix	True
Q6PI78	TMEM65	Cytoplasmic; Extracellular	Helical			True		True	True	literature, APEX_matrix, targetP signal+, coexpression, MS/MS++	MIM	True
Q6PIU1	KCNV1	Cytoplasmic; Extracellular	Helical; Helical; Voltage-sensor			True		True
Q6PIU2	NCEH1	Cytoplasmic; Lumenal	Helical; Signal-anchor for type II membrane protein			True		True
Q6PIZ9	TRAT1	Extracellular; Cytoplasmic	Helical; Signal-anchor for type III membrane protein			True		True
Q6PJF5	RHBDF2	Cytoplasmic; Lumenal	Helical			True		True
Q6PJG9	LRFN4	Extracellular; Cytoplasmic	Helical		True	True		True
Q6PJW8	CNST	Cytoplasmic; Extracellular	Helical			True		True
Q6PKC3	TXNDC11		Helical			True
Q6PL45	BRICD5	Extracellular	Helical			True		True
Q6PML9	SLC30A9		Helical			True			True	APEX_matrix, targetP signal+, yeast mito homolog++, mito protein domain, induction, MS/MS	MIM	True
Q6PRD1	GPR179	Extracellular; Cytoplasmic	Helical		True	True		True
Q6PXP3	SLC2A7	Cytoplasmic; Extracellular	Helical			True		True
Q6Q0C1	SLC25A47		Helical			True			True	literature, yeast mito homolog+, mito protein domain+	MIM	True
Q6Q4G3	LVRN	Cytoplasmic; Lumenal	Helical; Signal-anchor for type II membrane protein			True		True
Q6Q788	APOA5				True
Q6QHC5	DEGS2		Helical			True
Q6QNK2	ADGRD1	Extracellular; Cytoplasmic	Helical		True	True		True
Q6RW13	AGTRAP	Extracellular; Cytoplasmic	Helical			True		True
Q6SZW1	SARM1											True
Q6TCH4	PAQR6	Cytoplasmic; Extracellular	Helical			True		True
Q6TCH7	PAQR3	Cytoplasmic; Lumenal	Helical			True		True
Q6U736	OPN5	Extracellular; Cytoplasmic	Helical			True		True
Q6U841	SLC4A10	Cytoplasmic; Extracellular	Helical			True		True
Q6UB28	METAP1D								True	literature, APEX_matrix, targetP signal, Rickettsial homolog, mito protein domain, coexpression	Matrix	True
Q6UB35	MTHFD1L								True	literature, APEX_matrix, targetP signal, yeast mito homolog+, Rickettsial homolog, mito protein domain, MS/MS++	Matrix	True
Q6UVK1	CSPG4	Extracellular; Cytoplasmic	Helical		True	True		True
Q6UVM3	KCNT2	Cytoplasmic; Extracellular	Helical	Pore-forming		True	True	True
Q6UVW9	CLEC2A	Cytoplasmic; Extracellular	Helical; Signal-anchor for type II membrane protein			True		True
Q6UVY6	MOXD1	Lumenal	Helical		True	True		True
Q6UW15	REG3G				True
Q6UW56	ATRAID	Extracellular; Cytoplasmic	Helical		True	True		True
Q6UW60	PCSK4		Helical		True	True
Q6UW63	POGLUT2				True
Q6UW68	TMEM205		Helical			True			True	yeast mito homolog, mito protein domain+, coexpression	Membrane
Q6UW78	UQCC3	Mitochondrial matrix; Mitochondrial intermembrane	Helical			True		True	True	literature, coexpression, MS/MS	MIM	True
Q6UW88	EPGN	Extracellular; Cytoplasmic	Helical		True	True		True
Q6UWB1	IL27RA	Extracellular; Cytoplasmic	Helical		True	True		True
Q6UWB4	PRSS55				True
Q6UWF3	SCIMP		Helical			True
Q6UWI2	PARM1	Extracellular; Cytoplasmic	Helical		True	True		True
Q6UWJ1	SLC9D1		Helical		True	True
Q6UWK7	GPR15LG				True
Q6UWL6	KIRREL2	Extracellular; Cytoplasmic	Helical		True	True		True
Q6UWN5	LYPD5				True
Q6UWP2	DHRS11				True
Q6UWP7	LCLAT1		Helical			True
Q6UWR7	ENPP6				True
Q6UWU4	C6orf89	Cytoplasmic; Extracellular	Helical			True		True
Q6UWV6	ENPP7	Extracellular; Cytoplasmic	Helical		True	True		True
Q6UWW8	CES3				True
Q6UWY0	ARSK				True
Q6UWY2	PRSS57				True
Q6UX01	LMBR1L	Extracellular; Cytoplasmic	Helical			True		True
Q6UX06	OLFM4				True
Q6UX15	LAYN	Extracellular; Cytoplasmic	Helical		True	True		True
Q6UX27	VSTM1	Extracellular; Cytoplasmic	Helical		True	True		True
Q6UX34	SNORC	Extracellular; Cytoplasmic	Helical		True	True		True
Q6UX39	AMTN				True
Q6UX40	TMEM107		Helical			True
Q6UX41	BTNL8	Extracellular; Cytoplasmic	Helical		True	True		True
Q6UX46	ALKAL2				True
Q6UX53	TMT1B				True
Q6UX65	DRAM2		Helical			True
Q6UX71	PLXDC2	Extracellular; Cytoplasmic	Helical		True	True		True
Q6UX98	ZDHHC24	Cytoplasmic; Extracellular	Helical			True		True
Q6UXB2	CXCL17				True
Q6UXB4	CLEC4G	Cytoplasmic; Extracellular	Helical; Signal-anchor for type II membrane protein			True		True
Q6UXB8	PI16				True
Q6UXD5	SEZ6L2	Extracellular; Cytoplasmic	Helical		True	True		True
Q6UXF1	TMEM108		Helical			True
Q6UXG2	ELAPOR1	Extracellular; Cytoplasmic	Helical		True	True		True
Q6UXG3	CD300LG	Extracellular; Cytoplasmic	Helical		True	True		True
Q6UXG8	BTNL9	Extracellular; Cytoplasmic	Helical		True	True		True
Q6UXH0	ANGPTL8				True
Q6UXH1	CRELD2				True
Q6UXH8	CCBE1				True
Q6UXI9	NPNT				True
Q6UXK2	ISLR2	Extracellular; Cytoplasmic	Helical		True	True		True
Q6UXL0	IL20RB	Extracellular; Cytoplasmic	Helical		True	True		True
Q6UXM1	LRIG3		Helical		True	True
Q6UXN8	CLEC9A	Cytoplasmic; Extracellular	Helical; Signal-anchor for type II membrane protein			True		True
Q6UXT8	ALKAL1				True
Q6UXV0	GFRAL	Extracellular; Cytoplasmic	Helical		True	True		True
Q6UXV4	APOOL	Mitochondrial intermembrane; Mitochondrial matrix	Helical			True		True	True	literature, yeast mito homolog, mito protein domain+, induction, coexpression++, MS/MS++	MIM	True
Q6UXX9	RSPO2				True
Q6UXZ0	TMIGD1	Extracellular; Cytoplasmic	Helical		True	True		True
Q6UXZ3	CD300LD	Extracellular; Cytoplasmic	Helical		True	True		True
Q6UXZ4	UNC5D	Extracellular; Cytoplasmic	Helical		True	True		True
Q6UY09	CEACAM20	Extracellular; Cytoplasmic	Helical		True	True		True
Q6UY14	ADAMTSL4				True
Q6V0I7	FAT4	Extracellular; Cytoplasmic	Helical		True	True		True
Q6V0L0	CYP26C1		Helical			True
Q6V1P9	DCHS2	Cytoplasmic; Extracellular	Helical			True		True
Q6VVX0	CYP2R1				True
Q6W4X9	MUC6				True
Q6W5P4	NPSR1	Extracellular; Cytoplasmic	Helical			True		True
Q6WN34	CHRDL2				True
Q6WRI0	IGSF10				True
Q6X4U4	SOSTDC1				True
Q6XPS3	TPTE2		Helical			True
Q6XR72	SLC30A10	Cytoplasmic; Extracellular	Helical			True		True
Q6XYQ8	SYT10	Vesicular; Cytoplasmic	Helical			True		True
Q6XZB0	LIPI				True
Q6Y1H2	HACD2	Cytoplasmic; Lumenal	Helical			True		True
Q6Y288	B3GLCT	Cytoplasmic; Lumenal	Helical; Signal-anchor for type II membrane protein			True		True
Q6YBV0	SLC36A4		Helical			True
Q6YHK3	CD109				True
Q6YN16	HSDL2								True	APEX_matrix, GFP, Rickettsial homolog, mito protein domain+, induction, coexpression+, MS/MS++	Matrix	True
Q6YP21	KYAT3								True	APEX_matrix, targetP signal, Rickettsial homolog, mito protein domain, MS/MS++	Matrix	True
Q6ZMB0	B3GNT6	Cytoplasmic; Lumenal	Helical; Signal-anchor for type II membrane protein			True		True
Q6ZMC9	SIGLEC15	Extracellular; Cytoplasmic	Helical		True	True		True
Q6ZMG9	CERS6	Lumenal; Cytoplasmic	Helical			True		True
Q6ZMH5	SLC39A5	Extracellular; Cytoplasmic	Helical		True	True		True
Q6ZMI3	GLDN	Cytoplasmic; Extracellular	Helical; Signal-anchor for type II membrane protein			True		True
Q6ZMJ2	SCARA5	Cytoplasmic; Extracellular	Helical; Signal-anchor for type II membrane protein			True		True
Q6ZMJ4	IL34				True
Q6ZMM2	ADAMTSL5				True
Q6ZMP0	THSD4				True
Q6ZMQ8	AATK		Helical			True
Q6ZMR5	TMPRSS11A	Cytoplasmic; Extracellular	Helical; Signal-anchor for type II membrane protein			True		True
Q6ZMZ0	RNF19B		Helical			True
Q6ZMZ3	SYNE3	Cytoplasmic; Perinuclear space	Helical; Anchor for type IV membrane protein			True		True
Q6ZN44	UNC5A	Extracellular; Cytoplasmic	Helical		True	True		True
Q6ZNB7	AGMO		Helical			True
Q6ZNC8	MBOAT1		Helical			True
Q6ZP29	SLC66A1	Lumenal; Cytoplasmic	Helical			True		True
Q6ZP80	TMEM182	Extracellular; Cytoplasmic	Helical		True	True		True
Q6ZPD8	DGAT2L6		Helical			True
Q6ZPD9	DPY19L3	Cytoplasmic; Lumenal	Helical	Name=3; Name=4		True	True	True
Q6ZQN7	SLCO4C1	Cytoplasmic; Extracellular	Helical			True		True
Q6ZRI0	OTOG				True
Q6ZRI8	ARHGAP36				True
Q6ZRP7	QSOX2		Helical		True	True
Q6ZS10	CLEC17A	Cytoplasmic; Extracellular	Helical; Signal-anchor for type II membrane protein			True		True
Q6ZSA7	LRRC55		Helical		True	True
Q6ZSJ9	SHISA6	Extracellular; Cytoplasmic	Helical		True	True		True
Q6ZSM3	SLC16A12	Cytoplasmic	Helical			True		True
Q6ZSS7	MFSD6		Helical			True
Q6ZSY5	PPP1R3F	Cytoplasmic; Extracellular	Helical			True		True
Q6ZT12	UBR3		Helical			True
Q6ZT21	TMPPE		Helical			True
Q6ZT89	SLC25A48		Helical			True			True	yeast mito homolog+, mito protein domain+	MIM
Q6ZTQ4	CDHR3	Extracellular; Cytoplasmic	Helical		True	True		True
Q6ZU64	CFAP65		Helical			True
Q6ZUX7	LHFPL2		Helical			True
Q6ZV29	PNPLA7	Lumenal; Cytoplasmic	Helical			True		True
Q6ZVE7	GOLT1A	Cytoplasmic; Lumenal	Helical			True		True
Q6ZVN8	HJV				True
Q6ZWK4	RHEX		Helical			True
Q6ZWL3	CYP4V2		Helical			True
Q6ZWT7	MBOAT2		Helical			True
Q6ZXV5	TMTC3	Cytoplasmic; Extracellular	Helical			True		True
Q709F0	ACAD11								True	mito protein domain+, induction, coexpression	MIM
Q70CQ3	USP30	Mitochondrial intermembrane; Cytoplasmic	Helical			True		True	True	literature, targetP signal, mito protein domain	MOM	True
Q70HW3	SLC25A26		Helical			True			True	literature, yeast mito homolog++, mito protein domain+, coexpression, MS/MS	MIM	True
Q70JA7	CHSY3	Cytoplasmic; Lumenal	Helical; Signal-anchor for type II membrane protein			True		True
Q70SY1	CREB3L2	Cytoplasmic; Lumenal	Helical; Signal-anchor for type II membrane protein			True		True
Q70UQ0	IKBIP		Helical			True
Q70Z44	HTR3D	Extracellular; Cytoplasmic	Helical		True	True		True
Q71H61	ILDR2	Lumenal; Cytoplasmic	Helical		True	True		True
Q71RG4	TMUB2		Helical			True
Q71RS6	SLC24A5	Extracellular; Cytoplasmic	Helical		True	True		True
Q75N90	FBN3				True
Q75T13	PGAP1	Cytoplasmic; Lumenal	Helical			True		True
Q75V66	ANO5	Cytoplasmic; Extracellular	Helical			True		True
Q76EJ3	SLC35D2	Cytoplasmic; Extracellular	Helical			True		True
Q76LX8	ADAMTS13				True
Q76MJ5	ERN2	Lumenal; Cytoplasmic	Helical		True	True		True
Q7KYR7	BTN2A1	Extracellular; Cytoplasmic	Helical		True	True		True
Q7KZF4	SND1								True	GFP, yeast mito homolog, mito protein domain	unknown
Q7KZN9	COX15	Mitochondrial matrix; Mitochondrial intermembrane	Helical			True		True	True	literature, targetP signal, yeast mito homolog++, Rickettsial homolog, mito protein domain+, coexpression++, MS/MS	MIM	True
Q7L0J3	SV2A	Cytoplasmic; Extracellular	Helical			True		True
Q7L0X0	TRIL	Extracellular; Cytoplasmic	Helical		True	True		True
Q7L0Y3	TRMT10C								True	literature, APEX_matrix, GFP, targetP signal+, mito protein domain, coexpression	Matrix	True
Q7L1I2	SV2B	Cytoplasmic; Extracellular	Helical			True		True
Q7L1S5	CHST9	Cytoplasmic; Lumenal	Helical; Signal-anchor for type II membrane protein			True		True
Q7L1W4	LRRC8D	Cytoplasmic; Extracellular	Helical			True		True
Q7L2E3	DHX30								True	literature, mito protein domain	Matrix	True
Q7L3V2	RTL10								True	manual, targetP signal	MOM
Q7L4E1	MIGA2		Helical			True			True	literature, coexpression	MOM	True
Q7L513	FCRLA				True
Q7L592	NDUFAF7								True	APEX_matrix, GFP, targetP signal, Rickettsial homolog, mito protein domain+, coexpression, MS/MS	MIM	True
Q7L5A8	FA2H		Helical			True
Q7L5L3	GDPD3	Cytoplasmic; Extracellular	Helical			True		True
Q7L5N7	LPCAT2	Cytoplasmic; Lumenal	Helical; Signal-anchor for type II membrane protein			True		True
Q7L5Y1	ENOSF1											True
Q7L7V1	DHX32											True
Q7L8L6	FASTKD5								True	APEX_matrix, targetP signal, coexpression	Matrix	True
Q7LBE3	SLC26A9	Cytoplasmic; Extracellular	Helical	Helical		True	True	True
Q7LFX5	CHST15	Cytoplasmic; Lumenal	Helical; Signal-anchor for type II membrane protein			True		True
Q7LGA3	HS2ST1	Cytoplasmic; Lumenal	Helical; Signal-anchor for type II membrane protein			True		True
Q7LGC8	CHST3	Cytoplasmic; Lumenal	Helical; Signal-anchor for type II membrane protein			True		True
Q7RTM1	OTOP1	Cytoplasmic; Extracellular	Helical			True		True
Q7RTP0	NIPA1	Extracellular; Cytoplasmic	Helical			True		True
Q7RTS5	OTOP3	Cytoplasmic; Extracellular	Helical			True		True
Q7RTT9	SLC29A4	Extracellular; Cytoplasmic	Helical			True		True
Q7RTW8	OTOA				True
Q7RTX0	TAS1R3	Extracellular; Cytoplasmic	Helical		True	True		True
Q7RTX1	TAS1R1	Extracellular; Cytoplasmic	Helical		True	True		True
Q7RTX7	CATSPER4	Cytoplasmic; Extracellular	Helical	Helical; Pore-forming		True	True	True
Q7RTY0	SLC16A13	Cytoplasmic	Helical			True		True
Q7RTY1	SLC16A9	Cytoplasmic	Helical			True		True
Q7RTZ1	OVCH2				True
Q7Z2D5	PLPPR4		Helical			True
Q7Z2H8	SLC36A1	Cytoplasmic; Extracellular	Helical			True		True
Q7Z2K6	ERMP1	Cytoplasmic; Lumenal	Helical			True		True
Q7Z2W7	TRPM8	Cytoplasmic; Extracellular	Helical	Pore-forming		True	True	True
Q7Z3B1	NEGR1				True
Q7Z3C6	ATG9A	Cytoplasmic; Lumenal	Helical			True	True	True
Q7Z3D4	LYSMD3	Extracellular; Cytoplasmic	Helical			True		True
Q7Z3D6	DGLUCY								True	literature, APEX_matrix, targetP signal, coexpression, MS/MS++	Matrix	True
Q7Z3F1	GPR155	Lumenal; Cytoplasmic	Helical; Discontinuously helical			True		True
Q7Z3J2	VPS35L		Helical			True
Q7Z3Q1	SLC46A3	Extracellular; Cytoplasmic	Helical		True	True		True
Q7Z3S7	CACNA2D4	Extracellular; Cytoplasmic	Helical		True	True		True
Q7Z403	TMC6	Lumenal; Cytoplasmic	Helical			True		True
Q7Z407	CSMD3	Cytoplasmic; Extracellular	Helical			True		True
Q7Z408	CSMD2	Extracellular; Cytoplasmic	Helical			True		True
Q7Z410	TMPRSS9	Cytoplasmic; Extracellular	Helical; Signal-anchor for type II membrane protein			True		True
Q7Z412	PEX26	Cytoplasmic; Peroxisomal matrix	Helical; Signal-anchor for type II membrane protein			True		True
Q7Z418	KCNK18	Cytoplasmic	Helical	Pore-forming		True	True	True
Q7Z419	RNF144B		Helical			True
Q7Z429	GRINA		Helical			True
Q7Z434	MAVS	Cytoplasmic; Mitochondrial intermembrane	Helical			True		True	True	literature, induction, coexpression+, MS/MS	MOM	True
Q7Z442	PKD1L2	Extracellular; Cytoplasmic	Helical		True	True		True
Q7Z443	PKD1L3	Extracellular; Cytoplasmic	Helical		True	True		True
Q7Z449	CYP2U1		Helical			True
Q7Z4F1	LRP10	Extracellular; Cytoplasmic	Helical		True	True		True
Q7Z4G4	TRMT11											True
Q7Z4H4	ADM2				True
Q7Z4H8	POGLUT3				True
Q7Z4N2	TRPM1	Cytoplasmic; Extracellular	Helical			True		True
Q7Z4N8	P4HA3				True
Q7Z4P5	GDF7				True
Q7Z4T8	GALNTL5	Cytoplasmic; Lumenal	Helical; Signal-anchor for type II membrane protein			True		True
Q7Z4W1	DCXR								True	APEX_matrix, targetP signal, Rickettsial homolog, mito protein domain	Matrix	True
Q7Z5A7	TAFA5				True
Q7Z5B4	RIC3	Lumenal; Cytoplasmic	Helical		True	True		True
Q7Z5J1	HSD11B1L				True
Q7Z5L7	PODN				True
Q7Z5N4	SDK1	Extracellular; Cytoplasmic	Helical		True	True		True
Q7Z5P4	HSD17B13				True
Q7Z5P9	MUC19				True
Q7Z5Y6	BMP8A				True
Q7Z602	GPR141	Extracellular; Cytoplasmic	Helical			True		True
Q7Z695	ADCK2		Helical			True			True	GFP, targetP signal, yeast mito homolog, Rickettsial homolog, mito protein domain	MIM	True
Q7Z6A9	BTLA	Extracellular; Cytoplasmic	Helical		True	True		True
Q7Z6J6	FRMD5		Helical			True
Q7Z6L0	PRRT2	Cytoplasmic; Extracellular	Helical	Helical		True	True	True
Q7Z6M3	MILR1	Extracellular; Cytoplasmic	Helical		True	True		True
Q7Z6M4	MTERF4								True	APEX_matrix, targetP signal, mito protein domain+, coexpression	Matrix	True
Q7Z769	SLC35E3		Helical			True
Q7Z7B1	PIGW	Lumenal; Cytoplasmic	Helical			True		True
Q7Z7D3	VTCN1	Extracellular; Cytoplasmic	Helical		True	True		True
Q7Z7G0	ABI3BP				True
Q7Z7H5	TMED4	Lumenal; Cytoplasmic	Helical		True	True		True
Q7Z7H8	MRPL10								True	literature, APEX_matrix, targetP signal, yeast mito homolog++, Rickettsial homolog, mito protein domain, coexpression+, MS/MS++	Matrix	True
Q7Z7M0	MEGF8	Extracellular; Cytoplasmic	Helical		True	True		True
Q7Z7M8	B3GNT8	Cytoplasmic; Lumenal	Helical; Signal-anchor for type II membrane protein			True		True
Q7Z7M9	GALNT5	Cytoplasmic; Lumenal	Helical; Signal-anchor for type II membrane protein			True		True
Q7Z7N9	TMEM179B		Helical			True
Q86SF2	GALNT7	Cytoplasmic; Lumenal	Helical; Signal-anchor for type II membrane protein			True		True
Q86SJ2	AMIGO2	Extracellular; Cytoplasmic	Helical		True	True		True
Q86SJ6	DSG4	Extracellular; Cytoplasmic	Helical		True	True		True
Q86SK9	SCD5	Cytoplasmic; Lumenal	Helical			True		True
Q86SM8	MRGPRE	Extracellular; Cytoplasmic	Helical			True		True
Q86SQ3	ADGRE4P	Extracellular; Cytoplasmic	Helical		True	True		True
Q86SQ4	ADGRG6	Extracellular; Cytoplasmic	Helical		True	True		True
Q86SQ6	ADGRA1	Extracellular; Cytoplasmic	Helical			True		True
Q86SR1	GALNT10	Cytoplasmic; Lumenal	Helical; Signal-anchor for type II membrane protein			True		True
Q86SS6	SYT9	Vesicular; Cytoplasmic	Helical			True		True
Q86SU0	ILDR1	Extracellular; Cytoplasmic	Helical		True	True		True
Q86SX6	GLRX5								True	literature, APEX_matrix, yeast mito homolog+, Rickettsial homolog, mito protein domain, coexpression, MS/MS+	Matrix	True
Q86T03	PIP4P1		Helical			True
Q86T13	CLEC14A	Extracellular; Cytoplasmic	Helical		True	True		True
Q86T26	TMPRSS11B	Cytoplasmic; Extracellular	Helical; Signal-anchor for type II membrane protein			True		True
Q86T96	RNF180	Cytoplasmic; Extracellular	Helical			True		True
Q86TG1	TMEM150A	Cytoplasmic; Extracellular	Helical			True		True
Q86TH1	ADAMTSL2				True
Q86TL2	STIMATE	Cytoplasmic	Helical			True		True
Q86TM6	SYVN1	Cytoplasmic; Lumenal	Helical			True		True
Q86TS9	MRPL52								True	literature, APEX_matrix, targetP signal, coexpression, MS/MS	Matrix	True
Q86TW2	ADCK1								True	yeast mito homolog+, Rickettsial homolog, mito protein domain, MS/MS	unknown	True
Q86TX2	ACOT1											True
Q86TY3	ARMH4	Extracellular; Cytoplasmic	Helical		True	True		True
Q86U28	ISCA2								True	APEX_matrix, targetP signal+, yeast mito homolog++, Rickettsial homolog, mito protein domain+, induction, coexpression, MS/MS++	Matrix	True
Q86U90	YRDC								True	manual, targetP signal+, Rickettsial homolog	Matrix	True
Q86UB9	TMEM135		Helical			True
Q86UD3	MARCHF3		Helical			True
Q86UD5	SLC9B2	Cytoplasmic; Extracellular	Helical			True		True				True
Q86UE4	MTDH	Lumenal; Cytoplasmic	Helical			True		True
Q86UE6	LRRTM1	Extracellular; Cytoplasmic	Helical		True	True		True
Q86UF1	TSPAN33	Cytoplasmic; Extracellular	Helical			True		True
Q86UG4	SLCO6A1	Cytoplasmic; Extracellular	Helical			True		True
Q86UK0	ABCA12		Helical			True
Q86UK5	EVC2	Extracellular; Cytoplasmic	Helical		True	True		True
Q86UL3	GPAT4		Helical		True	True
Q86UN2	RTN4RL1				True
Q86UN3	RTN4RL2				True
Q86UP0	CDH24	Extracellular; Cytoplasmic	Helical		True	True		True
Q86UP2	KTN1	Cytoplasmic; Lumenal	Helical; Signal-anchor for type II membrane protein			True		True
Q86UQ4	ABCA13		Helical			True
Q86UT6	NLRX1								True	APEX_matrix, targetP signal, MS/MS	Matrix	True
Q86UU9	TAC4				True
Q86UW1	SLC51A	Extracellular; Cytoplasmic	Helical			True		True
Q86UW2	SLC51B	Extracellular; Cytoplasmic	Helical			True		True
Q86UX2	ITIH5				True
Q86V24	ADIPOR2	Cytoplasmic; Extracellular	Helical			True		True
Q86V40	TRABD2A	Extracellular; Cytoplasmic	Helical		True	True		True
Q86VB7	CD163	Extracellular; Cytoplasmic	Helical		True	True		True
Q86VD7	SLC25A42		Helical			True			True	literature, yeast mito homolog+, mito protein domain+, induction, coexpression, MS/MS++	MIM	True
Q86VD9	PIGZ		Helical			True
Q86VE9	SERINC5	Extracellular; Cytoplasmic	Helical			True		True
Q86VF5	MOGAT3		Helical			True
Q86VH5	LRRTM3	Extracellular; Cytoplasmic	Helical		True	True		True
Q86VI4	LAPTM4B		Helical			True
Q86VL8	SLC47A2	Cytoplasmic; Extracellular	Helical			True		True
Q86VR2	RETREG3	Cytoplasmic; Lumenal	Helical			True		True
Q86VW1	SLC22A16		Helical			True
Q86VZ1	P2RY8	Extracellular; Cytoplasmic	Helical			True		True
Q86VZ5	SGMS1	Cytoplasmic; Lumenal	Helical			True		True
Q86W10	CYP4Z1	Cytoplasmic; Lumenal	Helical; Signal-anchor for type II membrane protein			True		True
Q86W47	KCNMB4	Cytoplasmic; Extracellular	Helical			True		True
Q86W74	ANKRD46		Helical			True
Q86WA6	BPHL				True				True	targetP signal+, Rickettsial homolog, mito protein domain, coexpression, MS/MS++	Matrix	True
Q86WA9	SLC26A11	Extracellular; Cytoplasmic	Helical			True		True
Q86WB7	UNC93A		Helical			True
Q86WC4	OSTM1	Lumenal; Cytoplasmic	Helical		True	True		True
Q86WD7	SERPINA9				True
Q86WI1	PKHD1L1	Extracellular; Cytoplasmic	Helical		True	True		True
Q86WK6	AMIGO1	Extracellular; Cytoplasmic	Helical		True	True		True
Q86WR0	CCDC25	Extracellular; Cytoplasmic	Helical			True		True
Q86WS5	TMPRSS12	Extracellular; Cytoplasmic	Helical		True	True		True
Q86WU2	LDHD								True	literature, yeast mito homolog+, mito protein domain, MS/MS++	MIM	True
Q86WV6	STING1	Cytoplasmic; Lumenal	Helical			True		True
Q86X29	LSR	Extracellular; Cytoplasmic	Helical			True		True
Q86X52	CHSY1	Cytoplasmic; Lumenal	Helical; Signal-anchor for type II membrane protein			True		True
Q86X67	NUDT13								True	GFP, targetP signal, mito protein domain, induction, coexpression, MS/MS	Matrix	True
Q86X76	NIT1								True	APEX_matrix, targetP signal, mito protein domain, coexpression, MS/MS++	Matrix	True
Q86XE3	MICU3								True	manual, targetP signal, mito protein domain, MS/MS	MIM	True
Q86XE5	HOGA1								True	GFP, targetP signal, Rickettsial homolog, mito protein domain, coexpression, MS/MS	Matrix	True
Q86XF0	DHFR2											True
Q86XJ0	CALHM3	Cytoplasmic; Extracellular	Helical			True		True
Q86XK7	VSIG1	Extracellular; Cytoplasmic	Helical		True	True		True
Q86XL3	ANKLE2	Lumenal; Cytoplasmic	Helical; Signal-anchor for type III membrane protein			True		True
Q86XM0	CATSPERD	Extracellular; Cytoplasmic	Helical		True	True		True
Q86XQ3	CATSPER3	Cytoplasmic; Extracellular	Helical	Helical; Pore-forming		True	True	True
Q86XS8	RNF130	Extracellular; Cytoplasmic	Helical		True	True		True
Q86XX4	FRAS1	Extracellular; Cytoplasmic	Helical		True	True		True
Q86Y07	VRK2		Helical; Anchor for type IV membrane protein			True
Q86Y34	ADGRG3	Extracellular; Cytoplasmic	Helical		True	True		True
Q86Y38	XYLT1	Cytoplasmic; Lumenal	Helical; Signal-anchor for type II membrane protein			True		True
Q86Y39	NDUFA11		Helical			True			True	literature, APEX_IMS, mito protein domain+, induction, MS/MS++	MIM	True
Q86Y78	LYPD6				True
Q86Y82	STX12	Cytoplasmic; Vesicular	Helical; Anchor for type IV membrane protein			True		True
Q86YB8	ERO1B				True
Q86YC3	NRROS	Extracellular; Cytoplasmic	Helical		True	True		True
Q86YD3	TMEM25	Extracellular; Cytoplasmic	Helical		True	True		True
Q86YD5	LDLRAD3	Extracellular; Cytoplasmic	Helical		True	True		True
Q86YH6	PDSS2								True	literature, APEX_matrix, targetP signal, yeast mito homolog+, Rickettsial homolog, mito protein domain, coexpression+	MIM	True
Q86YJ5	MARCHF9		Helical			True
Q86YL7	PDPN	Extracellular; Cytoplasmic	Helical		True	True		True
Q86YT5	SLC13A5	Cytoplasmic; Extracellular	Helical; Discontinuously helical	Discontinuously helical		True	True	True
Q86YT9	JAML	Extracellular; Cytoplasmic	Helical		True	True		True
Q86YW5	TREML1	Extracellular; Cytoplasmic	Helical		True	True		True
Q86YW7	GPHB5				True
Q86Z14	KLB	Extracellular; Cytoplasmic	Helical			True		True
Q86Z23	C1QL4				True
Q8IU54	IFNL1				True
Q8IU57	IFNLR1	Extracellular; Cytoplasmic	Helical		True	True		True
Q8IU68	TMC8	Cytoplasmic; Lumenal	Helical			True		True
Q8IU80	TMPRSS6	Cytoplasmic; Extracellular	Helical; Signal-anchor for type II membrane protein			True		True
Q8IU89	CERS3	Cytoplasmic	Helical			True		True
Q8IU99	CALHM1	Cytoplasmic; Extracellular	Helical			True		True
Q8IUA7	ABCA9		Helical			True			True	GFP, yeast mito homolog, Rickettsial homolog, mito protein domain	Membrane
Q8IUC8	GALNT13	Cytoplasmic; Lumenal	Helical; Signal-anchor for type II membrane protein			True		True
Q8IUH4	ZDHHC13	Cytoplasmic; Lumenal	Helical			True		True
Q8IUH5	ZDHHC17	Cytoplasmic; Lumenal	Helical			True		True
Q8IUH8	SPPL2C	Lumenal; Cytoplasmic	Helical		True	True		True
Q8IUK5	PLXDC1	Extracellular; Cytoplasmic	Helical		True	True		True
Q8IUN9	CLEC10A	Cytoplasmic; Extracellular	Helical; Signal-anchor for type II membrane protein			True		True
Q8IUR5	TMTC1	Cytoplasmic; Extracellular	Helical			True		True
Q8IUW5	RELL1	Extracellular; Cytoplasmic	Helical		True	True		True
Q8IUX1	TMEM126B		Helical			True			True	targetP signal, mito protein domain+, MS/MS	MIM	True
Q8IUX7	AEBP1				True
Q8IUX8	EGFL6				True
Q8IUY3	GRAMD2A		Helical			True
Q8IV08	PLD3	Cytoplasmic; Lumenal	Helical; Signal-anchor for type II membrane protein			True		True
Q8IV16	GPIHBP1				True
Q8IV31	TMEM139	Extracellular; Cytoplasmic	Helical		True	True		True
Q8IV45	UNC5CL	Extracellular; Cytoplasmic	Helical; Signal-anchor for type III membrane protein			True		True
Q8IV77	CNGA4	Cytoplasmic; Extracellular	Helical			True		True
Q8IVB4	SLC9A9	Lumenal; Cytoplasmic	Helical			True		True
Q8IVH4	MMAA								True	manual, coexpression+	Matrix	True
Q8IVJ1	SLC41A1		Helical			True
Q8IVL5	P3H2				True
Q8IVL6	P3H3				True
Q8IVL8	CPO				True
Q8IVM8	SLC22A9	Cytoplasmic; Extracellular	Helical			True		True
Q8IVP5	FUNDC1	Cytoplasmic; Mitochondrial intermembrane	Helical			True		True	True	yeast mito homolog, mito protein domain+, MS/MS	MOM	True
Q8IVQ6	ZDHHC21	Cytoplasmic; Extracellular	Helical			True		True
Q8IVS2	MCAT								True	literature, APEX_matrix, targetP signal, yeast mito homolog++, Rickettsial homolog, mito protein domain, coexpression, MS/MS++	Matrix	True
Q8IVS8	GLYCTK								True	targetP signal+, coexpression, MS/MS+	Matrix	True
Q8IVW8	SPNS2		Helical			True
Q8IW00	VSTM4	Extracellular; Cytoplasmic	Helical		True	True		True
Q8IW45	NAXD								True	GFP, targetP signal, mito protein domain, MS/MS++	MIM	True
Q8IW52	SLITRK4	Extracellular; Cytoplasmic	Helical		True	True		True
Q8IW75	SERPINA12				True
Q8IWA4	MFN1	Cytoplasmic; Mitochondrial intermembrane	Helical			True		True	True	literature, yeast mito homolog++, mito protein domain+, induction, coexpression, MS/MS+	MOM	True
Q8IWA5	SLC44A2	Cytoplasmic; Extracellular	Helical			True		True
Q8IWB1	ITPRIP	Extracellular; Cytoplasmic	Helical		True	True		True
Q8IWF2	FOXRED2				True
Q8IWK6	ADGRA3	Extracellular; Cytoplasmic	Helical		True	True		True
Q8IWL1	SFTPA2				True
Q8IWL2	SFTPA1				True
Q8IWL3	HSCB								True	APEX_matrix, GFP, targetP signal, yeast mito homolog++, Rickettsial homolog, mito protein domain, MS/MS	Matrix	True
Q8IWR1	TRIM59		Helical			True
Q8IWT1	SCN4B	Extracellular; Cytoplasmic	Helical		True	True		True
Q8IWT6	LRRC8A	Cytoplasmic; Extracellular	Helical			True		True
Q8IWU2	LMTK2	Cytoplasmic; Lumenal	Helical			True		True
Q8IWU4	SLC30A8	Cytoplasmic; Lumenal, vesicle	Helical			True		True
Q8IWU5	SULF2				True
Q8IWU6	SULF1				True
Q8IWV1	LAX1	Extracellular; Cytoplasmic	Helical; Signal-anchor for type III membrane protein			True		True
Q8IWV2	CNTN4				True
Q8IWW8	ADHFE1								True	targetP signal+, yeast mito homolog++, mito protein domain, coexpression, MS/MS++	Matrix	True
Q8IWX5	SGPP2		Helical			True
Q8IWY4	SCUBE1				True
Q8IWY9	CDAN1		Helical			True
Q8IX05	CD302	Extracellular; Cytoplasmic	Helical		True	True		True
Q8IX19	MCEMP1	Cytoplasmic; Extracellular	Helical; Signal-anchor for type II membrane protein			True		True
Q8IX30	SCUBE3				True
Q8IXA5	SPACA3	Cytoplasmic; Extracellular	Helical; Signal-anchor for type II membrane protein			True		True
Q8IXB1	DNAJC10				True
Q8IXB3	TRARG1	Cytoplasmic; Extracellular	Helical	Helical		True	True	True
Q8IXH8	CDH26	Extracellular; Cytoplasmic	Helical		True	True		True
Q8IXI1	RHOT2	Cytoplasmic; Mitochondrial intermembrane	Helical; Anchor for type IV membrane protein			True		True	True	literature, mito protein domain+, induction, coexpression	MOM	True
Q8IXI2	RHOT1	Cytoplasmic; Mitochondrial intermembrane	Helical; Anchor for type IV membrane protein			True		True	True	literature, mito protein domain+, MS/MS+	MOM	True
Q8IXJ6	SIRT2											True
Q8IXK2	GALNT12	Cytoplasmic; Lumenal	Helical; Signal-anchor for type II membrane protein			True		True
Q8IXL6	FAM20C	Cytoplasmic; Lumenal	Helical; Signal-anchor for type II membrane protein			True		True
Q8IXL7	MSRB3				True				True	literature, yeast mito homolog+, mito protein domain	unknown
Q8IXM3	MRPL41								True	literature, APEX_matrix, yeast mito homolog++, mito protein domain, induction, MS/MS++	Matrix	True
Q8IXM6	NRM	Nuclear; Perinuclear space	Helical			True		True
Q8IXQ9	ETFBKMT								True	literature, targetP signal	Matrix	True
Q8IXU6	SLC35F2	Cytoplasmic; Extracellular	Helical			True		True
Q8IY17	PNPLA6	Lumenal; Cytoplasmic	Helical			True		True
Q8IY26	PLPP6	Cytoplasmic; Lumenal	Helical			True		True
Q8IY34	SLC15A3	Cytoplasmic; Extracellular	Helical			True		True
Q8IY49	MMD2	Cytoplasmic; Lumenal	Helical			True		True
Q8IY95	TMEM192	Cytoplasmic; Lumenal	Helical			True		True
Q8IYB8	SUPV3L1								True	literature, APEX_matrix, targetP signal+, yeast mito homolog++, mito protein domain, induction, coexpression+, MS/MS+	Matrix	True
Q8IYJ0	PIANP	Extracellular; Cytoplasmic	Helical		True	True		True
Q8IYK4	COLGALT2				True
Q8IYL9	GPR65	Extracellular; Cytoplasmic	Helical			True		True
Q8IYP9	ZDHHC23	Cytoplasmic; Lumenal	Helical			True		True
Q8IYR6	TMEFF1	Extracellular; Cytoplasmic	Helical		True	True		True
Q8IYS5	OSCAR				True
Q8IYU8	MICU2								True	literature, APEX_IMS, GFP, targetP signal+, mito protein domain, MS/MS+	MIM	True
Q8IYV9	IZUMO1	Extracellular; Cytoplasmic	Helical		True	True		True
Q8IZ08	GPR135	Extracellular; Cytoplasmic	Helical			True		True
Q8IZ52	CHPF	Cytoplasmic; Lumenal	Helical; Signal-anchor for type II membrane protein			True		True
Q8IZ96	CMTM1		Helical			True
Q8IZA0	KIAA0319L	Cytoplasmic; Extracellular	Helical			True		True
Q8IZC6	COL27A1				True
Q8IZD6	SLC22A15		Helical			True
Q8IZF0	NALCN	Cytoplasmic; Extracellular	Helical; Helical; Voltage-sensor	Pore-forming		True	True	True
Q8IZF2	ADGRF5	Extracellular; Cytoplasmic	Helical		True	True		True
Q8IZF3	ADGRF4	Extracellular; Cytoplasmic	Helical		True	True		True
Q8IZF4	ADGRG5	Extracellular; Cytoplasmic	Helical		True	True		True
Q8IZF5	ADGRF3	Extracellular; Cytoplasmic	Helical		True	True		True
Q8IZF6	ADGRG4	Extracellular; Cytoplasmic	Helical		True	True		True
Q8IZF7	ADGRF2P	Extracellular; Cytoplasmic	Helical			True		True
Q8IZI9	IFNL3				True
Q8IZJ0	IFNL2				True
Q8IZJ1	UNC5B	Extracellular; Cytoplasmic	Helical		True	True		True
Q8IZJ3	CPAMD8				True
Q8IZK6	MCOLN2	Cytoplasmic; Extracellular	Helical	Pore-forming		True	True	True
Q8IZN3	ZDHHC14	Cytoplasmic; Lumenal	Helical			True		True
Q8IZP9	ADGRG2	Extracellular; Cytoplasmic	Helical		True	True		True
Q8IZR5	CMTM4		Helical			True
Q8IZS8	CACNA2D3	Extracellular; Cytoplasmic	Helical		True	True		True
Q8IZT8	HS3ST5	Cytoplasmic; Lumenal	Helical; Signal-anchor for type II membrane protein			True		True
Q8IZU9	KIRREL3	Extracellular; Cytoplasmic	Helical		True	True		True
Q8IZV5	RDH10		Helical; Signal-anchor			True
Q8IZW8	TNS4				True
Q8IZY2	ABCA7	Extracellular	Helical			True		True
Q8J025	APCDD1	Extracellular; Cytoplasmic	Helical		True	True		True
Q8N0U8	VKORC1L1	Cytoplasmic; Lumenal	Helical			True		True
Q8N0V3	RBFA								True	APEX_matrix, targetP signal+, Rickettsial homolog, coexpression	Matrix	True
Q8N0V5	GCNT2	Cytoplasmic; Lumenal	Helical; Signal-anchor for type II membrane protein			True		True
Q8N0W4	NLGN4X	Extracellular; Cytoplasmic	Helical		True	True		True
Q8N0X4	CLYBL								True	APEX_matrix, targetP signal+, induction, coexpression+, MS/MS++	Matrix	True
Q8N104	DEFB106A; DEFB106B				True
Q8N114	SHISA5	Extracellular; Cytoplasmic	Helical		True	True		True
Q8N119	MMP21				True
Q8N126	CADM3	Extracellular; Cytoplasmic	Helical		True	True		True
Q8N130	SLC34A3	Cytoplasmic; Extracellular	Helical			True		True
Q8N131	TMEM123	Extracellular; Cytoplasmic	Helical		True	True		True
Q8N135	LGI4				True
Q8N138	ORMDL3	Cytoplasmic; Lumenal	Helical			True		True
Q8N139	ABCA6		Helical			True
Q8N144	GJD3	Cytoplasmic; Extracellular	Helical			True		True
Q8N145	LGI3				True
Q8N149	LILRA2	Extracellular; Cytoplasmic	Helical		True	True		True
Q8N158	GPC2				True
Q8N159	NAGS								True	literature, targetP signal, yeast mito homolog++, mito protein domain+, MS/MS	Matrix	True
Q8N183	NDUFAF2								True	literature, APEX_matrix, induction, coexpression, MS/MS++	MIM	True
Q8N1C3	GABRG1	Extracellular; Cytoplasmic	Helical		True	True		True
Q8N1M1	BEST3	Cytoplasmic; Extracellular	Helical			True		True
Q8N1N2	DYNAP	Cytoplasmic; Extracellular	Helical; Signal-anchor for type II membrane protein			True		True
Q8N1Q8	THEM5								True	literature, targetP signal, mito protein domain	Matrix	True
Q8N201	INTS1		Helical			True
Q8N205	SYNE4	Cytoplasmic; Perinuclear space	Helical; Anchor for type IV membrane protein			True		True
Q8N271	PROM2	Extracellular; Cytoplasmic	Helical		True	True		True
Q8N2A8	PLD6	Mitochondrial intermembrane; Cytoplasmic	Helical			True		True	True	literature, Rickettsial homolog, mito protein domain	MOM	True
Q8N2C7	UNC80		Helical			True
Q8N2E6	TOR2A				True
Q8N2F6	ARMC10		Helical			True			True	GFP, MS/MS	MOM	True
Q8N2G4	LYPD1				True
Q8N2G8	GHDC				True
Q8N2H4	SYS1		Helical			True
Q8N2K0	ABHD12	Cytoplasmic; Extracellular	Helical			True		True
Q8N2K1	UBE2J2	Cytoplasmic; Lumenal	Helical; Anchor for type IV membrane protein			True		True
Q8N2M4	TMEM86A	Cytoplasmic; Extracellular	Helical			True		True
Q8N2Q7	NLGN1	Extracellular; Cytoplasmic	Helical		True	True		True
Q8N2S1	LTBP4				True
Q8N2U9	SLC66A2		Helical			True
Q8N307	MUC20				True
Q8N350	CBARP	Extracellular; Cytoplasmic	Helical; Signal-anchor for type III membrane protein			True		True
Q8N357	SLC35F6		Helical		True	True
Q8N370	SLC43A2		Helical			True
Q8N386	LRRC25	Extracellular; Cytoplasmic	Helical		True	True		True
Q8N387	MUC15	Extracellular; Cytoplasmic	Helical		True	True		True
Q8N394	TMTC2	Extracellular; Cytoplasmic	Helical			True		True
Q8N3G9	TMEM130	Extracellular; Cytoplasmic	Helical		True	True		True
Q8N3J2	METTL4								True	literature	Matrix
Q8N3J5	PPM1K								True	literature, targetP signal+, mito protein domain	Matrix	True
Q8N3J6	CADM2	Extracellular; Cytoplasmic	Helical		True	True		True
Q8N3T1	GALNT15	Cytoplasmic; Lumenal	Helical; Signal-anchor for type II membrane protein			True		True
Q8N3Y3	LARGE2	Cytoplasmic; Lumenal	Helical; Signal-anchor for type II membrane protein			True		True
Q8N3Y7	SDR16C5		Helical			True
Q8N423	LILRB2	Extracellular; Cytoplasmic	Helical		True	True		True
Q8N428	GALNT16	Cytoplasmic; Lumenal	Helical; Signal-anchor for type II membrane protein			True		True
Q8N441	FGFRL1	Extracellular; Cytoplasmic	Helical		True	True		True
Q8N465	D2HGDH								True	literature, APEX_matrix, targetP signal, yeast mito homolog++, mito protein domain	Matrix	True
Q8N474	SFRP1				True
Q8N490	PNKD								True	literature, targetP signal, mito protein domain, MS/MS	MIM	True
Q8N4A0	GALNT4	Cytoplasmic; Lumenal	Helical; Signal-anchor for type II membrane protein			True		True
Q8N4E7	FTMT								True	literature, targetP signal+, mito protein domain, MS/MS	Matrix	True
Q8N4F0	BPIFB2				True
Q8N4F4	SLC22A24		Helical			True
Q8N4H5	TOMM5	Cytoplasmic; Mitochondrial intermembrane	Helical			True		True	True	literature, mito protein domain+, MS/MS++	MOM	True
Q8N4L1	TMEM151A		Helical			True
Q8N4L2	PIP4P2		Helical			True
Q8N4M1	SLC44A3		Helical			True
Q8N4Q1	CHCHD4								True	literature, APEX_IMS, yeast mito homolog++, mito protein domain, induction, coexpression, MS/MS+	IMS	True
Q8N4S7	PAQR4		Helical			True
Q8N4S9	MARVELD2	Cytoplasmic; Extracellular	Helical			True		True
Q8N4T0	CPA6				True
Q8N4T8	CBR4								True	literature, APEX_matrix, Rickettsial homolog, mito protein domain, induction, coexpression+, MS/MS++	Matrix	True
Q8N4V1	MMGT1	Cytoplasmic; Lumenal	Helical			True		True
Q8N511	VMA12		Helical			True
Q8N539	FIBCD1	Cytoplasmic; Extracellular	Helical; Signal-anchor for type II membrane protein			True		True
Q8N573	OXR1								True	literature, yeast mito homolog+, mito protein domain, MS/MS	MOM	True
Q8N5B7	CERS5	Lumenal; Cytoplasmic	Helical			True		True
Q8N5C1	CALHM5	Cytoplasmic; Extracellular	Helical			True		True
Q8N5D6	GBGT1	Cytoplasmic; Lumenal	Helical; Signal-anchor for type II membrane protein			True		True
Q8N5G0	SMIM20	Mitochondrial matrix; Mitochondrial intermembrane	Helical			True		True	True	literature, coexpression, MS/MS	MIM	True
Q8N5G2	MACO1		Helical			True
Q8N5K1	CISD2	Lumenal; Cytoplasmic	Helical			True		True
Q8N5M1	ATPAF2								True	literature, targetP signal, yeast mito homolog++, mito protein domain+, induction, coexpression, MS/MS	Matrix	True
Q8N5M9	JAGN1	Cytoplasmic; Lumenal	Helical			True		True
Q8N5Y8	PARP16	Cytoplasmic; Lumenal	Helical			True		True
Q8N5Z0	AADAT								True	targetP signal, Rickettsial homolog, mito protein domain, coexpression, MS/MS++	Matrix	True
Q8N608	DPP10	Cytoplasmic; Extracellular	Helical; Signal-anchor for type II membrane protein			True		True
Q8N609	TRAM1L1	Cytoplasmic; Lumenal	Helical			True		True
Q8N661	TMEM86B	Cytoplasmic; Extracellular	Helical			True		True
Q8N682	DRAM1		Helical			True
Q8N695	SLC5A8	Extracellular; Cytoplasmic	Helical			True		True
Q8N697	SLC15A4	Cytoplasmic; Extracellular	Helical			True		True
Q8N6C5	IGSF1	Extracellular; Cytoplasmic	Helical		True	True		True
Q8N6C8	LILRA3				True
Q8N6D2	RNF182		Helical			True
Q8N6F1	CLDN19	Cytoplasmic; Extracellular	Helical			True		True
Q8N6G5	CSGALNACT2	Cytoplasmic; Lumenal	Helical; Signal-anchor for type II membrane protein			True		True
Q8N6G6	ADAMTSL1				True
Q8N6I4	LYSET		Helical			True
Q8N6K0	TEX29	Extracellular; Cytoplasmic	Helical			True		True
Q8N6L0	KASH5	Cytoplasmic; Perinuclear space	Helical; Anchor for type IV membrane protein			True		True
Q8N6L1	KRTCAP2	Lumenal; Cytoplasmic	Helical			True		True
Q8N6M3	FITM2	Cytoplasmic; Lumenal	Helical			True		True
Q8N6P7	IL22RA1	Extracellular; Cytoplasmic	Helical		True	True		True
Q8N6Q3	CD177				True
Q8N6R1	SERP2		Helical			True
Q8N6U8	GPR161	Extracellular; Cytoplasmic	Helical			True		True
Q8N729	NPW				True
Q8N743	KIR3DL3	Extracellular; Cytoplasmic	Helical		True	True		True
Q8N766	EMC1	Lumenal; Cytoplasmic	Helical		True	True		True
Q8N7C0	LRRC52	Extracellular; Cytoplasmic	Helical		True	True		True
Q8N807	PDILT				True
Q8N8N0	RNF152		Helical			True
Q8N8Q8	COX18	Mitochondrial intermembrane; Mitochondrial matrix	Helical			True		True	True	literature, targetP signal, yeast mito homolog+, Rickettsial homolog, mito protein domain, coexpression	MIM	True
Q8N8R3	SLC25A29		Helical			True			True	literature, yeast mito homolog+, mito protein domain+, MS/MS++	MIM	True
Q8N8U9	BMPER				True
Q8N907	DAND5				True
Q8N912	NRAC		Helical			True
Q8N966	ZDHHC22	Cytoplasmic; Lumenal	Helical			True		True
Q8N983	MRPL43								True	literature, targetP signal+, yeast mito homolog++, mito protein domain, induction, coexpression, MS/MS++	Matrix	True
Q8N9A8	CNEP1R1		Helical			True
Q8N9F0	NAT8L		Helical			True			True	literature	Membrane
Q8N9F7	GDPD1	Extracellular; Cytoplasmic	Helical			True		True
Q8N9H9	CIROZ				True
Q8N9I0	SYT2	Vesicular; Cytoplasmic	Helical			True		True
Q8N9I5	FADS6		Helical			True
Q8N9M5	TMEM102	Extracellular; Cytoplasmic	Helical			True		True
Q8N9R8	SCAI		Helical			True
Q8NA29	MFSD2A	Cytoplasmic; Extracellular	Helical			True		True
Q8NA58	PNLDC1		Helical			True
Q8NAC3	IL17RC	Extracellular; Cytoplasmic	Helical		True	True		True
Q8NAN2	MIGA1		Helical			True			True	literature	MOM	True
Q8NAT1	POMGNT2	Cytoplasmic; Lumenal	Helical; Signal-anchor for type II membrane protein			True		True
Q8NAU1	FNDC5		Helical			True
Q8NB49	ATP11C	Cytoplasmic; Extracellular	Helical			True		True
Q8NB59	SYT14	Extracellular; Cytoplasmic	Helical; Signal-anchor for type III membrane protein			True		True
Q8NBD8	TMEM229B	Cytoplasmic; Extracellular	Helical			True		True
Q8NBI2	CYB561A3	Cytoplasmic; Lumenal	Helical			True		True
Q8NBI3	DRAXIN				True
Q8NBI5	SLC43A3		Helical			True
Q8NBI6	XXYLT1	Cytoplasmic; Lumenal	Helical; Signal-anchor for type II membrane protein			True		True
Q8NBJ4	GOLM1	Cytoplasmic; Lumenal	Helical; Signal-anchor for type II membrane protein			True		True
Q8NBJ5	COLGALT1				True
Q8NBJ7	SUMF2				True
Q8NBJ9	SIDT2	Extracellular; Cytoplasmic	Helical		True	True		True
Q8NBK3	SUMF1				True
Q8NBL1	POGLUT1				True
Q8NBM4	UBAC2	Extracellular; Cytoplasmic	Helical		True	True		True
Q8NBN3	TMEM87A	Lumenal; Cytoplasmic	Helical		True	True		True
Q8NBN7	RDH13								True	yeast mito homolog+, Rickettsial homolog, mito protein domain, induction, MS/MS	MIM	True
Q8NBP7	PCSK9				True
Q8NBQ5	HSD17B11				True
Q8NBQ7	AQP11	Cytoplasmic; Lumenal	Helical			True		True
Q8NBS3	SLC4A11	Cytoplasmic; Extracellular	Helical			True		True
Q8NBS9	TXNDC5				True
Q8NBU5	ATAD1	Mitochondrial intermembrane; Cytoplasmic	Helical			True		True	True	yeast mito homolog++, Rickettsial homolog, mito protein domain, coexpression, MS/MS++	MOM	True
Q8NBV8	SYT8	Extracellular; Cytoplasmic	Helical; Signal-anchor for type III membrane protein			True		True
Q8NBW4	SLC38A9	Cytoplasmic; Lumenal	Helical			True		True
Q8NBZ7	UXS1	Cytoplasmic; Lumenal	Helical; Signal-anchor for type II membrane protein			True		True
Q8NC01	CLEC1A	Cytoplasmic; Extracellular	Helical; Signal-anchor for type II membrane protein			True		True
Q8NC24	RELL2		Helical			True
Q8NC42	RNF149		Helical		True	True
Q8NC44	RETREG2		Helical			True
Q8NC56	LEMD2		Helical			True
Q8NC60	NOA1								True	literature, APEX_matrix, targetP signal+, yeast mito homolog++, mito protein domain, coexpression	MIM	True
Q8NC67	NETO2	Extracellular; Cytoplasmic	Helical		True	True		True
Q8NCC3	PLA2G15				True
Q8NCC5	SLC37A3		Helical			True
Q8NCG5	CHST4	Cytoplasmic; Lumenal	Helical; Signal-anchor for type II membrane protein			True		True
Q8NCG7	DAGLB	Cytoplasmic; Extracellular	Helical			True		True
Q8NCH0	CHST14	Cytoplasmic; Lumenal	Helical; Signal-anchor for type II membrane protein			True		True
Q8NCK7	SLC16A11	Cytoplasmic	Helical			True		True
Q8NCL4	GALNT6	Cytoplasmic; Lumenal	Helical; Signal-anchor for type II membrane protein			True		True
Q8NCM2	KCNH5	Cytoplasmic; Extracellular	Helical; Helical; Voltage-sensor	Pore-forming		True	True	True
Q8NCR0	B3GALNT2	Cytoplasmic; Lumenal	Helical; Signal-anchor for type II membrane protein			True		True
Q8NCS7	SLC44A5	Cytoplasmic; Extracellular	Helical			True		True
Q8NCU8	MTLN	Mitochondrial matrix; Mitochondrial intermembrane	Helical			True		True
Q8NCW0	KREMEN2	Extracellular; Cytoplasmic	Helical		True	True		True
Q8NCW5	NAXE								True	APEX_matrix, targetP signal, mito protein domain, coexpression, MS/MS++	Matrix	True
Q8NCW6	GALNT11	Cytoplasmic; Lumenal	Helical; Signal-anchor for type II membrane protein			True		True
Q8NDV1	ST6GALNAC3	Cytoplasmic; Lumenal	Helical; Signal-anchor for type II membrane protein			True		True
Q8NDX2	SLC17A8	Cytoplasmic; Vesicular	Helical			True		True
Q8NDZ4	DIPK2A				True
Q8NE01	CNNM3		Helical			True
Q8NE79	POPDC1	Extracellular; Cytoplasmic	Helical			True		True
Q8NE86	MCU	Mitochondrial matrix; Mitochondrial intermembrane	Helical			True		True	True	literature, GFP, mito protein domain+, MS/MS++	MIM	True
Q8NEB5	PLPP5	Cytoplasmic; Extracellular	Helical			True		True
Q8NEC5	CATSPER1	Cytoplasmic; Extracellular	Helical	Helical; Pore-forming		True	True	True
Q8NEN9	PDZD8		Helical			True
Q8NER1	TRPV1	Cytoplasmic; Extracellular	Helical	Pore-forming		True	True	True
Q8NER5	ACVR1C	Extracellular; Cytoplasmic	Helical		True	True		True
Q8NES3	LFNG	Cytoplasmic; Lumenal	Helical; Signal-anchor for type II membrane protein			True		True
Q8NET5	NFAM1	Extracellular; Cytoplasmic	Helical		True	True		True
Q8NET6	CHST13	Cytoplasmic; Lumenal	Helical; Signal-anchor for type II membrane protein			True		True
Q8NET8	TRPV3	Cytoplasmic; Extracellular	Helical	Pore-forming		True	True	True
Q8NEV9	IL27				True
Q8NEW0	SLC30A7	Cytoplasmic; Lumenal	Helical			True		True
Q8NF37	LPCAT1	Cytoplasmic; Lumenal	Helical; Signal-anchor for type II membrane protein			True		True
Q8NF91	SYNE1	Cytoplasmic; Perinuclear space	Helical; Anchor for type IV membrane protein			True		True
Q8NFB2	TMEM185A		Helical			True
Q8NFF2	SLC24A4	Extracellular; Cytoplasmic	Helical		True	True		True
Q8NFF5	FLAD1								True	APEX_matrix, targetP signal, mito protein domain, induction, coexpression	Matrix	True
Q8NFJ5	GPRC5A	Extracellular; Cytoplasmic	Helical			True		True
Q8NFJ6	PROKR2	Extracellular; Cytoplasmic	Helical			True		True
Q8NFL0	B3GNT7	Cytoplasmic; Lumenal	Helical; Signal-anchor for type II membrane protein			True		True
Q8NFM4	ADCY4	Cytoplasmic; Extracellular	Helical			True		True
Q8NFM7	IL17RD	Extracellular; Cytoplasmic	Helical		True	True		True
Q8NFN8	GPR156	Extracellular; Cytoplasmic	Helical			True		True
Q8NFP4	MDGA1				True
Q8NFQ8	TOR1AIP2	Cytoplasmic; Lumenal	Helical			True		True
Q8NFR3	SPTSSB	Cytoplasmic; Lumenal	Helical			True		True
Q8NFR9	IL17RE	Extracellular; Cytoplasmic	Helical		True	True		True
Q8NFT2	STEAP2		Helical			True
Q8NFT8	DNER	Extracellular; Cytoplasmic	Helical		True	True		True
Q8NFU0	BEST4	Cytoplasmic; Extracellular	Helical			True		True
Q8NFU1	BEST2	Cytoplasmic; Extracellular	Helical			True		True
Q8NFU3	TSTD1								True	Rickettsial homolog, mito protein domain, MS/MS	unknown
Q8NFV4	ABHD11								True	literature, APEX_matrix, targetP signal+, yeast mito homolog++, Rickettsial homolog, mito protein domain, coexpression+, MS/MS++	Matrix	True
Q8NFY4	SEMA6D	Extracellular; Cytoplasmic	Helical		True	True		True
Q8NFZ3	NLGN4Y	Extracellular; Cytoplasmic	Helical		True	True		True
Q8NFZ4	NLGN2	Extracellular; Cytoplasmic	Helical		True	True		True
Q8NFZ8	CADM4	Extracellular; Cytoplasmic	Helical		True	True		True
Q8NG11	TSPAN14	Cytoplasmic; Extracellular	Helical			True		True
Q8NG98	OR7D4	Extracellular; Cytoplasmic	Helical			True		True
Q8NGI8	OR5AN1	Extracellular; Cytoplasmic	Helical			True		True
Q8NHC4	OR10J5	Extracellular; Cytoplasmic	Helical			True		True
Q8NHE4	ATP6V0E2	Lumenal; Cytoplasmic	Helical			True		True
Q8NHH9	ATL2	Cytoplasmic; Lumenal	Helical			True		True
Q8NHJ6	LILRB4	Extracellular; Cytoplasmic	Helical		True	True		True
Q8NHL6	LILRB1	Extracellular; Cytoplasmic	Helical		True	True		True
Q8NHP6	MOSPD2	Cytoplasmic	Helical; Anchor for type IV membrane protein			True		True
Q8NHP8	PLBD2				True
Q8NHS1	CLDND2		Helical			True
Q8NHS3	MFSD8	Cytoplasmic; Extracellular	Helical			True		True
Q8NHU3	SGMS2	Cytoplasmic; Lumenal	Helical			True		True
Q8NHW4	CCL4L1; CCL4L2				True
Q8NHX9	TPCN2	Cytoplasmic; Extracellular	Helical	Helical; Pore-forming		True	True	True
Q8NHY0	B4GALNT2	Cytoplasmic; Lumenal	Helical; Signal-anchor for type II membrane protein			True		True
Q8NI17	IL31RA	Extracellular; Cytoplasmic	Helical		True	True		True
Q8NI22	MCFD2				True
Q8NI37	PPTC7								True	APEX_matrix, yeast mito homolog, mito protein domain+, induction, coexpression, MS/MS++	Matrix	True
Q8NI60	COQ8A		Helical			True			True	literature, APEX_matrix, yeast mito homolog+, Rickettsial homolog, mito protein domain, induction, coexpression+, MS/MS++	MIM	True
Q8TAA9	VANGL1	Cytoplasmic; Extracellular	Helical			True		True
Q8TAB3	PCDH19	Extracellular; Cytoplasmic	Helical		True	True		True
Q8TAC9	SCAMP5	Cytoplasmic; Extracellular	Helical			True		True
Q8TAD2	IL17D				True
Q8TAD4	SLC30A5	Cytoplasmic; Lumenal	Helical			True		True
Q8TAE7	KCNG3	Cytoplasmic; Extracellular	Helical; Helical; Voltage-sensor	Helical		True	True	True
Q8TAE8	GADD45GIP1								True	APEX_matrix, GFP, targetP signal, coexpression+, MS/MS++	Matrix	True
Q8TAF8	LHFPL5	Cytoplasmic; Extracellular	Helical			True		True
Q8TAG5	VSTM2A				True
Q8TAM2	TTC8											True
Q8TAT2	FGFBP3				True
Q8TAV3	CYP2W1				True
Q8TAX7	MUC7				True
Q8TAX9	GSDMB		Beta stranded			True
Q8TAZ6	CMTM2		Helical			True
Q8TB36	GDAP1		Helical			True			True	APEX_IMS, mito protein domain, MS/MS++	MOM	True
Q8TB37	NUBPL								True	literature, targetP signal, Rickettsial homolog, mito protein domain, coexpression+, MS/MS+	Matrix	True
Q8TB61	SLC35B2		Helical			True
Q8TB68	PRR7	Extracellular; Cytoplasmic	Helical; Signal-anchor for type III membrane protein			True		True
Q8TB73	NDNF				True
Q8TBA6	GOLGA5	Cytoplasmic; Lumenal	Helical; Anchor for type IV membrane protein			True		True
Q8TBB6	SLC7A14		Helical			True
Q8TBE1	CNIH3	Cytoplasmic; Lumenal	Helical			True		True
Q8TBE3	FNDC9		Helical			True
Q8TBE7	SLC35G2	Cytoplasmic; Extracellular	Helical			True		True
Q8TBF2	PRXL2B											True
Q8TBG9	SYNPR	Cytoplasmic; Vesicular	Helical			True		True
Q8TBJ4	PLPPR1		Helical			True
Q8TBM7	TMEM254		Helical			True
Q8TBM8	DNAJB14	Cytoplasmic; Lumenal	Helical			True		True
Q8TBP5	FAM174A	Extracellular; Cytoplasmic	Helical		True	True		True
Q8TC12	RDH11	Cytoplasmic	Helical; Signal-anchor for type II membrane protein			True		True
Q8TC26	TMEM163	Cytoplasmic; Extracellular	Helical			True		True
Q8TC27	ADAM32	Extracellular; Cytoplasmic	Helical		True	True		True
Q8TC36	SUN5	Nuclear; Perinuclear space	Helical			True		True
Q8TC41	RNF217		Helical			True
Q8TC71	SPATA18											True
Q8TCC7	SLC22A8	Cytoplasmic; Extracellular	Helical			True		True
Q8TCD5	NT5C											True
Q8TCG5	CPT1C	Cytoplasmic; Lumenal	Helical			True		True	True	literature, yeast mito homolog+, mito protein domain	MOM
Q8TCJ2	STT3B	Cytoplasmic; Lumenal	Helical			True		True
Q8TCQ1	MARCHF1		Helical			True
Q8TCS8	PNPT1								True	literature, APEX_matrix, targetP signal, Rickettsial homolog, mito protein domain	Matrix|IMS	True
Q8TCT6	SPPL3	Lumenal; Cytoplasmic	Helical			True		True
Q8TCT7	SPPL2B	Lumenal; Cytoplasmic	Helical		True	True		True
Q8TCT8	SPPL2A	Lumenal; Cytoplasmic	Helical		True	True		True
Q8TCT9	HM13	Lumenal; Cytoplasmic	Helical			True		True
Q8TCU3	SLC7A13	Cytoplasmic; Extracellular	Helical			True		True
Q8TCU5	GRIN3A	Extracellular; Cytoplasmic	Helical	Discontinuously helical	True	True	True	True
Q8TCY5	MRAP		Helical			True
Q8TCZ2	CD99L2	Extracellular; Cytoplasmic	Helical		True	True		True
Q8TD06	AGR3				True
Q8TD07	RAET1E	Extracellular; Cytoplasmic	Helical		True	True		True
Q8TD22	SFXN5		Helical			True			True	literature, mito protein domain+, MS/MS++	MIM	True
Q8TD30	GPT2								True	APEX_matrix, targetP signal, Rickettsial homolog, mito protein domain, MS/MS++	Matrix	True
Q8TD43	TRPM4	Cytoplasmic; Extracellular	Helical	Pore-forming		True	True	True
Q8TD46	CD200R1	Extracellular; Cytoplasmic	Helical		True	True		True
Q8TD84	DSCAML1	Extracellular; Cytoplasmic	Helical		True	True		True
Q8TDB4	MGARP	Cytoplasmic; Mitochondrial intermembrane	Helical; Anchor for type IV membrane protein			True		True	True	literature, APEX_IMS, targetP signal, coexpression	Membrane	True
Q8TDB8	SLC2A14	Cytoplasmic; Extracellular	Helical			True		True
Q8TDD5	MCOLN3	Cytoplasmic; Extracellular	Helical	Pore-forming		True	True	True
Q8TDE3	RNASE8				True
Q8TDF5	NETO1	Extracellular; Cytoplasmic	Helical		True	True		True
Q8TDI7	TMC2	Cytoplasmic; Extracellular	Helical			True		True
Q8TDI8	TMC1	Cytoplasmic; Extracellular	Helical			True		True
Q8TDL5	BPIFB1				True
Q8TDM5	SPACA4				True
Q8TDN1	KCNG4	Cytoplasmic; Extracellular	Helical; Helical; Voltage-sensor	Helical		True	True	True
Q8TDN2	KCNV2	Cytoplasmic; Extracellular	Helical; Helical; Voltage-sensor	Pore-forming		True	True	True
Q8TDN7	ACER1	Lumenal; Cytoplasmic	Helical			True		True
Q8TDQ0	HAVCR2	Extracellular; Cytoplasmic	Helical		True	True		True
Q8TDQ1	CD300LF	Extracellular; Cytoplasmic	Helical		True	True		True
Q8TDS4	HCAR2	Extracellular; Cytoplasmic	Helical			True		True
Q8TDS5	OXER1	Extracellular; Cytoplasmic	Helical			True		True
Q8TDS7	MRGPRD	Extracellular; Cytoplasmic	Helical			True		True
Q8TDT2	GPR152	Extracellular; Cytoplasmic	Helical			True		True
Q8TDU6	GPBAR1	Extracellular; Cytoplasmic	Helical			True		True
Q8TDV0	GPR151	Extracellular; Cytoplasmic	Helical			True		True
Q8TDW0	LRRC8C	Cytoplasmic; Extracellular	Helical			True		True
Q8TDW7	FAT3	Extracellular; Cytoplasmic	Helical		True	True		True
Q8TDX6	CSGALNACT1	Cytoplasmic; Lumenal	Helical; Signal-anchor for type II membrane protein			True		True
Q8TDX9	PKD1L1	Extracellular; Cytoplasmic	Helical			True		True
Q8TE23	TAS1R2	Extracellular; Cytoplasmic	Helical		True	True		True
Q8TE54	SLC26A7	Cytoplasmic; Extracellular	Helical			True		True
Q8TE56	ADAMTS17				True
Q8TE57	ADAMTS16				True
Q8TE58	ADAMTS15				True
Q8TE59	ADAMTS19				True
Q8TE60	ADAMTS18				True
Q8TE99	PXYLP1	Cytoplasmic; Lumenal	Helical; Signal-anchor for type II membrane protein			True		True
Q8TEA8	DTD1											True
Q8TEB7	RNF128		Helical		True	True
Q8TEB9	RHBDD1	Cytoplasmic; Extracellular	Helical			True		True
Q8TED1	GPX8		Helical			True
Q8TED4	SLC37A2		Helical			True
Q8TEM1	NUP210	Perinuclear space; Cytoplasmic	Helical		True	True		True
Q8TEQ8	PIGO		Helical			True
Q8TER0	SNED1				True
Q8TEU8	WFIKKN2				True
Q8TEY5	CREB3L4	Cytoplasmic; Lumenal	Helical; Signal-anchor for type II membrane protein			True		True
Q8TEZ7	PAQR8	Cytoplasmic; Extracellular	Helical			True		True
Q8TF62	ATP8B4	Cytoplasmic; Exoplasmic loop	Helical			True		True
Q8TF66	LRRC15	Extracellular; Cytoplasmic	Helical		True	True		True
Q8TF71	SLC16A10	Cytoplasmic; Extracellular	Helical			True		True
Q8WTQ1	DEFB104A; DEFB104B				True
Q8WTR4	GDPD5	Cytoplasmic; Extracellular	Helical			True		True
Q8WTT0	CLEC4C	Cytoplasmic; Extracellular	Helical; Signal-anchor for type II membrane protein			True		True
Q8WTV0	SCARB1	Cytoplasmic; Extracellular	Helical			True		True
Q8WTX9	ZDHHC1	Cytoplasmic; Lumenal	Helical			True		True
Q8WU17	RNF139		Helical			True
Q8WU39	MZB1				True
Q8WU58	FAM222B											True
Q8WU66	TSPEAR				True
Q8WU67	ABHD3		Helical; Signal-anchor for type II membrane protein			True
Q8WUA8	TSKU				True
Q8WUD6	CHPT1	Cytoplasmic; Lumenal	Helical			True		True	True	targetP signal, mito protein domain, induction, coexpression+	MIM
Q8WUF8	ARB2A				True
Q8WUG5	SLC22A17		Helical			True
Q8WUJ3	CEMIP				True
Q8WUK0	PTPMT1								True	literature, APEX_matrix, mito protein domain, coexpression, MS/MS++	MIM	True
Q8WUM9	SLC20A1		Helical			True
Q8WUU8	TMEM174		Helical			True
Q8WUX1	SLC38A5	Cytoplasmic; Extracellular	Helical			True		True
Q8WV19	SFT2D1	Cytoplasmic; Lumenal	Helical			True		True
Q8WV74	NUDT8								True	APEX_matrix, mito protein domain, coexpression, MS/MS++	Matrix	True
Q8WV93	AFG1L								True	APEX_matrix, yeast mito homolog++, Rickettsial homolog, coexpression, MS/MS+	MIM	True
Q8WVE7	TMEM170A	Lumenal; Cytoplasmic	Helical			True		True
Q8WVM0	TFB1M								True	literature, APEX_matrix, Rickettsial homolog, mito protein domain, MS/MS+	Matrix	True
Q8WVN6	SECTM1	Extracellular; Cytoplasmic	Helical		True	True		True
Q8WVP7	LMBR1	Extracellular; Cytoplasmic	Helical			True		True
Q8WVQ1	CANT1	Cytoplasmic; Lumenal	Helical; Signal-anchor for type II membrane protein			True		True
Q8WVV5	BTN2A2	Extracellular; Cytoplasmic	Helical		True	True		True
Q8WVX3	ARLN		Helical			True
Q8WVX9	FAR1	Cytoplasmic; Peroxisomal	Helical			True		True
Q8WVZ1	ZDHHC19		Helical			True
Q8WVZ7	RNF133		Helical			True
Q8WW34	TMEM239		Helical			True
Q8WW43	APH1B		Helical			True
Q8WWA0	ITLN1				True
Q8WWB7	GLMP	Lumenal; Cytoplasmic	Helical		True	True		True
Q8WWC4	MAIP1								True	GFP, targetP signal, induction, coexpression, MS/MS+	Matrix	True
Q8WWF3	SSMEM1		Helical			True
Q8WWF5	ZNRF4	Lumenal; Cytoplasmic	Helical		True	True		True
Q8WWG9	KCNE4	Extracellular; Cytoplasmic	Helical			True		True
Q8WWH5	TRUB1											True
Q8WWI1	LMO7											True
Q8WWI5	SLC44A1	Cytoplasmic; Mitochondrial intermembrane	Helical			True		True
Q8WWP7	GIMAP1	Cytoplasmic; Lumenal	Helical; Anchor for type IV membrane protein			True		True
Q8WWQ2	HPSE2				True
Q8WWQ8	STAB2	Extracellular; Cytoplasmic	Helical		True	True		True
Q8WWR8	NEU4								True	GFP, targetP signal	MOM
Q8WWT9	SLC13A3	Cytoplasmic; Extracellular	Helical; Discontinuously helical	Discontinuously helical		True	True	True
Q8WWU5	TCP11		Helical			True
Q8WWV3	RTN4IP1								True	literature, APEX_matrix, targetP signal, yeast mito homolog, mito protein domain, induction, coexpression++, MS/MS++	Matrix	True
Q8WWV6	FCAMR	Extracellular; Cytoplasmic	Helical		True	True		True
Q8WWX8	SLC5A11	Extracellular; Cytoplasmic	Helical			True		True
Q8WWX9	SELENOM				True
Q8WWY8	LIPH				True
Q8WWZ4	ABCA10		Helical			True
Q8WWZ7	ABCA5		Helical			True
Q8WWZ8	OIT3				True
Q8WXA8	HTR3C	Extracellular; Cytoplasmic	Helical		True	True		True
Q8WXD0	RXFP2	Extracellular; Cytoplasmic	Helical			True		True
Q8WXD2	SCG3				True
Q8WXF3	RLN3				True
Q8WXF7	ATL1	Cytoplasmic; Lumenal	Helical			True		True
Q8WXG9	ADGRV1	Extracellular; Cytoplasmic	Helical		True	True		True
Q8WXH0	SYNE2	Cytoplasmic; Perinuclear space	Helical; Anchor for type IV membrane protein			True		True
Q8WXH2	JPH3	Cytoplasmic	Helical; Anchor for type IV membrane protein			True		True
Q8WXI4	ACOT11								True	literature, targetP signal, mito protein domain, coexpression	Matrix
Q8WXI7	MUC16	Extracellular; Cytoplasmic	Helical			True		True
Q8WXI8	CLEC4D	Cytoplasmic; Extracellular	Helical; Signal-anchor for type II membrane protein			True		True
Q8WXS5	CACNG8		Helical			True
Q8WXS8	ADAMTS14				True
Q8WY07	SLC7A3	Cytoplasmic; Extracellular	Helical			True		True
Q8WY21	SORCS1	Lumenal; Cytoplasmic	Helical		True	True		True
Q8WY98	TMEM234		Helical			True
Q8WYQ3	CHCHD10								True	literature, targetP signal, yeast mito homolog+, mito protein domain, induction, coexpression++	IMS	True
Q8WZ04	TOMT		Helical			True
Q8WZ55	BSND	Cytoplasmic; Extracellular	Helical			True		True
Q8WZ59	TMEM190	Extracellular; Cytoplasmic	Helical		True	True		True
Q8WZ75	ROBO4				True
Q8WZ82	OVCA2											True
Q8WZA1	POMGNT1	Cytoplasmic; Lumenal	Helical; Signal-anchor for type II membrane protein			True		True
Q92185	ST8SIA1	Cytoplasmic; Lumenal	Helical; Signal-anchor for type II membrane protein			True		True
Q92186	ST8SIA2	Cytoplasmic; Lumenal	Helical; Signal-anchor for type II membrane protein			True		True
Q92187	ST8SIA4	Cytoplasmic; Lumenal	Helical; Signal-anchor for type II membrane protein			True		True
Q92478	CLEC2B	Cytoplasmic; Extracellular	Helical; Signal-anchor for type II membrane protein			True		True
Q92482	AQP3	Cytoplasmic; Extracellular	Helical	Discontinuously helical		True	True	True
Q92484	SMPDL3A				True
Q92485	SMPDL3B				True
Q92496	CFHR4				True
Q92504	SLC39A7		Helical			True
Q92506	HSD17B8								True	APEX_matrix, targetP signal+, Rickettsial homolog, mito protein domain, coexpression, MS/MS++	Matrix	True
Q92508	PIEZO1	Cytoplasmic; Extracellular	Helical			True		True
Q92520	FAM3C				True
Q92521	PIGB		Helical			True
Q92523	CPT1B	Cytoplasmic; Mitochondrial intermembrane	Helical			True		True	True	literature, yeast mito homolog+, mito protein domain, MS/MS++	MOM
Q92535	PIGC		Helical			True
Q92536	SLC7A6	Cytoplasmic; Extracellular	Helical			True		True
Q92537	SUSD6	Extracellular; Cytoplasmic	Helical		True	True		True
Q92542	NCSTN	Extracellular; Cytoplasmic	Helical		True	True		True
Q92544	TM9SF4	Extracellular; Cytoplasmic	Helical		True	True		True
Q92545	TMEM131	Lumenal; Cytoplasmic	Helical		True	True		True
Q92552	MRPS27								True	literature, APEX_matrix, targetP signal+, yeast mito homolog++, mito protein domain+, induction, coexpression+, MS/MS++	Matrix	True
Q92563	SPOCK2				True
Q92575	UBXN4	Cytoplasmic					True	True
Q92581	SLC9A6		Helical			True
Q92583	CCL17				True
Q92604	LPGAT1		Helical			True
Q92611	EDEM1	Cytoplasmic; Lumenal	Helical; Signal-anchor for type II membrane protein			True		True
Q92626	PXDN				True
Q92629	SGCD	Cytoplasmic; Extracellular	Helical; Signal-anchor for type II membrane protein			True		True
Q92633	LPAR1	Extracellular; Cytoplasmic	Helical			True		True
Q92637	FCGR1BP	Extracellular; Cytoplasmic	Helical		True	True		True
Q92643	PIGK	Lumenal; Cytoplasmic	Helical		True	True		True
Q92665	MRPS31								True	literature, APEX_matrix, targetP signal, induction, coexpression, MS/MS	Matrix	True
Q92667	AKAP1								True	literature, mito protein domain, induction, coexpression++, MS/MS+	MOM	True
Q92673	SORL1	Lumenal; Cytoplasmic	Helical		True	True		True
Q92685	ALG3		Helical			True
Q92692	NECTIN2	Extracellular; Cytoplasmic	Helical		True	True		True
Q92729	PTPRU	Extracellular; Cytoplasmic	Helical		True	True		True
Q92736	RYR2	Cytoplasmic	Helical	Pore-forming		True	True	True
Q92743	HTRA1				True
Q92752	TNR				True
Q92765	FRZB				True
Q92781	RDH5	Lumenal; Cytoplasmic	Helical			True		True
Q92791	P3H4				True
Q92806	KCNJ9	Cytoplasmic; Extracellular	Helical	Helical; Pore-forming; Pore-forming		True	True	True
Q92813	DIO2	Lumenal; Cytoplasmic	Helical; Signal-anchor for type III membrane protein			True		True
Q92819	HAS2	Cytoplasmic; Extracellular	Helical			True		True
Q92820	GGH				True
Q92823	NRCAM	Extracellular; Cytoplasmic	Helical		True	True		True
Q92824	PCSK5	Extracellular; Cytoplasmic	Helical		True	True		True
Q92832	NELL1				True
Q92838	EDA	Cytoplasmic; Extracellular	Helical; Signal-anchor for type II membrane protein			True		True
Q92839	HAS1	Cytoplasmic; Extracellular	Helical			True		True
Q92843	BCL2L2								True	literature, mito protein domain	MOM	True
Q92847	GHSR	Extracellular; Cytoplasmic	Helical			True		True
Q92854	SEMA4D	Extracellular; Cytoplasmic	Helical		True	True		True
Q92859	NEO1	Extracellular; Cytoplasmic	Helical		True	True		True
Q92874	DNASE1L2				True
Q92876	KLK6				True
Q92887	ABCC2	Extracellular; Cytoplasmic	Helical			True		True
Q92896	GLG1	Extracellular; Cytoplasmic	Helical		True	True		True
Q92903	CDS1		Helical			True
Q92911	SLC5A5	Extracellular; Cytoplasmic	Helical; Discontinuously helical			True		True
Q92932	PTPRN2	Extracellular; Cytoplasmic	Helical		True	True		True
Q92934	BAD								True	literature, mito protein domain	MOM	True
Q92935	EXTL1	Cytoplasmic; Lumenal	Helical; Signal-anchor for type II membrane protein			True		True
Q92947	GCDH								True	literature, APEX_matrix, targetP signal+, mito protein domain+, coexpression, MS/MS++	Matrix	True
Q92952	KCNN1		Helical	Pore-forming		True	True
Q92953	KCNB2	Cytoplasmic; Extracellular	Helical; Helical; Voltage-sensor	Helical		True	True	True
Q92954	PRG4				True
Q92956	TNFRSF14	Extracellular; Cytoplasmic	Helical		True	True		True
Q92959	SLCO2A1	Cytoplasmic; Extracellular	Helical			True		True
Q92968	PEX13	Peroxisomal matrix; Cytoplasmic	Helical			True		True
Q92982	NINJ1	Extracellular; Cytoplasmic	Helical			True		True
Q93033	CD101	Extracellular; Cytoplasmic	Helical		True	True		True
Q93038	TNFRSF25	Extracellular; Cytoplasmic	Helical		True	True		True
Q93050	ATP6V0A1	Cytoplasmic; Vacuolar	Helical			True		True
Q93063	EXT2	Cytoplasmic; Lumenal	Helical; Signal-anchor for type II membrane protein			True		True
Q93070	ART4				True
Q93084	ATP2A3	Cytoplasmic; Lumenal	Helical			True		True
Q93086	P2RX5	Cytoplasmic; Extracellular	Helical			True		True
Q93091	RNASE6				True
Q93097	WNT2B				True
Q93098	WNT8B				True
Q95460	MR1	Extracellular; Cytoplasmic	Helical		True	True		True
Q969D9	TSLP				True
Q969E2	SCAMP4	Cytoplasmic	Helical			True		True
Q969E3	UCN3				True
Q969F0	FATE1		Helical			True
Q969F8	KISS1R	Extracellular; Cytoplasmic	Helical			True		True
Q969G6	RFK								True	targetP signal, yeast mito homolog++, MS/MS	Matrix	True
Q969H8	MYDGF				True
Q969I6	SLC38A4	Extracellular; Cytoplasmic	Helical			True		True
Q969J5	IL22RA2				True
Q969K7	TMEM54		Helical			True
Q969L2	MAL2	Cytoplasmic; Lumenal	Helical			True		True
Q969M3	YIPF5	Cytoplasmic; Lumenal	Helical			True		True
Q969N2	PIGT	Lumenal; Cytoplasmic	Helical		True	True		True
Q969P0	IGSF8	Extracellular; Cytoplasmic	Helical		True	True		True
Q969P6	TOP1MT								True	literature, APEX_matrix, targetP signal, mito protein domain, coexpression	Matrix	True
Q969Q5	RAB24								True	mito protein domain, induction, coexpression, MS/MS	MOM	True
Q969S0	SLC35B4		Helical			True
Q969S6	TMEM203		Helical			True
Q969S9	GFM2								True	literature, APEX_matrix, yeast mito homolog++, Rickettsial homolog, mito protein domain, coexpression++, MS/MS++	Matrix	True
Q969V3	NCLN	Lumenal; Cytoplasmic	Helical		True	True		True
Q969V5	MUL1	Cytoplasmic; Mitochondrial intermembrane	Helical			True		True	True	literature, mito protein domain+, induction	MOM	True
Q969W0	SPTSSA	Cytoplasmic; Lumenal	Helical			True		True
Q969W1	ZDHHC16	Cytoplasmic; Lumenal	Helical			True		True
Q969W9	PMEPA1	Lumenal; Cytoplasmic	Helical			True		True
Q969X1	TMBIM1		Helical			True
Q969X2	ST6GALNAC6	Cytoplasmic; Lumenal	Helical; Signal-anchor for type II membrane protein			True		True
Q969X5	ERGIC1	Cytoplasmic; Lumenal	Helical			True		True
Q969Y2	GTPBP3								True	literature, APEX_matrix, targetP signal+, yeast mito homolog+, Rickettsial homolog, mito protein domain	Matrix	True
Q969Z0	TBRG4								True	literature, APEX_matrix, targetP signal+, coexpression, MS/MS++	Matrix	True
Q969Z3	MTARC2								True	literature, targetP signal, mito protein domain+, induction, coexpression, MS/MS++	MOM	True
Q969Z4	RELT	Extracellular; Cytoplasmic	Helical		True	True		True
Q96A11	GAL3ST3	Cytoplasmic; Lumenal	Helical; Signal-anchor for type II membrane protein			True		True
Q96A25	TMEM106A		Helical			True
Q96A26	FAM162A		Helical			True			True	APEX_IMS, APEX_matrix, targetP signal, induction, coexpression, MS/MS++	MIM	True
Q96A29	SLC35C1		Helical			True
Q96A33	CCDC47	Cytoplasmic; Lumenal	Helical		True	True		True
Q96A54	ADIPOR1	Cytoplasmic; Extracellular	Helical			True		True
Q96A57	TMEM230		Helical			True
Q96A59	MARVELD3	Cytoplasmic; Extracellular	Helical			True		True
Q96A83	COL26A1				True
Q96A84	EMID1				True
Q96AA3	RFT1		Helical			True
Q96AD5	PNPLA2	Cytoplasmic; Extracellular	Helical			True		True
Q96AG3	SLC25A46		Helical			True			True	yeast mito homolog++, mito protein domain+, induction	MOM	True
Q96AG4	LRRC59	Cytoplasmic; Lumenal	Helical			True		True
Q96AJ9	VTI1A	Cytoplasmic; Extracellular	Helical			True		True
Q96AN5	TMEM143		Helical			True			True	targetP signal, coexpression+, MS/MS	MIM	True
Q96AP7	ESAM	Extracellular; Cytoplasmic	Helical		True	True		True
Q96AQ8	MCUR1	Mitochondrial intermembrane; Mitochondrial matrix	Helical			True		True	True	APEX_matrix, yeast mito homolog+, mito protein domain+, induction, MS/MS	MIM	True
Q96AW1	VOPP1	Extracellular; Cytoplasmic	Helical		True	True		True
Q96AY3	FKBP10				True				True	APEX_IMS, mito protein domain	IMS
Q96B21	TMEM45B		Helical			True
Q96B42	TMEM18	Perinuclear space; Nuclear	Helical			True		True
Q96B49	TOMM6	Cytoplasmic; Mitochondrial intermembrane	Helical			True		True	True	GFP, mito protein domain+, coexpression, MS/MS+	MOM	True
Q96B86	RGMA				True
Q96B96	LDAF1	Cytoplasmic; Lumenal	Helical			True		True
Q96BA8	CREB3L1	Cytoplasmic; Lumenal	Helical; Signal-anchor for type II membrane protein			True		True
Q96BD0	SLCO4A1	Cytoplasmic; Extracellular	Helical			True		True
Q96BF3	TMIGD2	Extracellular; Cytoplasmic	Helical		True	True		True
Q96BI1	SLC67A1		Helical			True
Q96BI3	APH1A	Lumenal; Cytoplasmic	Helical			True		True
Q96BM9	ARL8A			Note=Mediates targeting to membranes			True
Q96BP2	CHCHD1								True	GFP, targetP signal, yeast mito homolog+, mito protein domain, coexpression+, MS/MS	MIM	True
Q96BR5	COA7								True	literature, APEX_IMS, mito protein domain, coexpression, MS/MS	IMS	True
Q96BW9	TAMM41								True	GFP, yeast mito homolog++, mito protein domain+, MS/MS++	MIM	True
Q96BY9	SARAF	Lumenal; Cytoplasmic	Helical		True	True		True
Q96BZ4	PLD4		Helical			True
Q96BZ9	TBC1D20		Helical			True
Q96C03	MIEF2	Mitochondrial intermembrane; Cytoplasmic	Helical			True		True	True	literature, mito protein domain	MOM	True
Q96C36	PYCR2								True	APEX_matrix, mito protein domain, MS/MS++	Matrix	True
Q96CB9	NSUN4								True	APEX_matrix, targetP signal, mito protein domain, induction, coexpression	Matrix	True
Q96CC6	RHBDF1	Cytoplasmic; Lumenal	Helical			True		True
Q96CE8	TM4SF18	Cytoplasmic; Extracellular	Helical			True		True
Q96CG8	CTHRC1				True
Q96CM3	RPUSD4								True	APEX_matrix, GFP, Rickettsial homolog, mito protein domain, coexpression	Matrix	True
Q96CM8	ACSF2								True	APEX_matrix, targetP signal+, Rickettsial homolog, mito protein domain, MS/MS++	Matrix	True
Q96CP6	GRAMD1A		Helical			True
Q96CP7	TLCD1	Extracellular; Cytoplasmic	Helical	Helical	True	True	True	True
Q96CQ1	SLC25A36		Helical			True			True	GFP, yeast mito homolog+, mito protein domain+, coexpression	MIM	True
Q96CU9	FOXRED1		Helical			True			True	literature, mito protein domain, coexpression+	MIM	True
Q96CW9	NTNG2				True
Q96D05	FAM241B		Helical			True
Q96D15	RCN3				True
Q96D31	ORAI1	Cytoplasmic; Extracellular	Helical			True		True
Q96D42	HAVCR1	Extracellular; Cytoplasmic	Helical		True	True		True
Q96D53	COQ8B		Helical			True			True	APEX_matrix, GFP, yeast mito homolog+, Rickettsial homolog, mito protein domain	MIM	True
Q96D59	RNF183	Cytoplasmic; Lumenal	Helical; Anchor for type IV membrane protein			True		True
Q96D96	HVCN1	Cytoplasmic; Extracellular	Helical			True		True
Q96DA0	ZG16B				True
Q96DA6	DNAJC19	Mitochondrial intermembrane; Mitochondrial matrix	Helical			True		True	True	literature, APEX_matrix, mito protein domain, MS/MS++	MIM	True
Q96DB5	RMDN1								True	APEX_IMS, targetP signal+, induction, coexpression, MS/MS	MOM	True
Q96DB9	FXYD5	Extracellular; Cytoplasmic	Helical		True	True		True
Q96DN0	ERP27				True
Q96DN2	VWCE				True
Q96DP5	MTFMT								True	literature, APEX_matrix, targetP signal+, yeast mito homolog++, Rickettsial homolog, mito protein domain, coexpression	Matrix	True
Q96DR5	BPIFA2				True
Q96DR8	MUCL1				True
Q96DU3	SLAMF6	Extracellular; Cytoplasmic	Helical		True	True		True
Q96DV4	MRPL38								True	APEX_matrix, targetP signal, mito protein domain, coexpression++, MS/MS+	Matrix	True
Q96DW6	SLC25A38		Helical			True			True	yeast mito homolog++, mito protein domain+, coexpression	MIM	True
Q96DX8	RTP4	Cytoplasmic	Helical			True		True
Q96DZ1	ERLEC1				True
Q96DZ7	TM4SF19	Cytoplasmic; Extracellular	Helical			True		True
Q96DZ9	CMTM5		Helical			True
Q96E11	MRRF								True	literature, APEX_matrix, targetP signal+, yeast mito homolog++, Rickettsial homolog, mito protein domain, coexpression, MS/MS++	Matrix	True
Q96E22	NUS1		Helical			True
Q96E29	MTERF3								True	literature, APEX_matrix, GFP, targetP signal, mito protein domain+, coexpression	Matrix	True
Q96E52	OMA1	Mitochondrial matrix; Mitochondrial intermembrane	Helical			True		True	True	APEX_IMS, GFP, targetP signal+, yeast mito homolog++, coexpression	MIM	True
Q96E93	KLRG1	Cytoplasmic; Extracellular	Helical; Signal-anchor for type II membrane protein			True		True
Q96EC8	YIPF6	Cytoplasmic; Lumenal	Helical			True		True
Q96EG1	ARSG				True
Q96EH3	MALSU1								True	literature, APEX_matrix, targetP signal+, yeast mito homolog++, Rickettsial homolog, mito protein domain, coexpression+, MS/MS	Matrix	True
Q96EL3	MRPL53								True	literature, APEX_matrix, targetP signal, yeast mito homolog++, mito protein domain+, induction, coexpression++, MS/MS++	Matrix	True
Q96EP9	SLC10A4	Extracellular; Cytoplasmic	Helical			True		True
Q96ER9	CCDC51	Mitochondrial matrix; Mitochondrial intermembrane	Helical			True		True	True	APEX_matrix, targetP signal, MS/MS++	MIM	True
Q96EU7	C1GALT1C1	Cytoplasmic; Lumenal	Helical; Signal-anchor for type II membrane protein			True		True
Q96EX2	RNFT2	Extracellular; Cytoplasmic	Helical			True		True
Q96EY1	DNAJA3								True	literature, APEX_matrix, targetP signal, Rickettsial homolog, mito protein domain, induction, coexpression++, MS/MS+	Matrix	True
Q96EY7	PTCD3								True	literature, APEX_matrix, targetP signal+, mito protein domain+, MS/MS++	Matrix	True
Q96EY8	MMAB								True	APEX_matrix, GFP, targetP signal, coexpression, MS/MS++	Matrix	True
Q96F15	GIMAP5	Cytoplasmic; Lumenal	Helical; Anchor for type IV membrane protein			True		True
Q96F25	ALG14	Lumenal; Cytoplasmic	Helical			True		True
Q96F46	IL17RA	Extracellular; Cytoplasmic	Helical		True	True		True
Q96F81	DISP1		Helical			True
Q96FE5	LINGO1	Extracellular; Cytoplasmic	Helical		True	True		True
Q96FE7	PIK3IP1	Extracellular; Cytoplasmic	Helical		True	True		True
Q96FL8	SLC47A1	Cytoplasmic; Extracellular	Helical			True		True
Q96FL9	GALNT14	Cytoplasmic; Lumenal	Helical; Signal-anchor for type II membrane protein			True		True
Q96FM1	PGAP3	Lumenal; Cytoplasmic	Helical		True	True		True
Q96FT7	ASIC4	Cytoplasmic; Extracellular	Helical			True		True
Q96FV3	TSPAN17	Cytoplasmic; Extracellular	Helical			True		True
Q96FX8	PERP		Helical			True
Q96FZ5	CMTM7		Helical			True
Q96G23	CERS2	Lumenal; Cytoplasmic	Helical			True		True
Q96G30	MRAP2		Helical			True
Q96G79	SLC35A4	Cytoplasmic; Lumenal	Helical			True		True
Q96G91	P2RY11	Extracellular; Cytoplasmic	Helical			True		True
Q96G97	BSCL2	Cytoplasmic; Lumenal	Helical			True		True
Q96GA7	SDSL								True	yeast mito homolog+, Rickettsial homolog, mito protein domain, coexpression	unknown
Q96GC9	VMP1	Cytoplasmic; Extracellular	Helical			True		True
Q96GF1	RNF185	Cytoplasmic; Mitochondrial intermembrane	Helical			True		True
Q96GJ1	TRMT2B								True	GFP, targetP signal, Rickettsial homolog, mito protein domain+, induction, coexpression	Matrix	True
Q96GL9	FAM163A		Helical			True
Q96GM1	PLPPR2		Helical			True
Q96GP6	SCARF2	Extracellular; Cytoplasmic	Helical		True	True		True
Q96GQ5	RUSF1		Helical			True
Q96GR4	ZDHHC12	Cytoplasmic; Lumenal	Helical			True		True
Q96GW7	BCAN				True
Q96GW9	MARS2								True	literature, APEX_matrix, targetP signal, yeast mito homolog++, Rickettsial homolog, mito protein domain, coexpression, MS/MS+	Matrix	True
Q96GX1	TCTN2	Extracellular; Cytoplasmic	Helical		True	True		True
Q96GZ6	SLC41A3		Helical			True
Q96H15	TIMD4	Extracellular; Cytoplasmic	Helical		True	True		True
Q96H55	MYO19								True	literature, mito protein domain	MOM	True
Q96H72	SLC39A13	Lumenal; Cytoplasmic	Helical			True		True
Q96H96	COQ2	Mitochondrial matrix; Mitochondrial intermembrane	Helical			True		True	True	literature, targetP signal, yeast mito homolog++, Rickettsial homolog, mito protein domain, coexpression+	MIM	True
Q96HA1	POM121		Helical			True
Q96HA9	PEX11G	Cytoplasmic; Lumenal	Helical			True		True
Q96HD1	CRELD1	Extracellular; Cytoplasmic	Helical		True	True		True
Q96HE7	ERO1A				True
Q96HE8	TMEM80		Helical			True
Q96HF1	SFRP2				True
Q96HH6	TMEM19		Helical			True
Q96HJ5	MS4A3	Cytoplasmic; Extracellular	Helical			True		True
Q96HP8	TMEM176A		Helical			True
Q96HR9	REEP6		Helical			True
Q96HS1	PGAM5	Mitochondrial matrix; Mitochondrial intermembrane	Helical			True		True	True	APEX_IMS, mito protein domain, coexpression, MS/MS++	MOM	True
Q96HY6	DDRGK1	Cytoplasmic	Helical			True		True
Q96HY7	DHTKD1								True	APEX_matrix, targetP signal, yeast mito homolog+, Rickettsial homolog, mito protein domain+, MS/MS	Matrix	True
Q96I23	PYURF								True	targetP signal+, induction, coexpression++, MS/MS	unknown	True
Q96I51	RCC1L								True	literature, APEX_matrix, targetP signal, coexpression	Matrix	True
Q96I59	NARS2								True	GFP, targetP signal, yeast mito homolog++, Rickettsial homolog, mito protein domain, coexpression	Matrix	True
Q96I99	SUCLG2								True	literature, APEX_matrix, targetP signal, yeast mito homolog+, Rickettsial homolog, mito protein domain, coexpression, MS/MS++	Matrix	True
Q96IL0	COA8								True	literature, targetP signal, mito protein domain+, coexpression+	MIM	True
Q96IR7	HPDL								True	manual, targetP signal, induction	unknown	True
Q96IV6	FAXDC2		Helical			True
Q96IW7	SEC22A	Cytoplasmic; Lumenal	Helical			True		True
Q96IX5	ATP5MK		Helical			True			True	GFP, MS/MS++	MIM	True
Q96IY4	CPB2				True
Q96IZ2	ADTRP	Cytoplasmic; Extracellular	Helical			True		True
Q96J42	TXNDC15	Extracellular; Cytoplasmic	Helical		True	True		True
Q96J65	ABCC12		Helical			True
Q96J66	ABCC11	Cytoplasmic; Extracellular	Helical			True		True
Q96J84	KIRREL1	Extracellular; Cytoplasmic	Helical		True	True		True
Q96JA1	LRIG1	Extracellular; Cytoplasmic	Helical		True	True		True
Q96JB6	LOXL4				True
Q96JF0	ST6GAL2	Cytoplasmic; Lumenal	Helical; Signal-anchor for type II membrane protein			True		True
Q96JJ6	JPH4	Cytoplasmic	Helical; Anchor for type IV membrane protein			True		True
Q96JJ7	TMX3	Lumenal; Cytoplasmic	Helical		True	True		True
Q96JN2	CCDC136		Helical			True
Q96JP9	CDHR1	Extracellular; Cytoplasmic	Helical		True	True		True
Q96JQ0	DCHS1	Extracellular; Cytoplasmic	Helical		True	True		True
Q96JQ5	MS4A4A	Cytoplasmic; Extracellular	Helical			True		True
Q96JW4	SLC41A2	Extracellular; Cytoplasmic	Helical			True		True
Q96JX3	SERAC1		Helical			True			True	literature, APEX_IMS	MOM	True
Q96K12	FAR2	Cytoplasmic; Peroxisomal	Helical			True		True
Q96K19	RNF170	Lumenal; Cytoplasmic	Helical			True		True
Q96K78	ADGRG7	Extracellular; Cytoplasmic	Helical		True	True		True
Q96KA5	CLPTM1L	Cytoplasmic; Extracellular	Helical			True		True
Q96KC8	DNAJC1	Lumenal; Cytoplasmic	Helical		True	True		True
Q96KG7	MEGF10	Extracellular; Cytoplasmic	Helical		True	True		True
Q96KJ9	COX4I2	Mitochondrial matrix; Mitochondrial intermembrane	Helical			True		True	True	literature, targetP signal, yeast mito homolog++, mito protein domain+	MIM	True
Q96KK3	KCNS1	Cytoplasmic; Extracellular	Helical; Helical; Voltage-sensor	Helical		True	True	True
Q96KK4	OR10C1	Extracellular; Cytoplasmic	Helical			True		True
Q96KN2	CNDP1				True
Q96KR6	FAM210B		Helical			True			True	targetP signal, yeast mito homolog, coexpression, MS/MS	MIM	True
Q96L08	SUSD3	Extracellular; Cytoplasmic	Helical			True		True
Q96L12	CALR3				True
Q96L42	KCNH8	Cytoplasmic; Extracellular	Helical; Helical; Voltage-sensor	Pore-forming		True	True	True
Q96L58	B3GALT6	Cytoplasmic; Lumenal	Helical; Signal-anchor for type II membrane protein			True		True
Q96LA5	FCRL2	Extracellular; Cytoplasmic	Helical		True	True		True
Q96LA6	FCRL1	Extracellular; Cytoplasmic	Helical		True	True		True
Q96LA9	MRGPRX4	Extracellular; Cytoplasmic	Helical			True		True
Q96LB1	MRGPRX2	Extracellular; Cytoplasmic	Helical			True		True
Q96LB2	MRGPRX1	Extracellular; Cytoplasmic	Helical			True		True
Q96LB8	PGLYRP4				True
Q96LB9	PGLYRP3				True
Q96LC7	SIGLEC10	Extracellular; Cytoplasmic	Helical		True	True		True
Q96LJ7	DHRS1								True	Rickettsial homolog, mito protein domain, MS/MS++	MIM
Q96LL9	DNAJC30		Helical			True			True	APEX_matrix, GFP, targetP signal+, Rickettsial homolog, mito protein domain, MS/MS	MIM	True
Q96LR9	APOLD1		Helical			True
Q96LT4	SAMD8	Cytoplasmic	Helical			True		True
Q96LW4	PRIMPOL								True	literature, mito protein domain	Matrix	True
Q96LW7	CARD19											True
Q96LZ7	RMDN2		Helical			True						True
Q96MH6	TMEM68	Lumenal; Cytoplasmic	Helical			True		True
Q96MK3	FAM20A				True
Q96MM7	HS6ST2	Cytoplasmic; Lumenal	Helical; Signal-anchor for type II membrane protein			True		True
Q96MS0	ROBO3	Extracellular; Cytoplasmic	Helical		True	True		True
Q96MU8	KREMEN1	Extracellular; Cytoplasmic	Helical		True	True		True
Q96MV1	TLCD4		Helical			True
Q96MV8	ZDHHC15	Cytoplasmic; Lumenal	Helical			True		True
Q96MX0	CMTM3		Helical			True
Q96N19	GPR137	Lumenal; Cytoplasmic	Helical			True		True
Q96N66	MBOAT7	Cytoplasmic; Lumenal	Helical			True		True
Q96N87	SLC6A18	Cytoplasmic; Extracellular	Helical			True		True
Q96NB2	SFXN2		Helical			True			True	mito protein domain+, coexpression	MIM	True
Q96NI6	LRFN5	Extracellular; Cytoplasmic	Helical		True	True		True
Q96NN9	AIFM3								True	literature, yeast mito homolog, Rickettsial homolog, mito protein domain+	MIM	True
Q96NR3	PTCHD1		Helical			True
Q96NT5	SLC46A1	Cytoplasmic; Extracellular	Helical			True		True
Q96NY7	CLIC6		Helical; Note=After insertion into the membrane			True
Q96NY8	NECTIN4	Extracellular; Cytoplasmic	Helical		True	True		True
Q96NZ8	WFIKKN1				True
Q96NZ9	PRAP1				True
Q96P31	FCRL3	Extracellular; Cytoplasmic	Helical		True	True		True
Q96P44	COL21A1				True
Q96P56	CATSPER2	Cytoplasmic; Extracellular	Helical	Helical; Pore-forming		True	True	True
Q96P65	QRFPR	Extracellular; Cytoplasmic	Helical			True		True
Q96P66	GPR101	Extracellular; Cytoplasmic	Helical			True		True
Q96P68	OXGR1	Extracellular; Cytoplasmic	Helical			True		True
Q96PB1	CASD1	Cytoplasmic; Lumenal	Helical			True		True
Q96PB7	OLFM3				True
Q96PC5	MIA2	Lumenal; Cytoplasmic	Helical		True	True	True	True
Q96PD2	DCBLD2	Extracellular; Cytoplasmic	Helical		True	True		True
Q96PD4	IL17F				True
Q96PD5	PGLYRP2				True
Q96PD6	MOGAT1		Helical			True
Q96PD7	DGAT2	Cytoplasmic; Lumenal	Helical			True		True
Q96PE1	ADGRA2	Extracellular; Cytoplasmic	Helical		True	True		True
Q96PE7	MCEE								True	targetP signal, induction, coexpression++, MS/MS++	Matrix	True
Q96PG8	BBC3								True	manual 	MOM
Q96PH1	NOX5	Cytoplasmic; Extracellular	Helical			True		True
Q96PH6	DEFB118				True
Q96PJ5	FCRL4	Extracellular; Cytoplasmic	Helical		True	True		True
Q96PL5	ERMAP	Extracellular; Cytoplasmic	Helical		True	True		True
Q96PN6	ADCY10								True	literature, mito protein domain	Membrane	True
Q96PQ0	SORCS2	Extracellular; Cytoplasmic	Helical		True	True		True
Q96PQ1	SIGLEC12	Extracellular; Cytoplasmic	Helical		True	True		True
Q96PR1	KCNC2	Cytoplasmic	Helical; Helical; Voltage-sensor			True		True
Q96PS8	AQP10	Cytoplasmic; Extracellular	Helical	Discontinuously helical		True	True	True
Q96PX8	SLITRK1	Extracellular; Cytoplasmic	Helical		True	True		True
Q96PZ7	CSMD1	Extracellular; Cytoplasmic	Helical		True	True		True
Q96Q04	LMTK3		Helical		True	True
Q96Q11	TRNT1								True	literature, targetP signal, yeast mito homolog, Rickettsial homolog, mito protein domain, induction, MS/MS	Matrix	True
Q96Q45	TMEM237		Helical			True
Q96Q80	DERL3	Cytoplasmic; Lumenal	Helical			True		True
Q96Q91	SLC4A9		Helical			True
Q96QA5	GSDMA		Beta stranded			True
Q96QD8	SLC38A2	Cytoplasmic; Extracellular	Helical			True		True
Q96QE2	SLC2A13	Cytoplasmic; Extracellular	Helical			True		True
Q96QE5	TEFM								True	APEX_matrix, targetP signal, induction, coexpression++, MS/MS	Matrix	True
Q96QI5	HS3ST6	Cytoplasmic; Lumenal	Helical; Signal-anchor for type II membrane protein			True		True
Q96QT4	TRPM7	Cytoplasmic; Extracellular	Helical	Pore-forming		True	True	True
Q96QU1	PCDH15	Extracellular; Cytoplasmic	Helical		True	True		True
Q96QV1	HHIP				True
Q96RD6	PANX2	Cytoplasmic; Extracellular	Helical			True		True
Q96RD7	PANX1	Cytoplasmic; Extracellular	Helical			True		True
Q96RD9	FCRL5	Extracellular; Cytoplasmic	Helical		True	True		True
Q96RI0	F2RL3	Extracellular; Cytoplasmic	Helical		True	True		True
Q96RI8	TAAR6	Extracellular; Cytoplasmic	Helical			True		True
Q96RJ0	TAAR1	Extracellular; Cytoplasmic	Helical			True		True
Q96RJ3	TNFRSF13C	Extracellular; Cytoplasmic	Helical; Signal-anchor for type III membrane protein			True		True
Q96RL6	SIGLEC11	Extracellular; Cytoplasmic	Helical		True	True		True
Q96RL7	VPS13A											True
Q96RN1	SLC26A8	Cytoplasmic; Extracellular	Helical			True		True
Q96RP3	UCN2				True
Q96RP7	GAL3ST4	Cytoplasmic; Lumenal	Helical; Signal-anchor for type II membrane protein			True		True
Q96RP8	KCNA7		Helical; Helical; Voltage-sensor			True
Q96RP9	GFM1								True	literature, APEX_matrix, targetP signal, yeast mito homolog++, Rickettsial homolog, mito protein domain, induction, coexpression++, MS/MS++	Matrix	True
Q96RQ1	ERGIC2	Cytoplasmic; Lumenal	Helical			True		True
Q96RQ3	MCCC1								True	literature, targetP signal, Rickettsial homolog, mito protein domain, induction, coexpression+, MS/MS++	Matrix	True
Q96RQ9	IL4I1				True
Q96RR1	TWNK								True	literature, APEX_matrix, targetP signal, induction, coexpression	Matrix	True
Q96RW7	HMCN1				True
Q96S06	LMF1	Cytoplasmic; Lumenal	Helical			True		True
Q96S16	JMJD8				True
Q96S37	SLC22A12		Helical			True
Q96S42	NODAL				True
Q96S52	PIGS	Cytoplasmic; Lumenal	Helical			True		True
Q96S66	CLCC1	Lumenal; Cytoplasmic	Helical		True	True		True
Q96S97	MYADM		Helical			True
Q96SA4	SERINC2		Helical			True
Q96SJ8	TSPAN18	Cytoplasmic; Extracellular	Helical			True		True
Q96SL1	SLC49A4	Cytoplasmic; Lumenal	Helical			True		True
Q96SL4	GPX7				True
Q96SN7	ORAI2		Helical			True
Q96ST8	CEP89								True	literature, targetP signal	IMS
Q96SZ5	ADO											True
Q96SZ6	CDK5RAP1								True	literature, targetP signal, Rickettsial homolog, mito protein domain	Matrix	True
Q96T52	IMMP2L		Helical			True			True	literature, yeast mito homolog++, mito protein domain, coexpression, MS/MS	MIM	True
Q96T53	MBOAT4	Lumenal; Cytoplasmic	Helical			True		True
Q96T54	KCNK17	Cytoplasmic	Helical	Pore-forming		True	True	True
Q96T55	KCNK16	Cytoplasmic	Helical	Pore-forming		True	True	True
Q96T66	NMNAT3								True	literature, mito protein domain, coexpression, MS/MS++	Matrix	True
Q96T83	SLC9A7	Cytoplasmic; Lumenal	Helical			True		True
Q96T91	GPHA2				True
Q96TA2	YME1L1	Mitochondrial matrix; Mitochondrial intermembrane	Helical			True		True	True	literature, APEX_IMS, Rickettsial homolog, mito protein domain+, MS/MS+	MIM	True
Q96TC7	RMDN3	Mitochondrial intermembrane; Cytoplasmic	Helical			True		True	True	literature, APEX_IMS, GFP, MS/MS++	MOM	True
Q99062	CSF3R	Extracellular; Cytoplasmic	Helical		True	True		True
Q99075	HBEGF	Extracellular; Cytoplasmic	Helical		True	True		True
Q99102	MUC4		Helical		True	True
Q99217	AMELX				True
Q99250	SCN2A	Cytoplasmic; Extracellular	Helical	Pore-forming		True	True	True
Q99435	NELL2				True
Q99437	ATP6V0B	Lumenal; Cytoplasmic	Helical			True		True
Q99442	SEC62	Cytoplasmic; Lumenal	Helical			True		True
Q99466	NOTCH4	Extracellular; Cytoplasmic	Helical		True	True		True
Q99467	CD180	Extracellular; Cytoplasmic	Helical		True	True		True
Q99497	PARK7								True	literature, mito protein domain, coexpression	MOM	True
Q99500	S1PR3	Extracellular; Cytoplasmic	Helical			True		True
Q99518	FMO2		Helical			True
Q99519	NEU1				True
Q99523	SORT1	Extracellular; Cytoplasmic	Helical		True	True		True
Q99527	GPER1	Extracellular; Cytoplasmic	Helical			True		True
Q99538	LGMN				True
Q99542	MMP19				True
Q99551	MTERF1								True	literature, APEX_matrix, mito protein domain+	Matrix	True
Q99571	P2RX4	Cytoplasmic; Extracellular	Helical			True		True
Q99572	P2RX7	Cytoplasmic; Extracellular	Helical			True		True
Q99574	SERPINI1				True
Q99595	TIMM17A		Helical			True			True	literature, APEX_IMS, yeast mito homolog+, mito protein domain+, induction, coexpression, MS/MS+	MIM	True
Q99616	CCL13				True
Q99623	PHB2								True	literature, yeast mito homolog++, Rickettsial homolog, mito protein domain, induction, coexpression, MS/MS++	MIM	True
Q99624	SLC38A3		Helical			True
Q99643	SDHC	Mitochondrial matrix; Mitochondrial intermembrane	Helical			True		True	True	literature, targetP signal+, Rickettsial homolog, mito protein domain, induction, coexpression++, MS/MS+	MIM	True
Q99650	OSMR	Extracellular; Cytoplasmic	Helical		True	True		True
Q99665	IL12RB2	Extracellular; Cytoplasmic	Helical		True	True		True
Q99674	CGREF1				True
Q99677	LPAR4	Extracellular; Cytoplasmic	Helical			True		True
Q99705	MCHR1	Extracellular; Cytoplasmic	Helical			True		True
Q99706	KIR2DL4	Extracellular; Cytoplasmic	Helical		True	True		True
Q99712	KCNJ15	Cytoplasmic; Extracellular	Helical	Helical; Pore-forming		True	True	True
Q99714	HSD17B10								True	literature, APEX_matrix, Rickettsial homolog, mito protein domain, induction, coexpression, MS/MS++	Matrix	True
Q99715	COL12A1				True
Q99720	SIGMAR1	Lumenal; Cytoplasmic	Helical			True		True
Q99726	SLC30A3	Cytoplasmic; Lumenal	Helical			True		True
Q99731	CCL19				True
Q99735	MGST2		Helical			True
Q99748	NRTN				True
Q99757	TXN2								True	literature, APEX_matrix, targetP signal+, Rickettsial homolog, mito protein domain, induction, coexpression++, MS/MS+	Matrix	True
Q99758	ABCA3		Helical			True
Q99766	DMAC2L								True	literature, APEX_matrix, MS/MS++	MIM	True
Q99784	OLFM1				True
Q99788	CMKLR1	Extracellular; Cytoplasmic	Helical			True		True
Q99795	GPA33	Extracellular; Cytoplasmic	Helical		True	True		True
Q99797	MIPEP								True	literature, APEX_matrix, targetP signal+, yeast mito homolog++, mito protein domain, induction, MS/MS++	Matrix	True
Q99798	ACO2								True	literature, APEX_matrix, targetP signal, Rickettsial homolog, mito protein domain, induction, coexpression++, MS/MS++	Matrix	True
Q99807	COQ7								True	literature, targetP signal+, yeast mito homolog++, Rickettsial homolog, mito protein domain+, coexpression++, MS/MS++	MIM	True
Q99808	SLC29A1	Cytoplasmic; Extracellular	Helical			True		True
Q99835	SMO	Extracellular; Cytoplasmic	Helical		True	True		True
Q99884	SLC6A7	Cytoplasmic; Extracellular	Helical			True		True
Q99895	CTRC				True
Q99928	GABRG3	Extracellular; Cytoplasmic	Helical		True	True		True
Q99935	OPRPN				True
Q99941	ATF6B	Cytoplasmic; Lumenal	Helical; Signal-anchor for type II membrane protein			True		True
Q99942	RNF5		Helical			True
Q99943	AGPAT1	Lumenal; Cytoplasmic	Helical		True	True		True
Q99944	EGFL8				True
Q99946	PRRT1	Cytoplasmic; Extracellular	Helical	Helical		True	True	True
Q99965	ADAM2	Extracellular; Cytoplasmic	Helical		True	True		True
Q99969	RARRES2				True
Q99972	MYOC				True
Q99983	OMD				True
Q99985	SEMA3C				True
Q99988	GDF15				True
Q99999	GAL3ST1	Cytoplasmic; Lumenal	Helical; Signal-anchor for type II membrane protein			True		True
Q9BPV8	P2RY13	Extracellular; Cytoplasmic	Helical			True		True
Q9BPW8	NIPSNAP1								True	APEX_matrix, targetP signal, coexpression, MS/MS++	Matrix	True
Q9BPW9	DHRS9				True
Q9BPX6	MICU1								True	literature, APEX_IMS, GFP, targetP signal, mito protein domain, MS/MS+	MIM	True
Q9BQ16	SPOCK3				True
Q9BQ31	KCNS3	Cytoplasmic; Extracellular	Helical; Helical; Voltage-sensor	Helical		True	True	True
Q9BQ51	PDCD1LG2	Extracellular; Cytoplasmic	Helical		True	True		True
Q9BQ52	ELAC2								True	APEX_matrix, GFP, targetP signal, Rickettsial homolog, mito protein domain, MS/MS	Matrix	True
Q9BQ69	MACROD1								True	APEX_matrix, targetP signal+, coexpression, MS/MS++	Matrix	True
Q9BQ95	ECSIT								True	literature, APEX_matrix, targetP signal, mito protein domain, induction, coexpression+	MIM	True
Q9BQA9	CYBC1		Helical			True
Q9BQB4	SOST				True
Q9BQB6	VKORC1	Cytoplasmic; Lumenal	Helical			True		True
Q9BQD7	ANTKMT		Helical			True			True	literature, coexpression, MS/MS	MIM	True
Q9BQE4	SELENOS		Helical			True
Q9BQG1	SYT3	Vesicular; Cytoplasmic	Helical			True		True
Q9BQI4	CCDC3				True
Q9BQJ4	TMEM47		Helical			True
Q9BQP7	MGME1								True	literature, APEX_matrix, GFP, targetP signal	Matrix	True
Q9BQS2	SYT15	Extracellular; Cytoplasmic	Helical; Signal-anchor for type III membrane protein			True		True
Q9BQS7	HEPH	Extracellular; Cytoplasmic	Helical		True	True		True
Q9BQT8	SLC25A21		Helical			True			True	literature, yeast mito homolog+, mito protein domain+, MS/MS++	MIM	True
Q9BQT9	CLSTN3	Extracellular; Cytoplasmic; Lumenal	Helical	Helical	True	True	True	True
Q9BR39	JPH2	Cytoplasmic	Helical; Anchor for type IV membrane protein			True		True
Q9BRB3	PIGQ		Helical			True
Q9BRI3	SLC30A2	Cytoplasmic; Lumenal	Helical			True		True
Q9BRJ2	MRPL45											True
Q9BRK0	REEP2		Helical			True
Q9BRK3	MXRA8	Extracellular; Cytoplasmic	Helical		True	True		True
Q9BRK5	SDF4				True
Q9BRL7	SEC22C	Cytoplasmic; Lumenal	Helical			True		True
Q9BRQ5	ORAI3		Helical			True
Q9BRQ6	CHCHD6								True	literature, APEX_IMS, APEX_matrix, coexpression, MS/MS++	MIM	True
Q9BRQ8	AIFM2		Helical			True			True	literature, Rickettsial homolog, mito protein domain, coexpression	Membrane
Q9BRR3	PGAP4	Cytoplasmic; Lumenal	Helical			True		True
Q9BRR6	ADPGK				True
Q9BRT2	UQCC2								True	APEX_matrix, GFP, coexpression, MS/MS	MIM	True
Q9BRT3	MIEN1											True
Q9BRV3	SLC50A1		Helical			True
Q9BRX8	PRXL2A								True	GFP, MS/MS++	Membrane
Q9BS26	ERP44				True
Q9BS86	ZPBP				True
Q9BS91	SLC35A5	Cytoplasmic; Lumenal	Helical			True		True
Q9BSA4	TTYH2	Extracellular; Cytoplasmic	Helical			True		True
Q9BSA9	TMEM175	Cytoplasmic; Lumenal	Helical			True		True
Q9BSD7	NTPCR											True
Q9BSE2	TMEM79	Cytoplasmic; Extracellular	Helical			True		True
Q9BSE4	HERPUD2		Helical			True
Q9BSE5	AGMAT								True	literature, targetP signal, mito protein domain, MS/MS+	Matrix	True
Q9BSF4	TIMM29	Mitochondrial matrix; Mitochondrial intermembrane	Helical			True		True	True	targetP signal+, coexpression, MS/MS	MIM	True
Q9BSH4	TACO1								True	literature, APEX_matrix, targetP signal+, yeast mito homolog, Rickettsial homolog, mito protein domain+, MS/MS++	Matrix	True
Q9BSJ5	MTNAP1	Mitochondrial matrix; Mitochondrial intermembrane	Helical			True		True				True
Q9BSJ8	ESYT1	Cytoplasmic; Lumenal	Helical			True		True
Q9BSK2	SLC25A33		Helical			True			True	literature, yeast mito homolog+, mito protein domain+	MIM	True
Q9BSR8	YIPF4	Cytoplasmic; Extracellular	Helical			True		True
Q9BT09	CNPY3				True
Q9BT17	MTG1								True	literature, APEX_matrix, targetP signal, yeast mito homolog++, Rickettsial homolog, mito protein domain, coexpression+, MS/MS	Matrix	True
Q9BT22	ALG1	Lumenal; Cytoplasmic	Helical	Helical		True	True	True
Q9BT30	ALKBH7								True	APEX_matrix, targetP signal, mito protein domain, induction, coexpression++, MS/MS	Matrix	True
Q9BT56	SPX				True
Q9BT67	NDFIP1	Cytoplasmic; Extracellular	Helical			True		True
Q9BT88	SYT11	Vesicular; Cytoplasmic	Helical			True		True
Q9BT92	TCHP											True
Q9BTD3	TMEM121		Helical			True
Q9BTN0	LRFN3	Extracellular; Cytoplasmic	Helical		True	True		True
Q9BTV4	TMEM43	Nuclear; Perinuclear space	Helical			True		True
Q9BTX1	NDC1	Cytoplasmic; Perinuclear space	Helical			True		True
Q9BTX3	TMEM208		Helical			True
Q9BTY2	FUCA2				True
Q9BTZ2	DHRS4								True	targetP signal, Rickettsial homolog, mito protein domain, coexpression, MS/MS++	Matrix	True
Q9BU40	CHRDL1				True
Q9BU61	NDUFAF3								True	literature, targetP signal, mito protein domain, MS/MS	MIM	True
Q9BU79	TMEM243		Helical			True
Q9BUB7	TMEM70	Mitochondrial matrix; Mitochondrial intermembrane	Helical			True		True	True	literature, APEX_matrix, mito protein domain+, coexpression++, MS/MS	MIM	True
Q9BUD6	SPON2				True
Q9BUE6	ISCA1								True	APEX_matrix, targetP signal, yeast mito homolog++, Rickettsial homolog, mito protein domain+, induction, MS/MS++	Matrix	True
Q9BUF7	CRB3	Extracellular; Cytoplasmic	Helical		True	True		True
Q9BUK6	MSTO1											True
Q9BUM1	G6PC3	Lumenal; Cytoplasmic	Helical			True		True
Q9BUN8	DERL1	Cytoplasmic; Lumenal	Helical			True		True
Q9BUP0	EFHD1								True	literature, mito protein domain, induction	MIM
Q9BUP3	HTATIP2								True	yeast mito homolog, mito protein domain+, MS/MS	Membrane	True
Q9BUR5	APOO		Helical		True	True			True	literature, APEX_IMS, mito protein domain+, MS/MS++	MIM	True
Q9BUT9	MCRIP2								True	induction, coexpression+	unknown
Q9BUV8	RAB5IF	Cytoplasmic; Lumenal	Helical			True		True	True	GFP, induction, coexpression	MIM
Q9BV10	ALG12		Helical			True
Q9BV23	ABHD6	Extracellular; Cytoplasmic	Helical; Signal-anchor for type II membrane protein			True		True
Q9BV35	SLC25A23	Mitochondrial intermembrane; Mitochondrial matrix	Helical			True		True	True	literature, yeast mito homolog+, mito protein domain+, MS/MS	MIM	True
Q9BV40	VAMP8	Cytoplasmic; Vesicular	Helical; Anchor for type IV membrane protein			True		True
Q9BV79	MECR								True	literature, APEX_matrix, targetP signal+, yeast mito homolog++, mito protein domain, coexpression, MS/MS++	Matrix	True
Q9BV81	EMC6	Cytoplasmic; Lumenal	Helical			True		True
Q9BV94	EDEM2				True
Q9BVA6	FICD	Cytoplasmic; Lumenal	Helical; Signal-anchor for type II membrane protein			True		True
Q9BVC6	TMEM109	Lumenal; Cytoplasmic	Helical		True	True		True
Q9BVG8	KIFC3											True
Q9BVG9	PTDSS2	Cytoplasmic; Lumenal	Helical			True		True
Q9BVH7	ST6GALNAC5	Cytoplasmic; Lumenal	Helical; Signal-anchor for type II membrane protein			True		True
Q9BVI4	NOC4L		Helical			True
Q9BVK2	ALG8		Helical			True
Q9BVK6	TMED9	Lumenal; Cytoplasmic	Helical		True	True		True
Q9BVK8	TMEM147	Cytoplasmic; Lumenal	Helical			True		True
Q9BVL4	SELENOO								True	targetP signal+, yeast mito homolog, mito protein domain+, coexpression	Matrix	True
Q9BVS5	TRMT61B								True	APEX_matrix, mito protein domain	Matrix	True
Q9BVT8	TMUB1		Helical			True
Q9BVV7	TIMM21		Helical			True			True	APEX_IMS, GFP, yeast mito homolog++, mito protein domain+, coexpression, MS/MS	MIM	True
Q9BVX2	TMEM106C		Helical			True
Q9BW60	ELOVL1		Helical			True
Q9BW91	NUDT9								True	APEX_matrix, mito protein domain, coexpression, MS/MS	Matrix	True
Q9BW92	TARS2								True	APEX_matrix, targetP signal, Rickettsial homolog, mito protein domain, MS/MS++	Matrix	True
Q9BWH2	FUNDC2	Cytoplasmic; Mitochondrial intermembrane	Helical			True		True	True	mito protein domain+, MS/MS++	MOM	True
Q9BWL3	LTAP1	Lumenal; Cytoplasmic	Helical			True		True
Q9BWM7	SFXN3		Helical			True			True	mito protein domain+, MS/MS++	MIM	True
Q9BWP8	COLEC11				True
Q9BWQ6	YIPF2	Cytoplasmic; Lumenal	Helical			True		True
Q9BWQ8	FAIM2		Helical			True
Q9BWS9	CHID1				True
Q9BWV1	BOC	Extracellular; Cytoplasmic	Helical		True	True		True
Q9BX59	TAPBPL	Lumenal; Cytoplasmic	Helical		True	True		True
Q9BX67	JAM3	Extracellular; Cytoplasmic	Helical		True	True		True
Q9BX68	HINT2								True	APEX_matrix, targetP signal+, Rickettsial homolog, mito protein domain, coexpression, MS/MS++	Matrix	True
Q9BX74	TM2D1	Extracellular; Cytoplasmic	Helical		True	True		True
Q9BX79	STRA6	Extracellular; Cytoplasmic	Helical	Helical		True	True	True
Q9BX84	TRPM6	Cytoplasmic; Extracellular	Helical	Pore-forming		True	True	True
Q9BX95	SGPP1		Helical			True
Q9BX97	PLVAP	Cytoplasmic; Extracellular	Helical; Signal-anchor for type II membrane protein			True		True
Q9BXA5	SUCNR1	Extracellular; Cytoplasmic	Helical			True		True
Q9BXB1	LGR4	Extracellular; Cytoplasmic	Helical		True	True		True
Q9BXC0	HCAR1	Extracellular; Cytoplasmic	Helical			True		True
Q9BXC1	GPR174	Extracellular; Cytoplasmic	Helical			True		True
Q9BXH1	BBC3											True
Q9BXI2	SLC25A2		Helical			True						True
Q9BXI9	C1QTNF6				True
Q9BXJ0	C1QTNF5				True
Q9BXJ1	C1QTNF1				True
Q9BXJ3	C1QTNF4				True
Q9BXJ4	C1QTNF3				True
Q9BXJ5	C1QTNF2				True
Q9BXJ7	AMN	Extracellular; Cytoplasmic	Helical		True	True		True
Q9BXJ8	TMEM120A	Cytoplasmic; Extracellular	Helical			True		True
Q9BXK5	BCL2L13		Helical			True			True	literature, mito protein domain, coexpression, MS/MS+	MOM	True
Q9BXM7	PINK1								True	literature, targetP signal+, mito protein domain, coexpression	MOM	True
Q9BXN1	ASPN				True
Q9BXN2	CLEC7A	Cytoplasmic; Extracellular	Helical; Signal-anchor for type II membrane protein			True		True
Q9BXP2	SLC12A9	Cytoplasmic; Extracellular	Helical			True		True
Q9BXP8	PAPPA2				True
Q9BXR0	QTRT1								True	APEX_matrix, targetP signal, Rickettsial homolog, mito protein domain, coexpression	Matrix	True
Q9BXR5	TLR10	Extracellular; Cytoplasmic	Helical		True	True		True
Q9BXR6	CFHR5				True
Q9BXS0	COL25A1	Cytoplasmic; Extracellular	Helical; Signal-anchor for type II membrane protein			True		True
Q9BXS4	TMEM59	Extracellular; Cytoplasmic	Helical		True	True		True
Q9BXS9	SLC26A6	Cytoplasmic; Extracellular	Helical			True		True
Q9BXU9	CALN1	Cytoplasmic; Extracellular	Helical; Anchor for type IV membrane protein			True		True
Q9BXW6	OSBPL1A								True	Rickettsial homolog, mito protein domain, induction, MS/MS	unknown
Q9BXX0	EMILIN2				True
Q9BXY4	RSPO3				True
Q9BY07	SLC4A5	Cytoplasmic; Extracellular	Helical			True		True
Q9BY08	EBPL		Helical			True
Q9BY10	SLC46A2	Cytoplasmic; Extracellular	Helical			True		True
Q9BY14	TEX101				True
Q9BY15	ADGRE3	Extracellular; Cytoplasmic	Helical		True	True		True
Q9BY50	SEC11C	Cytoplasmic; Lumenal	Helical; Signal-anchor for type II membrane protein			True		True
Q9BY64	UGT2B28		Helical		True	True
Q9BY67	CADM1	Extracellular; Cytoplasmic	Helical		True	True		True
Q9BY76	ANGPTL4				True
Q9BY78	RNF26		Helical			True
Q9BY79	MFRP	Cytoplasmic; Extracellular	Helical; Signal-anchor for type II membrane protein			True		True
Q9BYC5	FUT8	Cytoplasmic; Lumenal	Helical; Signal-anchor for type II membrane protein			True		True
Q9BYC8	MRPL32								True	literature, APEX_matrix, yeast mito homolog++, Rickettsial homolog, mito protein domain, coexpression, MS/MS	Matrix	True
Q9BYE2	TMPRSS13	Cytoplasmic; Extracellular	Helical; Signal-anchor for type II membrane protein			True		True
Q9BYE9	CDHR2	Extracellular; Cytoplasmic	Helical		True	True		True
Q9BYF1	ACE2	Extracellular; Cytoplasmic	Helical		True	True		True
Q9BYG0	B3GNT5	Cytoplasmic; Lumenal	Helical; Signal-anchor for type II membrane protein			True		True
Q9BYH1	SEZ6L	Extracellular; Cytoplasmic	Helical		True	True		True
Q9BYT1	SLC17A9		Helical			True
Q9BYT8	NLN								True	literature, APEX_matrix, targetP signal+, mito protein domain, MS/MS++	Matrix	True
Q9BYT9	ANO3	Cytoplasmic; Extracellular	Helical			True		True
Q9BYV1	AGXT2								True	literature, yeast mito homolog++, mito protein domain, MS/MS+	Matrix	True
Q9BYV7	BCO2								True	literature, targetP signal, mito protein domain, MS/MS	MIM
Q9BYW1	SLC2A11	Cytoplasmic; Extracellular	Helical			True		True
Q9BYW3	DEFB126				True
Q9BYZ2	LDHAL6B								True	targetP signal, Rickettsial homolog, mito protein domain, MS/MS	Matrix
Q9BYZ8	REG4				True
Q9BZ11	ADAM33	Extracellular; Cytoplasmic	Helical		True	True		True
Q9BZ23	PANK2								True	literature, targetP signal+, mito protein domain	IMS	True
Q9BZA7	PCDH11X	Extracellular; Cytoplasmic	Helical		True	True		True
Q9BZA8	PCDH11Y	Extracellular; Cytoplasmic	Helical		True	True		True
Q9BZC7	ABCA2		Helical			True
Q9BZD2	SLC29A3	Cytoplasmic; Extracellular	Helical			True		True
Q9BZD6	PRRG4	Extracellular; Cytoplasmic	Helical		True	True		True
Q9BZF1	OSBPL8		Helical			True
Q9BZG2	ACP4	Extracellular; Cytoplasmic	Helical		True	True		True
Q9BZJ3	TPSD1				True
Q9BZJ4	SLC25A39	Mitochondrial intermembrane; Mitochondrial matrix	Helical			True		True	True	literature, yeast mito homolog+, mito protein domain+, induction, coexpression	MIM	True
Q9BZJ7	GPR62	Extracellular; Cytoplasmic	Helical			True		True
Q9BZJ8	GPR61	Extracellular; Cytoplasmic	Helical			True		True
Q9BZL3	SMIM3		Helical			True
Q9BZM1	PLA2G12A				True
Q9BZM2	PLA2G2F				True
Q9BZM4	ULBP3				True
Q9BZM5	ULBP2				True
Q9BZM6	ULBP1				True
Q9BZP6	CHIA				True
Q9BZQ6	EDEM3				True
Q9BZR6	RTN4R				True
Q9BZV2	SLC19A3	Cytoplasmic; Extracellular	Helical			True		True
Q9BZV3	IMPG2	Extracellular; Cytoplasmic	Helical		True	True		True
Q9BZW2	SLC13A1		Helical			True
Q9BZW4	TM6SF2		Helical			True
Q9BZW8	CD244	Extracellular; Cytoplasmic	Helical		True	True		True
Q9BZZ2	SIGLEC1	Extracellular; Cytoplasmic	Helical		True	True		True
Q9C091	GREB1L		Helical			True
Q9C0A0	CNTNAP4	Extracellular; Cytoplasmic	Helical		True	True		True
Q9C0B5	ZDHHC5	Cytoplasmic; Extracellular	Helical			True		True
Q9C0C4	SEMA4C	Extracellular; Cytoplasmic	Helical		True	True		True
Q9C0D9	SELENOI		Helical			True
Q9C0E8	LNPK	Cytoplasmic; Lumenal	Helical			True		True
Q9C0H2	TTYH3	Extracellular; Cytoplasmic	Helical			True		True
Q9C0I4	THSD7B	Extracellular; Cytoplasmic	Helical		True	True		True
Q9C0J1	B3GNT4	Cytoplasmic; Lumenal	Helical; Signal-anchor for type II membrane protein			True		True
Q9C0K1	SLC39A8	Extracellular; Cytoplasmic	Helical		True	True		True
Q9GZM5	YIPF3	Cytoplasmic; Lumenal	Helical			True		True
Q9GZM7	TINAGL1				True
Q9GZN0	GPR88	Extracellular; Cytoplasmic	Helical			True		True
Q9GZN4	PRSS22				True
Q9GZP0	PDGFD				True
Q9GZP9	DERL2	Cytoplasmic; Lumenal	Helical			True		True
Q9GZQ4	NMUR2	Extracellular; Cytoplasmic	Helical			True		True
Q9GZQ6	NPFFR1	Extracellular; Cytoplasmic	Helical			True		True
Q9GZR5	ELOVL4		Helical			True
Q9GZS9	CHST5	Cytoplasmic; Lumenal	Helical; Signal-anchor for type II membrane protein			True		True
Q9GZT3	SLIRP								True	literature, APEX_matrix, GFP, targetP signal+, mito protein domain, induction, coexpression, MS/MS++	Matrix	True
Q9GZT5	WNT10A				True
Q9GZT8	NIF3L1								True	APEX_matrix, targetP signal, yeast mito homolog, coexpression, MS/MS+	Matrix
Q9GZU1	MCOLN1	Cytoplasmic; Extracellular	Helical	Pore-forming		True	True	True
Q9GZU5	NYX				True
Q9GZV3	SLC5A7	Extracellular; Cytoplasmic	Helical			True		True
Q9GZV7	HAPLN2				True
Q9GZV9	FGF23				True
Q9GZW8	MS4A7	Cytoplasmic; Extracellular	Helical			True		True
Q9GZX3	CHST6	Cytoplasmic; Lumenal	Helical; Signal-anchor for type II membrane protein			True		True
Q9GZX6	IL22				True
Q9GZX9	TWSG1				True
Q9GZY6	LAT2	Extracellular; Cytoplasmic	Helical; Signal-anchor for type III membrane protein			True		True
Q9GZY8	MFF	Cytoplasmic; Mitochondrial intermembrane	Helical; Anchor for type IV membrane protein			True		True	True	literature, induction, MS/MS	MOM	True
Q9GZZ6	CHRNA10	Extracellular; Cytoplasmic	Helical		True	True		True
Q9GZZ7	GFRA4				True
Q9GZZ8	LACRT				True
Q9H013	ADAM19	Extracellular; Cytoplasmic	Helical		True	True		True
Q9H015	SLC22A4	Cytoplasmic; Extracellular	Helical			True		True				True
Q9H019	MTFR1L								True	mito protein domain+, induction, coexpression, MS/MS	unknown	True
Q9H061	TMEM126A	Mitochondrial matrix; Mitochondrial intermembrane	Helical			True		True	True	literature, mito protein domain+, induction, coexpression++, MS/MS++	MIM	True
Q9H078	CLPB								True	APEX_IMS, targetP signal+, yeast mito homolog+, Rickettsial homolog, mito protein domain, MS/MS++	IMS	True
Q9H0B8	CRISPLD2				True
Q9H0C2	SLC25A31	Mitochondrial intermembrane; Mitochondrial matrix	Helical			True		True	True	literature, yeast mito homolog+, mito protein domain+, MS/MS++	MIM	True
Q9H0H0	INTS2		Helical			True
Q9H0H5	RACGAP1											True
Q9H0N5	PCBD2								True	targetP signal+, induction, MS/MS	unknown	True
Q9H0P0	NT5C3A											True
Q9H0Q3	FXYD6	Extracellular; Cytoplasmic	Helical		True	True		True
Q9H0R3	TMEM222	Extracellular; Cytoplasmic	Helical			True		True
Q9H0R6	QRSL1								True	literature, APEX_matrix, GFP, yeast mito homolog, Rickettsial homolog, mito protein domain, coexpression, MS/MS	Matrix	True
Q9H0U3	MAGT1	Extracellular; Cytoplasmic	Helical		True	True		True
Q9H0U6	MRPL18								True	literature, APEX_matrix, targetP signal+, Rickettsial homolog, mito protein domain, coexpression, MS/MS	Matrix	True
Q9H0V9	LMAN2L	Lumenal; Cytoplasmic	Helical		True	True		True
Q9H0X9	OSBPL5		Helical			True
Q9H112	CST11				True
Q9H156	SLITRK2	Extracellular; Cytoplasmic	Helical		True	True		True
Q9H159	CDH19	Extracellular; Cytoplasmic	Helical		True	True		True
Q9H172	ABCG4	Cytoplasmic; Extracellular	Helical			True		True
Q9H173	SIL1				True
Q9H1A3	METTL9				True							True
Q9H1B5	XYLT2	Cytoplasmic; Lumenal	Helical; Signal-anchor for type II membrane protein			True		True
Q9H1C4	UNC93B1		Helical			True
Q9H1D0	TRPV6	Cytoplasmic; Extracellular	Helical	Pore-forming		True	True	True
Q9H1E1	RNASE7				True
Q9H1J5	WNT8A				True
Q9H1J7	WNT5B				True
Q9H1K1	ISCU								True	literature, APEX_matrix, targetP signal+, yeast mito homolog++, Rickettsial homolog, mito protein domain, MS/MS++	Matrix	True
Q9H1K4	SLC25A18		Helical			True			True	literature, yeast mito homolog+, mito protein domain+, MS/MS++	MIM	True
Q9H1M4	DEFB127				True
Q9H1N7	SLC35B3		Helical			True
Q9H1U9	SLC25A51		Helical			True			True	GFP, yeast mito homolog+, mito protein domain+, coexpression, MS/MS++	MIM	True
Q9H1V8	SLC6A17	Cytoplasmic; Extracellular	Helical			True		True
Q9H1Y3	OPN3	Extracellular; Cytoplasmic	Helical			True		True
Q9H221	ABCG8	Cytoplasmic; Extracellular	Helical			True		True
Q9H222	ABCG5	Cytoplasmic; Extracellular	Helical			True		True
Q9H228	S1PR5	Extracellular; Cytoplasmic	Helical			True		True
Q9H237	PORCN	Cytoplasmic; Extracellular	Helical			True		True
Q9H239	MMP28				True
Q9H244	P2RY12	Extracellular; Cytoplasmic	Helical			True		True
Q9H251	CDH23	Extracellular; Cytoplasmic	Helical		True	True		True
Q9H252	KCNH6	Cytoplasmic; Extracellular	Helical; Helical; Voltage-sensor	Pore-forming		True	True	True
Q9H255	OR51E2	Extracellular; Cytoplasmic	Helical			True		True
Q9H293	IL25				True
Q9H295	DCSTAMP	Cytoplasmic; Extracellular	Helical			True		True
Q9H2A7	CXCL16	Extracellular; Cytoplasmic	Helical		True	True		True
Q9H2A9	CHST8	Cytoplasmic; Lumenal	Helical; Signal-anchor for type II membrane protein			True		True
Q9H2B2	SYT4	Vesicular; Cytoplasmic	Helical			True		True
Q9H2B4	SLC26A1		Helical			True
Q9H2C2	ARV1		Helical			True
Q9H2D1	SLC25A32		Helical			True			True	literature, targetP signal, yeast mito homolog+, mito protein domain+	MIM	True
Q9H2E6	SEMA6A	Extracellular; Cytoplasmic	Helical		True	True		True
Q9H2F3	HSD3B7		Helical			True
Q9H2H9	SLC38A1	Cytoplasmic; Extracellular	Helical			True		True
Q9H2J7	SLC6A15	Cytoplasmic; Extracellular	Helical			True		True
Q9H2K0	MTIF3								True	literature, APEX_matrix, Rickettsial homolog, mito protein domain, coexpression	Matrix	True
Q9H2L4	TMEM60		Helical			True
Q9H2R5	KLK15				True
Q9H2S1	KCNN2		Helical	Pore-forming		True	True
Q9H2S6	TNMD	Cytoplasmic; Extracellular	Helical; Signal-anchor for type II membrane protein			True		True
Q9H2U2	PPA2								True	literature, APEX_matrix, targetP signal+, Rickettsial homolog, mito protein domain, coexpression, MS/MS++	Matrix	True
Q9H2U9	ADAM7	Extracellular; Cytoplasmic	Helical		True	True		True
Q9H2V7	SPNS1		Helical			True
Q9H2W1	MS4A6A	Cytoplasmic; Extracellular	Helical			True		True
Q9H2W6	MRPL46								True	literature, APEX_matrix, targetP signal+, yeast mito homolog++, mito protein domain, induction, coexpression++, MS/MS++	Matrix	True
Q9H2X0	CHRD				True
Q9H2X3	CLEC4M	Cytoplasmic; Extracellular	Helical; Signal-anchor for type II membrane protein			True		True
Q9H2X9	SLC12A5	Cytoplasmic; Extracellular	Discontinuously helical; Helical			True		True
Q9H300	PARL	Mitochondrial matrix; Mitochondrial intermembrane	Helical			True		True	True	literature, yeast mito homolog++, mito protein domain, MS/MS	MIM	True
Q9H306	MMP27				True
Q9H310	RHBG	Cytoplasmic; Extracellular	Helical			True		True
Q9H313	TTYH1	Extracellular; Cytoplasmic	Helical			True		True
Q9H324	ADAMTS10				True
Q9H3H1	TRIT1								True	literature, APEX_matrix, targetP signal, yeast mito homolog, Rickettsial homolog, mito protein domain, coexpression	Matrix	True
Q9H3H5	DPAGT1	Lumenal; Cytoplasmic	Helical			True		True
Q9H3J6	MTRFR								True	literature, yeast mito homolog++, Rickettsial homolog, mito protein domain, MS/MS	Matrix	True
Q9H3K2	GHITM	Mitochondrial matrix; Mitochondrial intermembrane	Helical			True		True	True	literature, APEX_IMS, targetP signal+, Rickettsial homolog, mito protein domain+, induction, coexpression++, MS/MS	MIM	True
Q9H3L0	MMADHC								True	APEX_matrix, targetP signal, induction, coexpression	Matrix	True
Q9H3M0	KCNF1	Cytoplasmic	Helical; Helical; Voltage-sensor	Pore-forming		True	True	True
Q9H3N1	TMX1	Extracellular; Cytoplasmic	Helical		True	True		True
Q9H3N8	HRH4	Extracellular; Cytoplasmic	Helical			True		True
Q9H3Q3	GAL3ST2	Cytoplasmic; Lumenal	Helical; Signal-anchor for type II membrane protein			True		True
Q9H3R1	NDST4	Cytoplasmic; Lumenal	Helical; Signal-anchor for type II membrane protein			True		True
Q9H3R2	MUC13	Extracellular; Cytoplasmic	Helical		True	True		True
Q9H3S1	SEMA4A	Extracellular; Cytoplasmic	Helical		True	True		True
Q9H3S3	TMPRSS5	Cytoplasmic; Extracellular	Helical; Signal-anchor for type II membrane protein			True		True
Q9H3S5	PIGM	Cytoplasmic; Lumenal	Helical			True		True
Q9H3T2	SEMA6C	Extracellular; Cytoplasmic	Helical		True	True		True
Q9H3T3	SEMA6B	Extracellular; Cytoplasmic	Helical		True	True		True
Q9H3U5	MFSD1		Helical			True
Q9H3U7	SMOC2				True
Q9H400	LIME1	Extracellular; Cytoplasmic	Helical; Signal-anchor for type III membrane protein			True		True
Q9H427	KCNK15	Cytoplasmic	Helical	Pore-forming		True	True	True
Q9H461	FZD8	Extracellular; Cytoplasmic	Helical		True	True		True
Q9H488	POFUT1				True
Q9H490	PIGU	Cytoplasmic; Lumenal	Helical			True		True
Q9H497	TOR3A				True
Q9H4A6	GOLPH3								True	literature, induction	IMS	True
Q9H4A9	DPEP2				True
Q9H4B0	OSGEPL1								True	APEX_matrix, targetP signal, yeast mito homolog, Rickettsial homolog, mito protein domain, coexpression	Matrix	True
Q9H4D0	CLSTN2	Extracellular; Cytoplasmic	Helical		True	True		True
Q9H4F1	ST6GALNAC4	Cytoplasmic; Lumenal	Helical; Signal-anchor for type II membrane protein			True		True
Q9H4F8	SMOC1				True
Q9H4I3	TRABD	Cytoplasmic; Mitochondrial intermembrane	Helical			True		True				True
Q9H4I9	SMDT1	Mitochondrial matrix; Mitochondrial intermembrane	Helical			True		True	True	literature, targetP signal, mito protein domain+, induction, coexpression+, MS/MS	MIM	True
Q9H4K7	MTG2								True	literature, APEX_matrix, targetP signal+, yeast mito homolog+, Rickettsial homolog, mito protein domain, coexpression	Matrix	True
Q9H553	ALG2	Cytoplasmic		Helical			True	True
Q9H598	SLC32A1	Cytoplasmic; Lumenal, vesicle	Helical			True		True
Q9H5I5	PIEZO2	Cytoplasmic; Extracellular	Helical			True		True
Q9H5J4	ELOVL6		Helical			True
Q9H5K3	POMK	Cytoplasmic; Lumenal	Helical; Signal-anchor for type II membrane protein			True		True
Q9H5Q4	TFB2M								True	literature, APEX_matrix, targetP signal+, mito protein domain	Matrix	True
Q9H5V8	CDCP1	Extracellular; Cytoplasmic	Helical		True	True		True
Q9H5Y7	SLITRK6	Extracellular; Cytoplasmic	Helical		True	True		True
Q9H611	PIF1								True	literature, targetP signal+, yeast mito homolog, mito protein domain	Matrix
Q9H649	NSUN3								True	APEX_matrix, mito protein domain	Matrix	True
Q9H6B4	CLMP	Extracellular; Cytoplasmic	Helical		True	True		True
Q9H6B9	EPHX3		Helical			True
Q9H6D3	XKR8	Cytoplasmic; Extracellular	Helical			True		True
Q9H6E4	CCDC134				True
Q9H6H4	REEP4		Helical			True
Q9H6K4	OPA3								True	literature, targetP signal, coexpression, MS/MS++	MOM	True
Q9H6L2	TMEM231		Helical			True
Q9H6L5	RETREG1	Cytoplasmic; Lumenal	Helical			True		True
Q9H6R3	ACSS3								True	Rickettsial homolog, mito protein domain, MS/MS	Matrix	True
Q9H6R6	ZDHHC6	Cytoplasmic; Lumenal	Helical			True		True
Q9H6U8	ALG9	Lumenal; Cytoplasmic	Helical			True		True
Q9H6X2	ANTXR1	Extracellular; Cytoplasmic	Helical		True	True		True
Q9H6Y7	RNF167		Helical		True	True
Q9H741	SPRING1	Cytoplasmic; Lumenal	Helical			True		True
Q9H772	GREM2				True
Q9H799	CPLANE1		Helical			True
Q9H7F0	ATP13A3	Cytoplasmic; Lumenal	Helical			True	True	True
Q9H7H0	METTL17								True	GFP, yeast mito homolog++, mito protein domain+	Matrix	True
Q9H7M9	VSIR	Extracellular; Cytoplasmic	Helical		True	True		True
Q9H7S9	ZNF703											True
Q9H7V2	SYNDIG1	Cytoplasmic; Extracellular	Helical	Helical		True	True	True
Q9H7X0	NAA60	Cytoplasmic		Helical			True	True
Q9H7Z7	PTGES2	Lumenal; Cytoplasmic	Helical			True		True	True	literature, APEX_IMS, APEX_matrix, targetP signal, mito protein domain, induction, coexpression+, MS/MS++	MIM	True
Q9H813	PACC1	Cytoplasmic; Extracellular	Helical			True		True
Q9H825	METTL8								True	APEX_matrix, targetP signal, Rickettsial homolog, mito protein domain	Matrix
Q9H845	ACAD9								True	literature, APEX_matrix, targetP signal+, mito protein domain+, MS/MS++	MIM	True
Q9H8H3	TMT1A				True
Q9H8L6	MMRN2				True
Q9H8M5	CNNM2	Extracellular; Cytoplasmic	Helical	Helical		True	True	True
Q9H8M9	EVA1A		Helical			True
Q9H8P0	SRD5A3	Cytoplasmic; Lumenal	Helical			True		True
Q9H8X9	ZDHHC11	Cytoplasmic; Lumenal	Helical			True		True
Q9H902	REEP1		Helical			True
Q9H903	MTHFD2L								True	literature, targetP signal+, yeast mito homolog+, Rickettsial homolog, mito protein domain	Matrix	True
Q9H936	SLC25A22		Helical			True			True	literature, yeast mito homolog+, mito protein domain+, MS/MS++	MIM	True
Q9H974	QTRT2											True
Q9H9B4	SFXN1	Mitochondrial matrix; Mitochondrial intermembrane	Helical			True		True	True	literature, mito protein domain+, coexpression, MS/MS++	MIM	True
Q9H9J2	MRPL44								True	literature, APEX_matrix, targetP signal, yeast mito homolog++, induction, coexpression+, MS/MS++	Matrix	True
Q9H9K5	ERVMER34-1	Extracellular; Cytoplasmic	Helical		True	True		True
Q9H9P2	CHODL	Extracellular; Cytoplasmic	Helical		True	True		True
Q9H9P8	L2HGDH								True	literature, APEX_matrix, targetP signal+, mito protein domain, induction, coexpression, MS/MS++	MIM	True
Q9H9S5	FKRP	Cytoplasmic; Lumenal	Helical			True		True
Q9H9V4	RNF122		Helical			True
Q9HA72	CALHM2	Cytoplasmic; Extracellular	Helical			True		True
Q9HA77	CARS2								True	APEX_matrix, targetP signal, Rickettsial homolog, mito protein domain, coexpression++, MS/MS	Matrix	True
Q9HA82	CERS4	Lumenal; Cytoplasmic	Helical			True		True
Q9HAB3	SLC52A2		Helical			True
Q9HAC7	SUGCT								True	APEX_matrix, targetP signal, mito protein domain, coexpression, MS/MS+	Matrix	True
Q9HAR2	ADGRL3	Extracellular; Cytoplasmic	Helical		True	True		True
Q9HAS3	SLC28A3	Cytoplasmic; Extracellular	Helical	Helical		True	True	True
Q9HAT2	SIAE				True
Q9HAV5	EDA2R	Extracellular; Cytoplasmic	Helical; Signal-anchor for type III membrane protein			True		True
Q9HAV7	GRPEL1								True	literature, APEX_matrix, targetP signal+, Rickettsial homolog, mito protein domain+, induction, coexpression++, MS/MS++	Matrix	True
Q9HAW7	UGT1A7		Helical		True	True
Q9HAW8	UGT1A10		Helical		True	True
Q9HAW9	UGT1A8		Helical		True	True
Q9HB03	ELOVL3		Helical			True
Q9HB07	MYG1											True
Q9HB14	KCNK13	Cytoplasmic; Extracellular	Helical			True		True
Q9HB15	KCNK12	Cytoplasmic	Helical	Pore-forming		True	True	True
Q9HB29	IL1RL2	Extracellular; Cytoplasmic	Helical		True	True		True
Q9HB63	NTN4				True
Q9HB89	NMUR1	Extracellular; Cytoplasmic	Helical			True		True
Q9HBA0	TRPV4	Cytoplasmic; Extracellular	Helical	Pore-forming		True	True	True
Q9HBB8	CDHR5	Extracellular; Cytoplasmic	Helical		True	True		True
Q9HBE4	IL21				True
Q9HBE5	IL21R	Extracellular; Cytoplasmic	Helical		True	True		True
Q9HBG4	ATP6V0A4	Cytoplasmic; Vacuolar	Helical			True		True
Q9HBG7	LY9	Extracellular; Cytoplasmic	Helical		True	True		True
Q9HBH1	PDF								True	APEX_matrix, Rickettsial homolog, mito protein domain+, coexpression, MS/MS	Matrix	True
Q9HBH5	RDH14								True	yeast mito homolog+, Rickettsial homolog, mito protein domain, coexpression, MS/MS	Membrane
Q9HBI6	CYP4F11		Helical			True
Q9HBJ8	CLTRN	Extracellular; Cytoplasmic	Helical		True	True		True
Q9HBM0	VEZT		Helical			True
Q9HBT6	CDH20	Extracellular; Cytoplasmic	Helical		True	True		True
Q9HBV2	SPACA1	Extracellular; Cytoplasmic	Helical		True	True		True
Q9HBW0	LPAR2	Extracellular; Cytoplasmic	Helical			True		True
Q9HBW1	LRRC4	Extracellular; Cytoplasmic	Helical		True	True		True
Q9HBW9	ADGRL4	Extracellular; Cytoplasmic	Helical		True	True		True
Q9HBX8	LGR6	Extracellular; Cytoplasmic	Helical		True	True		True
Q9HBX9	RXFP1	Extracellular; Cytoplasmic	Helical			True		True
Q9HBY0	NOX3	Cytoplasmic; Extracellular	Helical			True		True
Q9HC07	TMEM165	Lumenal; Cytoplasmic	Helical		True	True		True
Q9HC10	OTOF	Cytoplasmic; Extracellular	Helical; Anchor for type IV membrane protein			True		True
Q9HC21	SLC25A19		Helical			True			True	literature, yeast mito homolog++, mito protein domain+, induction, coexpression, MS/MS	MIM	True
Q9HC23	PROK2				True
Q9HC24	TMBIM4	Cytoplasmic; Lumenal	Helical	Helical		True	True	True
Q9HC36	MRM3								True	APEX_matrix, GFP, targetP signal+, mito protein domain+, induction, coexpression	Matrix	True
Q9HC58	SLC24A3	Extracellular; Cytoplasmic	Helical		True	True		True
Q9HC73	CRLF2	Extracellular; Cytoplasmic	Helical		True	True		True
Q9HC84	MUC5B				True
Q9HC97	GPR35	Extracellular; Cytoplasmic	Helical			True		True
Q9HCB6	SPON1				True
Q9HCC0	MCCC2								True	literature, targetP signal, Rickettsial homolog, mito protein domain, coexpression+, MS/MS++	Matrix	True
Q9HCC8	GDPD2	Cytoplasmic; Extracellular	Helical			True		True
Q9HCE9	ANO8	Extracellular; Cytoplasmic	Helical			True		True
Q9HCF6	TRPM3	Cytoplasmic; Extracellular	Helical			True		True
Q9HCJ1	ANKH	Cytoplasmic; Extracellular	Helical			True		True
Q9HCJ2	LRRC4C		Helical		True	True
Q9HCK4	ROBO2	Extracellular; Cytoplasmic	Helical		True	True		True
Q9HCL2	GPAM	Cytoplasmic					True	True	True	literature, mito protein domain, coexpression	Membrane	True
Q9HCM2	PLXNA4	Extracellular; Cytoplasmic	Helical		True	True		True
Q9HCM3	KIAA1549		Helical			True
Q9HCN3	PGAP6	Extracellular; Cytoplasmic	Helical		True	True		True
Q9HCN6	GP6	Extracellular; Cytoplasmic	Helical		True	True		True
Q9HCN8	SDF2L1				True
Q9HCP6	HHATL		Helical			True
Q9HCQ5	GALNT9	Cytoplasmic; Lumenal	Helical; Signal-anchor for type II membrane protein			True		True
Q9HCQ7	NPVF				True
Q9HCS2	CYP4F12		Helical			True
Q9HCU0	CD248	Extracellular; Cytoplasmic	Helical		True	True		True
Q9HCU4	CELSR2	Extracellular; Cytoplasmic	Helical		True	True		True
Q9HCU5	PREB	Cytoplasmic; Lumenal	Helical			True		True
Q9HCX4	TRPC7	Cytoplasmic; Extracellular	Helical			True		True
Q9HD20	ATP13A1	Cytoplasmic; Extracellular	Helical			True		True
Q9HD23	MRS2	Mitochondrial matrix; Mitochondrial intermembrane	Helical			True		True	True	APEX_matrix, GFP, targetP signal, yeast mito homolog++, coexpression	MIM	True
Q9HD34	LYRM4								True	literature, APEX_matrix, targetP signal+, yeast mito homolog, mito protein domain+, induction, coexpression, MS/MS++	Matrix	True
Q9HD36	BCL2L10		Helical			True			True	manual, mito protein domain	MOM
Q9HD43	PTPRH	Extracellular; Cytoplasmic	Helical		True	True		True
Q9HD89	RETN				True
Q9HDB5	NRXN3	Extracellular; Cytoplasmic	Helical		True	True		True
Q9HDC5	JPH1	Cytoplasmic	Helical; Anchor for type IV membrane protein			True		True
Q9HDC9	APMAP	Cytoplasmic; Extracellular	Helical; Signal-anchor for type II membrane protein			True		True
Q9HDD0	PLAAT1	Cytoplasmic; Lumenal	Helical			True		True
Q9N2K0		Extracellular; Cytoplasmic	Helical		True	True		True
Q9NNW7	TXNRD2								True	literature, APEX_matrix, targetP signal+, Rickettsial homolog, mito protein domain, coexpression, MS/MS++	Matrix	True
Q9NNX6	CD209	Cytoplasmic; Extracellular	Helical; Signal-anchor for type II membrane protein			True		True
Q9NP55	BPIFA1				True
Q9NP58	ABCB6	Lumenal; Cytoplasmic	Helical			True		True	True	literature, yeast mito homolog+, Rickettsial homolog, mito protein domain, coexpression, MS/MS	MOM	True
Q9NP59	SLC40A1	Cytoplasmic; Extracellular	Helical			True		True
Q9NP60	IL1RAPL2	Extracellular; Cytoplasmic	Helical		True	True		True
Q9NP70	AMBN				True
Q9NP78	ABCB9		Helical			True
Q9NP80	PNPLA8		Helical			True			True	APEX_matrix, Rickettsial homolog, induction, coexpression++, MS/MS+	MIM	True
Q9NP81	SARS2								True	literature, APEX_matrix, targetP signal, yeast mito homolog++, Rickettsial homolog, mito protein domain, MS/MS	Matrix	True
Q9NP84	TNFRSF12A	Extracellular; Cytoplasmic	Helical		True	True		True
Q9NP85	NPHS2	Cytoplasmic					True	True
Q9NP91	SLC6A20	Cytoplasmic; Extracellular	Helical			True		True
Q9NP94	SLC39A2	Extracellular; Cytoplasmic	Helical			True		True
Q9NP99	TREM1	Extracellular; Cytoplasmic	Helical		True	True		True
Q9NPA0	EMC7	Lumenal; Cytoplasmic	Helical		True	True		True
Q9NPA1	KCNMB3	Cytoplasmic; Extracellular	Helical			True		True
Q9NPA2	MMP25				True
Q9NPB0	SAYSD1	Cytoplasmic		Helical			True	True
Q9NPB1	NT5M								True	literature, targetP signal, mito protein domain, induction, MS/MS	Matrix	True
Q9NPB9	ACKR4	Extracellular; Cytoplasmic	Helical			True		True
Q9NPC1	LTB4R2	Extracellular; Cytoplasmic	Helical			True		True
Q9NPC2	KCNK9	Cytoplasmic; Extracellular	Helical	Pore-forming		True	True	True
Q9NPC4	A4GALT	Cytoplasmic; Lumenal	Helical; Signal-anchor for type II membrane protein			True		True
Q9NPD5	SLCO1B3	Cytoplasmic; Extracellular	Helical			True		True
Q9NPE2	NGRN				True				True	APEX_matrix, yeast mito homolog++, mito protein domain+, coexpression	Matrix	True
Q9NPE6	SPAG4		Helical			True
Q9NPF0	CD320	Extracellular; Cytoplasmic	Helical		True	True		True
Q9NPF2	CHST11	Cytoplasmic; Lumenal	Helical; Signal-anchor for type II membrane protein			True		True
Q9NPF7	IL23A				True
Q9NPG1	FZD3	Extracellular; Cytoplasmic	Helical		True	True		True
Q9NPG4	PCDH12	Extracellular; Cytoplasmic	Helical		True	True		True
Q9NPG8	ZDHHC4	Lumenal; Cytoplasmic	Helical			True		True
Q9NPH0	ACP6								True	literature, APEX_IMS, mito protein domain, MS/MS++	IMS	True
Q9NPH3	IL1RAP	Extracellular; Cytoplasmic	Helical		True	True		True
Q9NPH5	NOX4	Cytoplasmic; Extracellular	Helical			True		True
Q9NPH9	IL26				True
Q9NPI0	TMEM138		Helical			True
Q9NPI9	KCNJ16	Cytoplasmic; Extracellular	Helical	Helical; Pore-forming		True	True	True
Q9NPJ3	ACOT13								True	mito protein domain, induction, coexpression, MS/MS++	Matrix	True
Q9NPL8	TIMMDC1		Helical			True			True	literature, APEX_IMS, APEX_matrix, mito protein domain+, MS/MS++	MIM	True
Q9NPR2	SEMA4B	Extracellular; Cytoplasmic	Helical		True	True		True
Q9NPR9	GPR108		Helical		True	True
Q9NPY3	CD93	Extracellular; Cytoplasmic	Helical		True	True		True
Q9NPZ5	B3GAT2	Cytoplasmic; Lumenal	Helical; Signal-anchor for type II membrane protein			True		True
Q9NQ11	ATP13A2	Cytoplasmic; Lumenal	Helical			True	True	True
Q9NQ25	SLAMF7	Extracellular; Cytoplasmic	Helical		True	True		True
Q9NQ30	ESM1				True
Q9NQ34	TMEM9B		Helical		True	True
Q9NQ36	SCUBE2				True
Q9NQ38	SPINK5				True
Q9NQ40	SLC52A3	Cytoplasmic; Extracellular	Helical			True		True
Q9NQ50	MRPL40								True	literature, APEX_matrix, targetP signal+, yeast mito homolog++, mito protein domain+, induction, coexpression, MS/MS	Matrix	True
Q9NQ76	MEPE				True
Q9NQ79	CRTAC1				True
Q9NQ84	GPRC5C	Extracellular; Cytoplasmic	Helical		True	True		True
Q9NQ90	ANO2	Cytoplasmic; Extracellular	Helical			True		True
Q9NQA5	TRPV5	Cytoplasmic; Extracellular	Helical	Pore-forming		True	True	True
Q9NQC3	RTN4	Cytoplasmic; Lumenal	Helical			True		True
Q9NQE9	HINT3								True	Rickettsial homolog, mito protein domain, induction, coexpression+	unknown	True
Q9NQG1	MANBAL		Helical			True
Q9NQG6	MIEF1	Mitochondrial intermembrane; Cytoplasmic	Helical			True		True	True	literature, mito protein domain, induction, coexpression	MOM|Matrix	True
Q9NQH7	XPNPEP3								True	literature, APEX_matrix, yeast mito homolog, Rickettsial homolog, mito protein domain, coexpression, MS/MS+	Matrix	True
Q9NQQ7	SLC35H1		Helical			True
Q9NQR4	NIT2								True	Rickettsial homolog, mito protein domain, coexpression, MS/MS++	unknown	True
Q9NQR9	G6PC2	Lumenal; Cytoplasmic	Helical			True		True
Q9NQS3	NECTIN3	Extracellular; Cytoplasmic	Helical		True	True		True
Q9NQS5	GPR84	Extracellular; Cytoplasmic	Helical			True		True
Q9NQW8	CNGB3	Cytoplasmic; Extracellular	Helical			True		True
Q9NQX5	NPDC1		Helical		True	True
Q9NQX7	ITM2C		Helical; Signal-anchor for type II membrane protein			True
Q9NQZ5	STARD7								True	APEX_IMS, targetP signal, mito protein domain, induction, coexpression+	IMS	True
Q9NQZ7	ENTPD7	Cytoplasmic; Vesicular	Helical			True		True
Q9NR16	CD163L1	Extracellular; Cytoplasmic	Helical		True	True		True
Q9NR23	GDF3				True
Q9NR28	DIABLO								True	literature, APEX_IMS, targetP signal+, mito protein domain+, MS/MS	IMS	True
Q9NR34	MAN1C1	Cytoplasmic; Lumenal	Helical; Signal-anchor for type II membrane protein			True		True
Q9NR61	DLL4	Extracellular; Cytoplasmic	Helical		True	True		True
Q9NR71	ASAH2	Cytoplasmic; Lumenal	Helical; Signal-anchor for type II membrane protein			True		True
Q9NR82	KCNQ5	Cytoplasmic; Extracellular	Helical; Helical; Voltage-sensor	Pore-forming		True	True	True
Q9NR96	TLR9	Extracellular; Cytoplasmic	Helical		True	True		True
Q9NR97	TLR8	Extracellular; Cytoplasmic	Helical		True	True		True
Q9NR99	MXRA5				True
Q9NRA0	SPHK2								True	literature, mito protein domain	MIM
Q9NRA1	PDGFC				True
Q9NRA2	SLC17A5	Cytoplasmic; Lumenal	Helical			True		True
Q9NRB3	CHST12	Cytoplasmic; Lumenal	Helical; Signal-anchor for type II membrane protein			True		True
Q9NRC1	ST7		Helical			True
Q9NRD5	PICK1								True	literature, mito protein domain	unknown
Q9NRD8	DUOX2	Extracellular; Cytoplasmic	Helical		True	True		True
Q9NRD9	DUOX1	Extracellular; Cytoplasmic	Helical		True	True		True
Q9NRE1	MMP26				True
Q9NRF8	CTPS2											True
Q9NRJ3	CCL28				True
Q9NRJ7	PCDHB16	Extracellular; Cytoplasmic	Helical		True	True		True
Q9NRK6	ABCB10	Mitochondrial matrix; Mitochondrial intermembrane	Helical			True		True	True	literature, APEX_matrix, yeast mito homolog+, Rickettsial homolog, mito protein domain, induction, coexpression, MS/MS+	MIM	True
Q9NRM0	SLC2A9	Cytoplasmic; Extracellular	Helical			True		True
Q9NRM1	ENAM				True
Q9NRM6	IL17RB	Extracellular; Cytoplasmic	Helical		True	True		True
Q9NRN9	METTL5								True	Rickettsial homolog, mito protein domain+, induction, coexpression	Matrix
Q9NRP0	OSTC	Cytoplasmic; Extracellular	Helical			True		True
Q9NRQ2	PLSCR4	Cytoplasmic; Extracellular	Helical			True		True
Q9NRQ5	SMCO4		Helical			True
Q9NRR2	TPSG1		Helical		True	True
Q9NRS4	TMPRSS4	Cytoplasmic; Extracellular	Helical; Signal-anchor for type II membrane protein			True		True
Q9NRX2	MRPL17								True	literature, APEX_matrix, targetP signal+, yeast mito homolog++, Rickettsial homolog, mito protein domain, coexpression, MS/MS	Matrix	True
Q9NRX5	SERINC1	Cytoplasmic; Lumenal	Helical			True		True
Q9NRX6	TMEM167B	Extracellular; Cytoplasmic	Helical		True	True		True
Q9NRY6	PLSCR3	Mitochondrial intermembrane	Helical			True		True	True	literature, mito protein domain	MIM	True
Q9NRY7	PLSCR2	Cytoplasmic; Extracellular	Helical			True		True
Q9NRZ5	AGPAT4		Helical			True			True	literature, mito protein domain, induction	MOM
Q9NRZ7	AGPAT3	Cytoplasmic; Lumenal	Helical			True		True
Q9NS00	C1GALT1	Cytoplasmic; Lumenal	Helical; Signal-anchor for type II membrane protein			True		True
Q9NS15	LTBP3				True
Q9NS18	GLRX2								True	literature, targetP signal+, yeast mito homolog, Rickettsial homolog, mito protein domain, coexpression, MS/MS	Matrix	True
Q9NS40	KCNH7	Cytoplasmic; Extracellular	Helical; Helical; Voltage-sensor	Pore-forming		True	True	True
Q9NS62	THSD1	Extracellular; Cytoplasmic	Helical		True	True		True
Q9NS64	RPRM		Helical			True
Q9NS68	TNFRSF19	Extracellular; Cytoplasmic	Helical		True	True		True
Q9NS69	TOMM22	Cytoplasmic; Mitochondrial intermembrane	Helical			True		True	True	literature, yeast mito homolog++, mito protein domain+, coexpression, MS/MS++	MOM	True
Q9NS71	GKN1				True
Q9NS75	CYSLTR2	Extracellular; Cytoplasmic	Helical			True		True
Q9NS82	SLC7A10		Helical			True
Q9NS84	CHST7	Cytoplasmic; Lumenal	Helical; Signal-anchor for type II membrane protein			True		True
Q9NSA0	SLC22A11	Cytoplasmic; Extracellular	Helical			True		True
Q9NSA1	FGF21				True
Q9NSA2	KCND1	Cytoplasmic; Extracellular	Helical; Helical; Voltage-sensor	Helical		True	True	True
Q9NSC7	ST6GALNAC1	Cytoplasmic; Lumenal	Helical; Signal-anchor for type II membrane protein			True		True
Q9NSD5	SLC6A13	Cytoplasmic; Extracellular	Helical			True		True
Q9NSE4	IARS2								True	APEX_matrix, targetP signal+, yeast mito homolog++, Rickettsial homolog, mito protein domain, coexpression++, MS/MS++	Matrix	True
Q9NSK7	C19orf12		Helical			True						True
Q9NST1	PNPLA3	Cytoplasmic; Lumenal	Helical; Signal-anchor for type II membrane protein			True		True
Q9NT22	EMILIN3				True
Q9NT68	TENM2	Cytoplasmic; Extracellular	Helical			True		True
Q9NT99	LRRC4B	Extracellular; Cytoplasmic	Helical		True	True		True
Q9NTG1	PKDREJ	Extracellular; Cytoplasmic	Helical		True	True		True
Q9NTG7	SIRT3								True	literature, APEX_matrix, mito protein domain, induction, coexpression, MS/MS+	Matrix	True
Q9NTI2	ATP8A2	Cytoplasmic; Extracellular	Helical			True		True
Q9NTJ5	SACM1L	Cytoplasmic; Lumenal	Helical			True		True
Q9NTN3	SLC35D1		Helical			True
Q9NTN9	SEMA4G	Extracellular; Cytoplasmic	Helical		True	True		True
Q9NTQ9	GJB4	Cytoplasmic; Extracellular	Helical			True	True	True
Q9NUB1	ACSS1								True	literature, APEX_matrix, targetP signal, mito protein domain, MS/MS++	MIM	True
Q9NUD9	PIGV	Cytoplasmic; Lumenal	Helical			True		True
Q9NUE0	ZDHHC18	Cytoplasmic; Lumenal	Helical			True		True
Q9NUH8	TMEM14B		Helical			True
Q9NUJ1	ABHD10								True	literature, APEX_IMS, APEX_matrix, Rickettsial homolog, mito protein domain, MS/MS++	Matrix	True
Q9NUL7	DDX28								True	literature, APEX_matrix, targetP signal, Rickettsial homolog, mito protein domain	Matrix	True
Q9NUM3	SLC39A9		Helical			True
Q9NUM4	TMEM106B	Cytoplasmic; Lumenal	Helical			True		True
Q9NUN5	LMBRD1	Extracellular; Cytoplasmic	Helical			True		True
Q9NUN7	ACER3	Cytoplasmic; Lumenal	Helical			True		True
Q9NUQ2	AGPAT5		Helical			True			True	literature, Rickettsial homolog, mito protein domain, induction, MS/MS	MOM	True
Q9NUT2	ABCB8	Mitochondrial matrix; Mitochondrial intermembrane	Helical			True		True	True	literature, targetP signal+, Rickettsial homolog, mito protein domain, coexpression++, MS/MS++	MIM	True
Q9NUV7	SPTLC3		Helical			True
Q9NV12	TMEM140	Cytoplasmic; Extracellular	Helical			True		True
Q9NV29	TMEM100		Helical			True
Q9NV58	RNF19A		Helical			True
Q9NV64	TMEM39A		Helical			True
Q9NV92	NDFIP2	Cytoplasmic; Extracellular	Helical			True		True
Q9NV96	TMEM30A	Cytoplasmic; Exoplasmic loop	Helical			True		True
Q9NVA1	UQCC1								True	literature, APEX_matrix, targetP signal, yeast mito homolog, mito protein domain+, coexpression++, MS/MS++	MIM	True
Q9NVC3	SLC38A7		Helical			True
Q9NVH0	EXD2	Mitochondrial intermembrane; Cytoplasmic	Helical			True		True	True	literature, mito protein domain	Matrix	True
Q9NVH1	DNAJC11								True	GFP, yeast mito homolog+, Rickettsial homolog, mito protein domain, coexpression, MS/MS++	MOM	True
Q9NVH6	TMLHE								True	literature, APEX_matrix, mito protein domain, MS/MS	Matrix	True
Q9NVI7	ATAD3A	Mitochondrial intermembrane; Mitochondrial matrix	Helical			True		True	True	APEX_IMS, APEX_matrix, GFP, Rickettsial homolog, mito protein domain+, coexpression, MS/MS++	MIM	True
Q9NVJ2	ARL8B			Note=Mediates targeting to membranes			True
Q9NVS9	PNPO								True	APEX_matrix, yeast mito homolog++, coexpression, MS/MS	Matrix	True
Q9NVT9	ARMC1											True
Q9NVV0	TMEM38B	Lumenal; Cytoplasmic	Helical;Name=1; Helical;Name=2; Helical;Name=3; Helical;Name=4; Helical;Name=5; Helical;Name=6; Helical;Name=7			True		True
Q9NVV4	MTPAP								True	literature, APEX_matrix, targetP signal+, mito protein domain, induction	Matrix	True
Q9NVV5	AIG1	Cytoplasmic; Extracellular	Helical			True		True
Q9NW15	ANO10	Cytoplasmic; Extracellular	Helical			True		True
Q9NW81	DMAC2								True	APEX_matrix, GFP, targetP signal, induction, MS/MS	MIM	True
Q9NW97	TMEM51		Helical			True
Q9NWD8	TMEM248		Helical			True
Q9NWF4	SLC52A1		Helical			True
Q9NWH2	TMEM242	Mitochondrial matrix; Mitochondrial intermembrane	Helical			True		True				True
Q9NWH7	SPATA6				True
Q9NWM8	FKBP14				True
Q9NWQ8	PAG1	Extracellular; Cytoplasmic	Helical; Signal-anchor for type III membrane protein			True		True
Q9NWR8	MCUB		Helical			True			True	literature, targetP signal, mito protein domain+	MIM	True
Q9NWS6	FAM118A		Helical			True
Q9NWS8	RMND1								True	literature, GFP, targetP signal, yeast mito homolog++, Rickettsial homolog, mito protein domain, MS/MS	MIM	True
Q9NWT8	AURKAIP1								True	GFP, targetP signal, yeast mito homolog++, mito protein domain, coexpression+	Matrix	True
Q9NWU1	OXSM								True	literature, APEX_matrix, targetP signal, Rickettsial homolog, mito protein domain, MS/MS++	Matrix	True
Q9NWU5	MRPL22								True	literature, APEX_matrix, targetP signal, yeast mito homolog++, Rickettsial homolog, mito protein domain, MS/MS++	Matrix	True
Q9NWW5	CLN6		Helical			True
Q9NWW9	PLAAT2	Cytoplasmic; Lumenal	Helical			True		True
Q9NWX6	THG1L								True	literature, targetP signal, coexpression	Matrix	True
Q9NX14	NDUFB11		Helical			True			True	literature, APEX_IMS, APEX_matrix, targetP signal+, coexpression++, MS/MS++	MIM	True
Q9NX18	SDHAF2								True	GFP, targetP signal, yeast mito homolog++, Rickettsial homolog, mito protein domain+, induction, coexpression, MS/MS	Matrix	True
Q9NX40	OCIAD1								True	APEX_IMS, GFP, MS/MS++	MOM	True
Q9NX46	ADPRS											True
Q9NX47	MARCHF5		Helical			True			True	literature, mito protein domain, coexpression, MS/MS	MOM	True
Q9NX52	RHBDL2		Helical			True
Q9NX61	TMEM161A	Extracellular; Cytoplasmic	Helical		True	True		True
Q9NX62	BPNT2	Cytoplasmic; Lumenal	Helical			True		True
Q9NX63	CHCHD3								True	literature, APEX_IMS, APEX_matrix, GFP, yeast mito homolog, induction, coexpression++, MS/MS++	MIM	True
Q9NX74	DUS2								True	GFP, Rickettsial homolog, mito protein domain	Matrix	True
Q9NX76	CMTM6	Cytoplasmic; Extracellular	Helical			True		True
Q9NX78	TMEM260	Lumenal	Helical			True		True
Q9NX94	WBP1L		Helical			True
Q9NX95	SYBU		Helical			True						True
Q9NXA8	SIRT5								True	literature, APEX_matrix, Rickettsial homolog, mito protein domain, induction, coexpression, MS/MS	Matrix	True
Q9NXB9	ELOVL2		Helical			True
Q9NXC2	GFOD1				True
Q9NXE4	SMPD4		Helical			True
Q9NXF8	ZDHHC7	Cytoplasmic; Lumenal	Helical			True		True
Q9NXG6	P4HTM	Cytoplasmic; Lumenal	Helical; Signal-anchor for type II membrane protein			True		True
Q9NXH9	TRMT1								True	targetP signal+, mito protein domain, coexpression	Matrix	True
Q9NXI6	RNF186		Helical			True
Q9NXS2	QPCTL		Helical			True
Q9NXW2	DNAJB12	Cytoplasmic; Lumenal	Helical			True		True
Q9NY15	STAB1	Extracellular; Cytoplasmic	Helical		True	True		True
Q9NY25	CLEC5A	Cytoplasmic; Extracellular	Helical; Signal-anchor for type II membrane protein			True		True
Q9NY26	SLC39A1	Extracellular; Cytoplasmic	Helical			True		True
Q9NY28	GALNT8	Cytoplasmic; Lumenal	Helical; Signal-anchor for type II membrane protein			True		True
Q9NY35	CLDND1		Helical			True
Q9NY37	ASIC5	Cytoplasmic; Extracellular	Helical			True		True
Q9NY46	SCN3A	Cytoplasmic; Extracellular	Helical	Pore-forming		True	True	True
Q9NY47	CACNA2D2	Extracellular; Cytoplasmic	Helical		True	True		True
Q9NY56	OBP2A				True
Q9NY59	SMPD3	Cytoplasmic		Helical			True	True
Q9NY64	SLC2A8	Cytoplasmic; Extracellular	Helical			True		True
Q9NY72	SCN3B	Extracellular; Cytoplasmic	Helical		True	True		True
Q9NY91	SLC5A4	Cytoplasmic; Extracellular	Helical			True		True
Q9NY97	B3GNT2	Cytoplasmic; Lumenal	Helical; Signal-anchor for type II membrane protein			True		True
Q9NYB5	SLCO1C1	Cytoplasmic; Extracellular	Helical			True		True
Q9NYG2	ZDHHC3	Cytoplasmic; Extracellular	Helical			True		True
Q9NYG8	KCNK4	Cytoplasmic; Extracellular	Helical	Helical		True	True	True
Q9NYJ7	DLL3	Extracellular; Cytoplasmic	Helical		True	True		True
Q9NYK1	TLR7	Extracellular; Cytoplasmic	Helical		True	True		True
Q9NYK5	MRPL39								True	literature, APEX_matrix, targetP signal, Rickettsial homolog, induction, coexpression, MS/MS	Matrix	True
Q9NYL5	CYP39A1		Helical		True	True
Q9NYM4	GPR83	Extracellular; Cytoplasmic	Helical		True	True		True
Q9NYM9	BET1L	Cytoplasmic; Lumenal	Helical; Anchor for type IV membrane protein			True		True
Q9NYP7	ELOVL5		Helical			True
Q9NYP8	EPCIP				True
Q9NYQ3	HAO2								True	yeast mito homolog+, Rickettsial homolog, mito protein domain, coexpression, MS/MS	unknown
Q9NYQ6	CELSR1	Extracellular; Cytoplasmic	Helical		True	True		True
Q9NYQ7	CELSR3	Extracellular; Cytoplasmic	Helical		True	True		True
Q9NYQ8	FAT2	Extracellular; Cytoplasmic	Helical		True	True		True
Q9NYR8	RDH8		Helical			True
Q9NYU1	UGGT2				True
Q9NYU2	UGGT1				True
Q9NYV7	TAS2R16	Extracellular; Cytoplasmic	Helical			True		True
Q9NYV8	TAS2R14	Extracellular; Cytoplasmic	Helical			True		True
Q9NYW0	TAS2R10	Extracellular; Cytoplasmic	Helical			True		True
Q9NYW4	TAS2R5	Extracellular; Cytoplasmic	Helical			True		True
Q9NYW5	TAS2R4	Extracellular; Cytoplasmic	Helical			True		True
Q9NYX4	CALY	Extracellular; Cytoplasmic	Helical			True		True
Q9NYY1	IL20				True
Q9NYY8	FASTKD2								True	literature, APEX_matrix, induction, coexpression, MS/MS	Matrix	True
Q9NYZ1	TVP23B		Helical			True
Q9NYZ2	SLC25A37		Helical			True			True	literature, yeast mito homolog+, mito protein domain+	MIM	True
Q9NYZ4	SIGLEC8	Extracellular; Cytoplasmic	Helical		True	True		True
Q9NZ01	TECR	Cytoplasmic; Lumenal	Helical			True		True
Q9NZ08	ERAP1	Cytoplasmic; Lumenal	Helical; Signal-anchor for type II membrane protein			True		True
Q9NZ20	PLA2G3				True
Q9NZ42	PSENEN	Cytoplasmic; Lumenal	Helical	Helical		True	True	True
Q9NZ43	USE1	Cytoplasmic; Lumenal	Helical; Anchor for type IV membrane protein			True		True
Q9NZ45	CISD1	Cytoplasmic	Helical; Signal-anchor for type III membrane protein			True		True	True	literature, mito protein domain, induction, coexpression++, MS/MS++	MOM	True
Q9NZ53	PODXL2	Extracellular; Cytoplasmic	Helical		True	True		True
Q9NZ94	NLGN3	Extracellular; Cytoplasmic	Helical		True	True		True
Q9NZA1	CLIC5		Helical; Note=After insertion into the membrane			True
Q9NZB8	MOCS1								True	APEX_matrix, targetP signal+, Rickettsial homolog, mito protein domain+, MS/MS+	Matrix	True
Q9NZC2	TREM2	Extracellular; Cytoplasmic	Helical		True	True		True
Q9NZC3	GDE1	Cytoplasmic; Lumenal	Helical			True		True
Q9NZD1	GPRC5D	Extracellular; Cytoplasmic	Helical			True		True
Q9NZE8	MRPL35								True	literature, APEX_matrix, targetP signal, mito protein domain, induction, coexpression++	Matrix	True
Q9NZG7	NINJ2	Extracellular; Cytoplasmic	Helical; Helical;Name=Helix alpha4			True		True
Q9NZH0	GPRC5B	Extracellular; Cytoplasmic	Helical		True	True		True
Q9NZJ5	EIF2AK3	Lumenal; Cytoplasmic	Helical		True	True		True
Q9NZJ6	COQ3								True	APEX_matrix, targetP signal, yeast mito homolog++, Rickettsial homolog, mito protein domain+, induction, coexpression+, MS/MS+	MIM	True
Q9NZJ7	MTCH1	Mitochondrial intermembrane; Cytoplasmic	Helical			True		True	True	literature, yeast mito homolog+, mito protein domain+, MS/MS++	MOM	True
Q9NZK5	ADA2				True
Q9NZK7	PLA2G2E				True
Q9NZM1	MYOF	Cytoplasmic; Extracellular	Helical; Anchor for type IV membrane protein			True		True
Q9NZM6	PKD2L2	Cytoplasmic; Extracellular	Helical			True		True
Q9NZN1	IL1RAPL1	Extracellular; Cytoplasmic	Helical		True	True		True
Q9NZP8	C1RL				True
Q9NZQ7	CD274	Extracellular; Cytoplasmic	Helical		True	True		True
Q9NZQ8	TRPM5	Cytoplasmic; Extracellular	Helical	Pore-forming		True	True	True
Q9NZR2	LRP1B	Extracellular; Cytoplasmic	Helical		True	True		True
Q9NZS2	KLRF1	Cytoplasmic; Extracellular	Helical; Signal-anchor for type II membrane protein			True		True
Q9NZS9	BFAR	Cytoplasmic; Lumenal	Helical			True		True
Q9NZU0	FLRT3	Extracellular; Cytoplasmic	Helical		True	True		True
Q9NZU1	FLRT1	Extracellular; Cytoplasmic	Helical		True	True		True
Q9NZV1	CRIM1	Extracellular; Cytoplasmic	Helical		True	True		True
Q9NZV5	SELENON				True
Q9NZV8	KCND2	Cytoplasmic; Extracellular	Helical; Helical; Voltage-sensor	Helical		True	True	True
Q9NZW4	DSPP				True
Q9P003	CNIH4		Helical			True
Q9P032	NDUFAF4								True	APEX_matrix, GFP, mito protein domain+, induction, coexpression++, MS/MS++	MIM	True
Q9P035	HACD3	Cytoplasmic; Lumenal	Helical			True		True
Q9P055	JKAMP	Lumenal; Cytoplasmic	Helical			True		True
Q9P0B6	CCDC167		Helical			True
Q9P0G3	KLK14				True
Q9P0I2	EMC3	Lumenal; Cytoplasmic	Helical			True		True
Q9P0J0	NDUFA13		Helical			True			True	literature, APEX_IMS, mito protein domain, coexpression++, MS/MS++	MIM	True
Q9P0J1	PDP1								True	literature, APEX_matrix, targetP signal, yeast mito homolog+, mito protein domain, MS/MS++	MIM	True
Q9P0K1	ADAM22	Extracellular; Cytoplasmic	Helical		True	True		True
Q9P0K9	FRRS1L		Helical		True	True
Q9P0L0	VAPA	Cytoplasmic	Helical; Anchor for type IV membrane protein			True		True
Q9P0L9	PKD2L1	Cytoplasmic; Extracellular	Helical	Pore-forming		True	True	True
Q9P0N5	TMEM216		Helical			True
Q9P0N8	MARCHF2		Helical			True
Q9P0P8	MTRES1								True	GFP, induction, coexpression++, MS/MS+	Matrix
Q9P0S2	COX16	Mitochondrial matrix; Mitochondrial intermembrane	Helical			True		True	True	APEX_IMS, GFP, yeast mito homolog++, mito protein domain+, MS/MS+	MIM	True
Q9P0S3	ORMDL1	Cytoplasmic; Extracellular	Helical			True		True
Q9P0S9	TMEM14C		Helical			True			True	literature, mito protein domain+, induction, coexpression, MS/MS+	MIM	True
Q9P0T7	TMEM9	Extracellular; Cytoplasmic	Helical		True	True		True
Q9P0U1	TOMM7	Cytoplasmic; Mitochondrial intermembrane	Helical			True		True	True	literature, yeast mito homolog++, mito protein domain+, coexpression, MS/MS++	MOM	True
Q9P0V8	SLAMF8	Extracellular; Cytoplasmic	Helical		True	True		True
Q9P0W0	IFNK				True
Q9P0X4	CACNA1I	Cytoplasmic; Extracellular	Helical			True		True
Q9P109	GCNT4	Cytoplasmic; Lumenal	Helical; Signal-anchor for type II membrane protein			True		True
Q9P121	NTM				True
Q9P126	CLEC1B	Cytoplasmic; Extracellular	Helical; Signal-anchor for type II membrane protein			True		True
Q9P1W3	TMEM63C	Extracellular; Cytoplasmic	Helical			True		True
Q9P1W8	SIRPG	Extracellular; Cytoplasmic	Helical		True	True		True
Q9P1Z3	HCN3	Cytoplasmic; Extracellular	Helical; Helical; Voltage-sensor	Pore-forming		True	True	True
Q9P232	CNTN3				True
Q9P241	ATP10D	Cytoplasmic; Exoplasmic loop	Helical			True		True
Q9P244	LRFN1	Extracellular; Cytoplasmic	Helical		True	True		True
Q9P246	STIM2	Extracellular; Cytoplasmic	Helical		True	True		True
Q9P273	TENM3	Cytoplasmic; Extracellular	Helical			True		True
Q9P283	SEMA5B	Extracellular; Cytoplasmic	Helical; Signal-anchor for type III membrane protein			True		True
Q9P296	C5AR2	Extracellular; Cytoplasmic	Helical			True		True
Q9P2B2	PTGFRN	Extracellular; Cytoplasmic	Helical		True	True		True
Q9P2E5	CHPF2	Cytoplasmic; Lumenal	Helical; Signal-anchor for type II membrane protein			True		True
Q9P2E7	PCDH10	Extracellular; Cytoplasmic	Helical		True	True		True
Q9P2E8	MARCHF4		Helical		True	True
Q9P2E9	RRBP1	Lumenal; Cytoplasmic	Helical			True		True
Q9P2J2	IGSF9	Extracellular; Cytoplasmic	Helical		True	True		True
Q9P2K2	TXNDC16				True
Q9P2K9	DISP3	Cytoplasmic; Lumenal	Helical			True		True
Q9P2N4	ADAMTS9				True
Q9P2R7	SUCLA2								True	literature, APEX_matrix, targetP signal+, yeast mito homolog+, Rickettsial homolog, mito protein domain, induction, coexpression+, MS/MS++	Matrix	True
Q9P2S2	NRXN2	Extracellular; Cytoplasmic	Helical		True	True		True
Q9P2U7	SLC17A7	Cytoplasmic; Extracellular	Helical			True		True
Q9P2U8	SLC17A6	Cytoplasmic; Vesicular	Helical			True		True
Q9P2W7	B3GAT1	Cytoplasmic; Lumenal	Helical; Signal-anchor for type II membrane protein			True		True
Q9P2W9	STX18	Cytoplasmic; Vesicular	Helical; Anchor for type IV membrane protein			True		True
Q9P2X0	DPM3		Helical			True
Q9UBC7	GALP				True
Q9UBD3	XCL2				True
Q9UBD6	RHCG	Cytoplasmic; Extracellular	Helical			True		True
Q9UBD9	CLCF1				True
Q9UBG0	MRC2	Extracellular; Cytoplasmic	Helical		True	True		True
Q9UBH6	XPR1	Cytoplasmic; Extracellular	Helical; Discontinuously helical	Helical		True	True	True
Q9UBI4	STOML1	Cytoplasmic	Helical; Signal-anchor for type III membrane protein			True		True
Q9UBJ2	ABCD2		Helical			True			True	targetP signal, Rickettsial homolog, mito protein domain, coexpression, MS/MS+	Membrane
Q9UBK5	HCST	Extracellular; Cytoplasmic	Helical		True	True		True
Q9UBL9	P2RX2	Cytoplasmic; Extracellular	Helical			True		True
Q9UBM1	PEMT	Lumenal; Cytoplasmic	Helical	Helical		True	True	True
Q9UBM4	OPTC				True
Q9UBM7	DHCR7		Helical			True
Q9UBM8	MGAT4C	Cytoplasmic; Lumenal	Helical; Signal-anchor for type II membrane protein			True		True
Q9UBN1	CACNG4	Cytoplasmic; Extracellular	Helical			True		True
Q9UBN4	TRPC4	Cytoplasmic; Extracellular	Helical	Discontinuously helical		True	True	True
Q9UBN6	TNFRSF10D	Extracellular; Cytoplasmic	Helical		True	True		True
Q9UBP0	SPAST	Cytoplasmic		Helical			True	True
Q9UBP4	DKK3				True
Q9UBQ6	EXTL2	Cytoplasmic; Lumenal	Helical; Signal-anchor for type II membrane protein			True		True
Q9UBQ7	GRHPR								True	APEX_matrix, targetP signal, yeast mito homolog, mito protein domain, coexpression, MS/MS++	Matrix	True
Q9UBR2	CTSZ				True
Q9UBR5	CKLF		Helical			True
Q9UBS3	DNAJB9				True
Q9UBS4	DNAJB11				True
Q9UBS5	GABBR1	Extracellular; Cytoplasmic	Helical		True	True		True
Q9UBS9	SUCO		Helical		True	True
Q9UBT3	DKK4				True
Q9UBU2	DKK2				True
Q9UBU3	GHRL				True
Q9UBV2	SEL1L	Lumenal; Cytoplasmic	Helical		True	True		True
Q9UBV4	WNT16				True
Q9UBV7	B4GALT7	Cytoplasmic; Lumenal	Helical; Signal-anchor for type II membrane protein			True		True
Q9UBX1	CTSF				True
Q9UBX3	SLC25A10		Helical			True			True	literature, yeast mito homolog+, mito protein domain+, coexpression, MS/MS++	MIM	True
Q9UBX5	FBLN5				True
Q9UBX7	KLK11				True
Q9UBX8	B4GALT6	Cytoplasmic; Lumenal	Helical; Signal-anchor for type II membrane protein			True		True
Q9UBY0	SLC9A2		Helical			True
Q9UBY5	LPAR3	Extracellular; Cytoplasmic	Helical			True		True
Q9UBY8	CLN8		Helical			True
Q9UBZ4	APEX2											True
Q9UDR5	AASS								True	APEX_matrix, targetP signal, mito protein domain, coexpression, MS/MS++	Matrix	True
Q9UDW1	UQCR10	Mitochondrial matrix; Mitochondrial intermembrane	Helical			True		True	True	literature, yeast mito homolog++, mito protein domain+, induction, coexpression++, MS/MS++	MIM	True
Q9UEF7	KL	Extracellular; Cytoplasmic	Helical		True	True		True
Q9UEU0	VTI1B	Cytoplasmic; Vesicular	Helical; Anchor for type IV membrane protein			True		True
Q9UEW3	MARCO	Cytoplasmic; Extracellular	Helical; Signal-anchor for type II membrane protein			True		True
Q9UF12	PRODH2								True	targetP signal, yeast mito homolog+, mito protein domain+, MS/MS+	MIM
Q9UF33	EPHA6	Extracellular; Cytoplasmic	Helical		True	True		True
Q9UFP1	GASK1A				True
Q9UG56	PISD	Mitochondrial matrix; Mitochondrial intermembrane	Helical			True		True	True	yeast mito homolog++, mito protein domain, MS/MS	MIM	True
Q9UGC7	MTRF1L								True	literature, targetP signal+, yeast mito homolog+, Rickettsial homolog, mito protein domain	Matrix	True
Q9UGH3	SLC23A2	Cytoplasmic; Extracellular	Helical	Helical		True	True	True
Q9UGI6	KCNN3		Helical	Pore-forming		True	True
Q9UGM1	CHRNA9	Extracellular; Cytoplasmic	Helical		True	True		True
Q9UGM3	DMBT1				True
Q9UGM5	FETUB				True
Q9UGM6	WARS2								True	literature, APEX_matrix, targetP signal, yeast mito homolog++, Rickettsial homolog, mito protein domain, coexpression, MS/MS	Matrix	True
Q9UGN4	CD300A	Extracellular; Cytoplasmic	Helical		True	True		True
Q9UGP8	SEC63	Lumenal; Cytoplasmic	Helical			True		True
Q9UGQ2	CACFD1	Cytoplasmic; Extracellular	Helical			True		True
Q9UGQ3	SLC2A6	Cytoplasmic; Extracellular	Helical			True		True
Q9UGT4	SUSD2	Extracellular; Cytoplasmic	Helical		True	True		True
Q9UH99	SUN2	Nuclear; Perinuclear space	Helical			True		True
Q9UHC3	ASIC3	Cytoplasmic; Extracellular	Helical			True		True
Q9UHC6	CNTNAP2	Extracellular; Cytoplasmic	Helical		True	True		True
Q9UHC9	NPC1L1	Extracellular; Cytoplasmic	Helical		True	True		True
Q9UHD0	IL19				True
Q9UHE5	NAT8	Cytoplasmic; Lumenal	Helical; Signal-anchor for type II membrane protein			True		True
Q9UHE8	STEAP1		Helical			True
Q9UHF0	TAC3				True
Q9UHF1	EGFL7				True
Q9UHF3	NAT8B	Cytoplasmic; Lumenal	Helical; Signal-anchor for type II membrane protein			True		True
Q9UHF4	IL20RA	Extracellular; Cytoplasmic	Helical		True	True		True
Q9UHG2	PCSK1N				True
Q9UHG3	PCYOX1				True
Q9UHI5	SLC7A8	Cytoplasmic; Extracellular	Helical			True		True
Q9UHI7	SLC23A1	Cytoplasmic; Extracellular	Helical	Helical		True	True	True
Q9UHI8	ADAMTS1				True
Q9UHJ9	PGAP2	Cytoplasmic; Lumenal	Helical			True		True
Q9UHK6	AMACR								True	literature, mito protein domain, coexpression, MS/MS	Matrix	True
Q9UHL4	DPP7				True
Q9UHM6	OPN4	Extracellular; Cytoplasmic	Helical			True		True
Q9UHN1	POLG2								True	literature, APEX_matrix, targetP signal, mito protein domain	Matrix	True
Q9UHN6	CEMIP2	Cytoplasmic; Extracellular	Helical; Signal-anchor for type II membrane protein			True		True
Q9UHP7	CLEC2D	Cytoplasmic; Extracellular	Helical; Signal-anchor for type II membrane protein			True		True
Q9UHQ4	BCAP29	Lumenal; Cytoplasmic	Helical			True		True
Q9UHQ9	CYB5R1		Helical			True						True
Q9UHW9	SLC12A6	Cytoplasmic; Extracellular	Discontinuously helical; Helical			True		True
Q9UHX3	ADGRE2	Extracellular; Cytoplasmic	Helical		True	True		True
Q9UI09	NDUFA12								True	literature, APEX_matrix, Rickettsial homolog, coexpression++, MS/MS++	MIM	True
Q9UI14	RABAC1	Cytoplasmic	Helical			True		True
Q9UI17	DMGDH								True	literature, targetP signal, mito protein domain, MS/MS++	Matrix	True
Q9UI32	GLS2								True	targetP signal, mito protein domain+, MS/MS++	Matrix	True
Q9UI33	SCN11A	Cytoplasmic; Extracellular	Helical; Helical; Voltage-sensor	Pore-forming		True	True	True
Q9UI38	PRSS50				True
Q9UI40	SLC24A2	Cytoplasmic; Extracellular	Helical			True		True
Q9UI42	CPA4				True
Q9UI43	MRM2								True	literature, Rickettsial homolog, mito protein domain, coexpression	Matrix	True
Q9UIB8	CD84	Extracellular; Cytoplasmic	Helical		True	True		True
Q9UIF7	MUTYH								True	GFP, targetP signal+, Rickettsial homolog, mito protein domain	Matrix	True
Q9UIG4	PSORS1C2				True
Q9UIG8	SLCO3A1	Cytoplasmic; Extracellular	Helical			True		True
Q9UII2	ATP5IF1								True	literature, APEX_matrix, targetP signal, yeast mito homolog++, mito protein domain+, MS/MS++	Matrix	True
Q9UIJ5	ZDHHC2	Cytoplasmic; Lumenal	Helical			True		True
Q9UIJ7	AK3								True	literature, APEX_matrix, targetP signal, Rickettsial homolog, mito protein domain, induction, coexpression, MS/MS++	Matrix	True
Q9UIK5	TMEFF2	Extracellular; Cytoplasmic	Helical		True	True		True
Q9UIQ6	LNPEP	Cytoplasmic; Extracellular	Helical; Signal-anchor for type II membrane protein			True		True
Q9UIR0	BTNL2	Cytoplasmic; Extracellular	Helical; Signal-anchor for type II membrane protein			True		True
Q9UIW2	PLXNA1	Extracellular; Cytoplasmic	Helical		True	True		True
Q9UIX4	KCNG1	Cytoplasmic; Extracellular	Helical; Helical; Voltage-sensor	Helical		True	True	True
Q9UJ14	GGT7	Cytoplasmic; Extracellular	Helical; Signal-anchor for type II membrane protein			True		True
Q9UJ37	ST6GALNAC2	Cytoplasmic; Lumenal	Helical; Signal-anchor for type II membrane protein			True		True
Q9UJ68	MSRA								True	mito protein domain, coexpression, MS/MS++	Matrix	True
Q9UJ71	CD207	Cytoplasmic; Extracellular	Helical; Signal-anchor for type II membrane protein			True		True
Q9UJ90	KCNE5	Cytoplasmic	Helical			True		True
Q9UJ96	KCNG2	Cytoplasmic; Extracellular	Helical; Helical; Voltage-sensor	Helical		True	True	True
Q9UJA2	CRLS1		Helical			True			True	literature, targetP signal, yeast mito homolog, Rickettsial homolog, mito protein domain, coexpression	MIM	True
Q9UJA9	ENPP5		Helical		True	True
Q9UJJ9	GNPTG				True
Q9UJQ1	LAMP5	Extracellular; Cytoplasmic	Helical		True	True		True
Q9UJS0	SLC25A13	Mitochondrial intermembrane; Mitochondrial matrix	Helical			True		True	True	literature, yeast mito homolog+, mito protein domain+, coexpression, MS/MS++	MIM	True
Q9UJZ1	STOML2								True	literature, APEX_matrix, targetP signal+, Rickettsial homolog, mito protein domain, coexpression, MS/MS++	MIM	True
Q9UK05	GDF2				True
Q9UK17	KCND3	Cytoplasmic; Extracellular	Helical; Helical; Voltage-sensor	Helical		True	True	True
Q9UK23	NAGPA	Lumenal; Cytoplasmic	Helical		True	True		True
Q9UK39	NOCT								True	literature, targetP signal+, mito protein domain	Matrix	True
Q9UK55	SERPINA10				True
Q9UK73	FEM1B											True
Q9UKA2	FBXL4								True	literature, mito protein domain, coexpression	IMS	True
Q9UKB5	AJAP1	Extracellular; Cytoplasmic	Helical		True	True		True
Q9UKF2	ADAM30	Extracellular; Cytoplasmic	Helical		True	True		True
Q9UKF5	ADAM29	Extracellular; Cytoplasmic	Helical		True	True		True
Q9UKG4	SLC13A4		Helical			True
Q9UKG9	CROT								True	yeast mito homolog+, mito protein domain, induction, coexpression, MS/MS	unknown
Q9UKJ1	PILRA	Extracellular; Cytoplasmic	Helical		True	True		True
Q9UKJ8	ADAM21	Extracellular; Cytoplasmic	Helical		True	True		True
Q9UKK9	NUDT5								True	yeast mito homolog++, mito protein domain, coexpression	unknown
Q9UKL4	GJD2	Cytoplasmic; Extracellular	Helical			True		True
Q9UKM7	MAN1B1	Cytoplasmic; Lumenal	Helical; Signal-anchor for type II membrane protein			True		True
Q9UKN1	MUC12	Extracellular; Cytoplasmic	Helical		True	True		True
Q9UKP4	ADAMTS7				True
Q9UKP5	ADAMTS6				True
Q9UKP6	UTS2R	Extracellular; Cytoplasmic	Helical			True		True
Q9UKQ2	ADAM28	Extracellular; Cytoplasmic	Helical		True	True		True
Q9UKR0	KLK12				True
Q9UKR5	ERG28		Helical			True
Q9UKU0	ACSL6	Cytoplasmic	Helical; Signal-anchor for type III membrane protein			True		True	True	Rickettsial homolog, mito protein domain, MS/MS++	MOM
Q9UKU6	TRHDE	Cytoplasmic; Extracellular	Helical; Signal-anchor for type II membrane protein			True		True
Q9UKU7	ACAD8								True	literature, APEX_matrix, targetP signal+, mito protein domain+, coexpression, MS/MS++	Matrix	True
Q9UKU9	ANGPTL2				True
Q9UKV5	AMFR		Helical			True
Q9UKX5	ITGA11	Extracellular; Cytoplasmic	Helical		True	True		True
Q9UKY0	PRND				True
Q9UKY4	POMT2		Helical			True
Q9UKZ4	TENM1	Cytoplasmic; Extracellular	Helical			True		True
Q9UKZ9	PCOLCE2				True
Q9UL01	DSE	Lumenal; Cytoplasmic	Helical		True	True		True
Q9UL12	SARDH								True	literature, targetP signal+, mito protein domain, coexpression, MS/MS++	Matrix	True
Q9UL19	PLAAT4	Cytoplasmic; Lumenal	Helical			True		True
Q9UL51	HCN2	Cytoplasmic; Extracellular	Helical; Helical; Voltage-sensor	Pore-forming		True	True	True
Q9UL52	TMPRSS11E	Cytoplasmic; Extracellular	Helical; Signal-anchor for type II membrane protein			True		True
Q9UL54	TAOK2		Helical			True
Q9UL62	TRPC5	Cytoplasmic; Extracellular	Helical	Discontinuously helical		True	True	True
Q9ULB1	NRXN1	Extracellular; Cytoplasmic	Helical		True	True		True
Q9ULB4	CDH9	Extracellular; Cytoplasmic	Helical		True	True		True
Q9ULB5	CDH7	Extracellular; Cytoplasmic	Helical		True	True		True
Q9ULC0	EMCN	Extracellular; Cytoplasmic	Helical		True	True		True
Q9ULC5	ACSL5	Cytoplasmic	Helical; Signal-anchor for type III membrane protein			True		True
Q9ULC8	ZDHHC8	Cytoplasmic; Lumenal	Helical			True		True
Q9ULD0	OGDHL								True	APEX_matrix, targetP signal+, yeast mito homolog+, Rickettsial homolog, mito protein domain+, MS/MS++	Matrix	True
Q9ULD8	KCNH3	Cytoplasmic; Extracellular	Helical; Helical; Voltage-sensor	Pore-forming		True	True	True
Q9ULF5	SLC39A10		Helical		True	True
Q9ULG6	CCPG1	Cytoplasmic; Lumenal	Helical; Signal-anchor for type II membrane protein			True		True
Q9ULH0	KIDINS220	Cytoplasmic; Extracellular	Helical			True		True
Q9ULH4	LRFN2	Extracellular; Cytoplasmic	Helical		True	True		True
Q9ULI3	HEG1	Extracellular; Cytoplasmic	Helical		True	True		True
Q9ULK0	GRID1	Extracellular; Cytoplasmic	Helical		True	True		True
Q9ULK5	VANGL2	Cytoplasmic; Extracellular	Helical			True		True
Q9ULL4	PLXNB3	Extracellular; Cytoplasmic	Helical		True	True		True
Q9ULQ1	TPCN1	Cytoplasmic; Extracellular	Helical	Helical; Pore-forming		True	True	True
Q9ULT6	ZNRF3	Extracellular; Cytoplasmic	Helical		True	True		True
Q9ULV1	FZD4	Extracellular; Cytoplasmic	Helical		True	True		True
Q9ULW2	FZD10	Extracellular; Cytoplasmic	Helical		True	True		True
Q9ULX5	RNF112		Helical			True
Q9ULX7	CA14	Extracellular; Cytoplasmic	Helical		True	True		True
Q9ULY5	CLEC4E	Cytoplasmic; Extracellular	Helical; Signal-anchor for type II membrane protein			True		True
Q9ULZ1	APLN				True
Q9ULZ9	MMP17				True
Q9UM00	TMCO1	Lumenal; Cytoplasmic	Helical			True	True	True
Q9UM01	SLC7A7		Helical			True
Q9UM21	MGAT4A	Cytoplasmic; Lumenal	Helical; Signal-anchor for type II membrane protein			True		True
Q9UM22	EPDR1				True
Q9UM44	HHLA2		Helical		True	True
Q9UM47	NOTCH3	Extracellular; Cytoplasmic	Helical		True	True		True
Q9UM73	ALK	Extracellular; Cytoplasmic	Helical		True	True		True
Q9UMD9	COL17A1	Cytoplasmic; Extracellular	Helical; Signal-anchor for type II membrane protein			True		True
Q9UMF0	ICAM5	Extracellular; Cytoplasmic	Helical		True	True		True
Q9UMR5	PPT2				True
Q9UMR7	CLEC4A	Cytoplasmic; Extracellular	Helical; Signal-anchor for type II membrane protein			True		True
Q9UMS0	NFU1								True	APEX_matrix, targetP signal, yeast mito homolog++, Rickettsial homolog, mito protein domain, coexpression, MS/MS+	Matrix	True
Q9UMX3	BOK		Helical			True			True	manual, mito protein domain	MOM
Q9UMX5	NENF				True
Q9UMX9	SLC45A2	Cytoplasmic; Extracellular	Helical			True		True
Q9UMZ3	PTPRQ	Extracellular; Cytoplasmic	Helical		True	True		True
Q9UN42	ATP1B4	Nuclear; Perinuclear space	Helical; Signal-anchor for type II membrane protein			True		True
Q9UN66	PCDHB8	Extracellular; Cytoplasmic	Helical		True	True		True
Q9UN70	PCDHGC3	Extracellular; Cytoplasmic	Helical		True	True		True
Q9UN72	PCDHA7	Extracellular; Cytoplasmic	Helical		True	True		True
Q9UN73	PCDHA6	Extracellular; Cytoplasmic	Helical		True	True		True
Q9UN74	PCDHA4	Extracellular; Cytoplasmic	Helical		True	True		True
Q9UN76	SLC6A14	Cytoplasmic; Extracellular	Helical			True		True
Q9UN88	GABRQ	Extracellular; Cytoplasmic	Helical		True	True		True
Q9UNA0	ADAMTS5				True
Q9UNA3	A4GNT	Cytoplasmic; Lumenal	Helical; Signal-anchor for type II membrane protein			True		True
Q9UNE0	EDAR	Extracellular; Cytoplasmic	Helical		True	True		True
Q9UNG2	TNFSF18	Cytoplasmic; Extracellular	Helical; Signal-anchor for type II membrane protein			True		True
Q9UNI1	CELA1				True
Q9UNK0	STX8	Cytoplasmic; Vesicular	Helical; Anchor for type IV membrane protein			True		True
Q9UNK4	PLA2G2D				True
Q9UNN8	PROCR	Extracellular; Cytoplasmic	Helical		True	True		True
Q9UNP4	ST3GAL5	Cytoplasmic; Lumenal	Helical; Signal-anchor for type II membrane protein			True		True
Q9UNQ0	ABCG2	Cytoplasmic; Extracellular	Helical			True		True
Q9UNU6	CYP8B1		Helical			True
Q9UNW1	MINPP1				True
Q9UNW8	GPR132	Extracellular; Cytoplasmic	Helical			True		True
Q9UNX9	KCNJ14	Cytoplasmic; Extracellular	Helical	Helical; Pore-forming		True	True	True
Q9UP38	FZD1	Extracellular; Cytoplasmic	Helical		True	True		True
Q9UP52	TFR2	Cytoplasmic; Extracellular	Helical; Signal-anchor for type II membrane protein			True		True
Q9UP79	ADAMTS8				True
Q9UP95	SLC12A4	Cytoplasmic; Extracellular	Discontinuously helical; Helical			True		True
Q9UPI3	FLVCR2	Cytoplasmic; Extracellular	Helical			True		True
Q9UPQ8	DOLK	Lumenal; Cytoplasmic	Helical			True		True
Q9UPR5	SLC8A2	Extracellular; Cytoplasmic	Helical		True	True		True
Q9UPU3	SORCS3	Lumenal; Cytoplasmic	Helical		True	True		True
Q9UPX0	IGSF9B	Extracellular; Cytoplasmic	Helical		True	True		True
Q9UPX6	MINAR1	Cytoplasmic; Extracellular	Helical			True		True
Q9UPY5	SLC7A11	Cytoplasmic; Extracellular	Helical			True	True	True
Q9UPZ6	THSD7A	Extracellular; Cytoplasmic	Helical		True	True		True
Q9UQ05	KCNH4	Cytoplasmic; Extracellular	Helical; Helical; Voltage-sensor	Pore-forming		True	True	True
Q9UQ52	CNTN6				True
Q9UQ53	MGAT4B	Cytoplasmic; Lumenal	Helical; Signal-anchor for type II membrane protein			True		True
Q9UQ90	SPG7	Mitochondrial matrix; Mitochondrial intermembrane	Helical			True		True	True	literature, targetP signal, Rickettsial homolog, mito protein domain+, coexpression+, MS/MS	MIM	True
Q9UQC9	CLCA2	Extracellular; Cytoplasmic	Helical		True	True		True
Q9UQD0	SCN8A	Cytoplasmic; Extracellular	Helical	Pore-forming		True	True	True
Q9UQF0	ERVW-1	Extracellular; Cytoplasmic	Helical		True	True		True
Q9UQP3	TNN				True
Q9UQQ1	NAALADL1	Cytoplasmic; Extracellular	Helical; Signal-anchor for type II membrane protein			True		True
Q9UQV4	LAMP3	Lumenal; Cytoplasmic	Helical		True	True		True
Q9Y210	TRPC6	Cytoplasmic; Extracellular	Helical			True		True
Q9Y215	COLQ				True
Q9Y219	JAG2	Extracellular; Cytoplasmic	Helical		True	True		True
Q9Y226	SLC22A13	Cytoplasmic; Extracellular	Helical			True		True
Q9Y227	ENTPD4	Cytoplasmic; Lumenal	Helical			True		True
Q9Y228	TRAF3IP3	Cytoplasmic; Extracellular	Helical; Anchor for type IV membrane protein			True		True
Q9Y231	FUT9	Cytoplasmic; Lumenal	Helical; Signal-anchor for type II membrane protein			True		True
Q9Y234	LIPT1								True	GFP, yeast mito homolog++, mito protein domain, coexpression	Matrix	True
Q9Y240	CLEC11A				True
Q9Y241	HIGD1A		Helical			True			True	literature, APEX_IMS, mito protein domain+, induction, MS/MS++	MIM	True
Q9Y251	HPSE				True
Q9Y255	PRELID1								True	literature, APEX_IMS, GFP, targetP signal, yeast mito homolog++, mito protein domain+	IMS	True
Q9Y256	RCE1		Helical			True
Q9Y257	KCNK6	Cytoplasmic	Helical	Pore-forming		True	True	True
Q9Y258	CCL26				True
Q9Y264	ANGPT4				True
Q9Y267	SLC22A14	Cytoplasmic; Extracellular	Helical			True		True
Q9Y271	CYSLTR1	Extracellular; Cytoplasmic	Helical			True		True
Q9Y274	ST3GAL6	Cytoplasmic; Lumenal	Helical; Signal-anchor for type II membrane protein			True		True
Q9Y275	TNFSF13B	Cytoplasmic; Extracellular	Helical; Signal-anchor for type II membrane protein			True		True
Q9Y276	BCS1L	Mitochondrial intermembrane; Mitochondrial matrix	Helical			True		True	True	literature, APEX_matrix, yeast mito homolog++, Rickettsial homolog, mito protein domain+, coexpression+, MS/MS+	MIM	True
Q9Y277	VDAC3		Beta stranded			True			True	literature, yeast mito homolog+, mito protein domain+, MS/MS++	MOM	True
Q9Y278	HS3ST2	Cytoplasmic; Lumenal	Helical; Signal-anchor for type II membrane protein			True		True
Q9Y279	VSIG4	Extracellular; Cytoplasmic	Helical		True	True		True
Q9Y282	ERGIC3	Cytoplasmic; Lumenal	Helical			True		True
Q9Y284	WDR83OS	Cytoplasmic; Lumenal	Helical			True		True
Q9Y286	SIGLEC7	Extracellular; Cytoplasmic	Helical		True	True		True
Q9Y287	ITM2B	Cytoplasmic; Lumenal	Helical; Signal-anchor for type II membrane protein			True		True
Q9Y289	SLC5A6		Helical			True
Q9Y2A7	NCKAP1		Helical			True
Q9Y2A9	B3GNT3	Cytoplasmic; Lumenal	Helical; Signal-anchor for type II membrane protein			True		True
Q9Y2B1	RXYLT1	Cytoplasmic; Extracellular	Helical; Signal-anchor for type II membrane protein			True		True
Q9Y2B2	PIGL	Cytoplasmic	Helical			True		True
Q9Y2C2	UST	Cytoplasmic; Lumenal	Helical; Signal-anchor for type II membrane protein			True		True
Q9Y2C3	B3GALT5	Cytoplasmic; Lumenal	Helical; Signal-anchor for type II membrane protein			True		True
Q9Y2C4	EXOG								True	APEX_IMS, targetP signal, mito protein domain, MS/MS++	MIM	True
Q9Y2C5	SLC17A4		Helical			True
Q9Y2C9	TLR6	Extracellular; Cytoplasmic	Helical		True	True		True
Q9Y2D0	CA5B								True	literature, targetP signal, mito protein domain, coexpression, MS/MS++	Matrix	True
Q9Y2D2	SLC35A3		Helical			True
Q9Y2E5	MAN2B2				True
Q9Y2E8	SLC9A8		Helical			True
Q9Y2G1	MYRF	Cytoplasmic; Lumenal	Helical			True		True
Q9Y2G3	ATP11B	Cytoplasmic; Extracellular	Helical			True		True
Q9Y2G5	POFUT2				True
Q9Y2G8	DNAJC16	Cytoplasmic; Extracellular	Helical; Anchor for type IV membrane protein		True	True		True
Q9Y2H6	FNDC3A		Helical			True
Q9Y2I2	NTNG1				True
Q9Y2P4	SLC27A6		Helical			True
Q9Y2P5	SLC27A5	Cytoplasmic	Helical			True		True
Q9Y2Q0	ATP8A1	Cytoplasmic; Exoplasmic loop	Helical			True		True
Q9Y2Q3	GSTK1								True	literature, mito protein domain+, coexpression+, MS/MS++	Matrix	True
Q9Y2R0	COA3	Mitochondrial matrix; Mitochondrial intermembrane	Helical			True		True	True	APEX_IMS, APEX_matrix, mito protein domain+, coexpression, MS/MS++	MIM	True
Q9Y2S7	POLDIP2								True	literature, APEX_matrix, targetP signal+, induction, coexpression++, MS/MS++	Matrix	True
Q9Y2T6	GPR55	Extracellular; Cytoplasmic	Helical			True		True
Q9Y2U8	LEMD3		Helical			True
Q9Y2W3	SLC45A1		Helical			True
Q9Y2W6	TDRKH								True	GFP, mito protein domain, MS/MS	Membrane	True
Q9Y2Y6	TMEM98	Cytoplasmic; Extracellular	Helical			True		True
Q9Y2Y8	PRG3				True
Q9Y2Z2	MTO1								True	literature, APEX_matrix, targetP signal, yeast mito homolog++, Rickettsial homolog, mito protein domain, coexpression++	Matrix	True
Q9Y2Z4	YARS2								True	literature, APEX_matrix, targetP signal, yeast mito homolog++, Rickettsial homolog, mito protein domain, coexpression, MS/MS+	Matrix	True
Q9Y2Z9	COQ6								True	literature, APEX_matrix, targetP signal+, yeast mito homolog++, Rickettsial homolog, mito protein domain, induction, coexpression+, MS/MS+	MIM	True
Q9Y305	ACOT9								True	literature, targetP signal, mito protein domain, MS/MS++	MIM	True
Q9Y320	TMX2	Extracellular; Cytoplasmic	Helical		True	True		True
Q9Y328	NSG2	Cytoplasmic; Lumenal	Helical; Signal-anchor for type II membrane protein			True		True
Q9Y336	SIGLEC9	Extracellular; Cytoplasmic	Helical		True	True		True
Q9Y337	KLK5				True
Q9Y342	PLLP	Cytoplasmic; Extracellular	Helical			True		True
Q9Y345	SLC6A5	Cytoplasmic; Extracellular	Helical			True		True
Q9Y375	NDUFAF1								True	literature, APEX_matrix, targetP signal, mito protein domain, induction, coexpression++, MS/MS++	MIM	True
Q9Y385	UBE2J1	Cytoplasmic; Lumenal	Helical; Anchor for type IV membrane protein			True		True
Q9Y394	DHRS7				True
Q9Y397	ZDHHC9	Cytoplasmic; Lumenal	Helical			True		True
Q9Y399	MRPS2								True	literature, APEX_matrix, targetP signal, yeast mito homolog++, Rickettsial homolog, mito protein domain, induction, coexpression+, MS/MS+	Matrix	True
Q9Y3A0	COQ4								True	literature, targetP signal+, yeast mito homolog++, mito protein domain+, coexpression, MS/MS	MIM	True
Q9Y3A6	TMED5	Lumenal; Cytoplasmic	Helical		True	True		True
Q9Y3B3	TMED7	Lumenal; Cytoplasmic	Helical		True	True		True
Q9Y3B8	REXO2								True	APEX_matrix, targetP signal, yeast mito homolog++, mito protein domain, MS/MS+	Matrix	True
Q9Y3D2	MSRB2								True	APEX_matrix, targetP signal, yeast mito homolog+, mito protein domain, coexpression, MS/MS++	Matrix	True
Q9Y3D3	MRPS16								True	literature, APEX_matrix, targetP signal, yeast mito homolog++, Rickettsial homolog, mito protein domain, MS/MS+	Matrix	True
Q9Y3D6	FIS1	Cytoplasmic; Mitochondrial intermembrane	Helical			True		True	True	literature, yeast mito homolog++, mito protein domain+	MOM	True
Q9Y3D7	PAM16								True	literature, APEX_matrix, yeast mito homolog, MS/MS++	MIM	True
Q9Y3E5	PTRH2		Helical			True			True	literature, yeast mito homolog, mito protein domain, MS/MS++	MOM	True
Q9Y3P8	SIT1	Extracellular; Cytoplasmic	Helical		True	True		True
Q9Y3Q0	NAALAD2	Cytoplasmic; Extracellular	Helical; Signal-anchor for type II membrane protein			True		True
Q9Y3Q3	TMED3	Lumenal; Cytoplasmic	Helical		True	True		True
Q9Y3Q4	HCN4	Cytoplasmic; Extracellular	Helical; Helical; Voltage-sensor	Pore-forming		True	True	True
Q9Y3Q7	ADAM18	Extracellular; Cytoplasmic	Helical		True	True		True
Q9Y487	ATP6V0A2	Cytoplasmic; Vacuolar	Helical			True		True
Q9Y493	ZAN	Extracellular; Cytoplasmic	Helical		True	True		True
Q9Y4C0	NRXN3	Extracellular; Cytoplasmic	Helical		True	True		True
Q9Y4C5	CHST2	Cytoplasmic; Lumenal	Helical; Signal-anchor for type II membrane protein			True		True
Q9Y4D2	DAGLA	Cytoplasmic; Extracellular	Helical			True		True
Q9Y4D7	PLXND1	Extracellular; Cytoplasmic	Helical		True	True		True
Q9Y4D8	HECTD4		Helical			True
Q9Y4K0	LOXL2				True
Q9Y4L1	HYOU1				True
Q9Y4W6	AFG3L2	Mitochondrial matrix; Mitochondrial intermembrane	Helical			True		True	True	literature, APEX_matrix, targetP signal, Rickettsial homolog, mito protein domain+, induction, coexpression++, MS/MS++	MIM	True
Q9Y4X3	CCL27				True
Q9Y512	SAMM50								True	literature, APEX_IMS, APEX_matrix, yeast mito homolog++, Rickettsial homolog, induction, coexpression++, MS/MS++	MOM	True
Q9Y548	YIPF1	Cytoplasmic; Lumenal	Helical			True		True
Q9Y561	LRP12	Extracellular; Cytoplasmic	Helical		True	True		True
Q9Y584	TIMM22		Helical			True			True	literature, yeast mito homolog++, mito protein domain+, induction, coexpression, MS/MS	MIM	True
Q9Y5C1	ANGPTL3				True
Q9Y5E1	PCDHB9	Extracellular; Cytoplasmic	Helical		True	True		True
Q9Y5E3	PCDHB6	Extracellular; Cytoplasmic	Helical		True	True		True
Q9Y5F2	PCDHB11	Extracellular; Cytoplasmic	Helical		True	True		True
Q9Y5F7	PCDHGC4	Extracellular; Cytoplasmic	Helical		True	True		True
Q9Y5H5	PCDHA9	Extracellular; Cytoplasmic	Helical		True	True		True
Q9Y5H8	PCDHA3	Extracellular; Cytoplasmic	Helical		True	True		True
Q9Y5H9	PCDHA2	Extracellular; Cytoplasmic	Helical		True	True		True
Q9Y5I2	PCDHA10	Extracellular; Cytoplasmic	Helical		True	True		True
Q9Y5I3	PCDHA1	Extracellular; Cytoplasmic	Helical		True	True		True
Q9Y5I7	CLDN16	Cytoplasmic; Extracellular	Helical			True		True
Q9Y5J6	TIMM10B								True	literature, APEX_IMS, yeast mito homolog+, mito protein domain+, MS/MS+	MIM	True
Q9Y5J7	TIMM9								True	literature, APEX_IMS, yeast mito homolog++, mito protein domain+, induction, coexpression+, MS/MS++	MIM	True
Q9Y5K2	KLK4				True
Q9Y5L2	HILPDA		Helical			True
Q9Y5L3	ENTPD2	Cytoplasmic; Extracellular	Helical			True		True
Q9Y5L4	TIMM13								True	literature, APEX_IMS, yeast mito homolog++, mito protein domain+, induction, coexpression, MS/MS++	MIM	True
Q9Y5N1	HRH3	Extracellular; Cytoplasmic	Helical			True		True
Q9Y5Q0	FADS3	Cytoplasmic; Lumenal	Helical			True		True
Q9Y5Q5	CORIN	Cytoplasmic; Extracellular	Helical; Signal-anchor for type II membrane protein			True		True
Q9Y5Q6	INSL5				True
Q9Y5R2	MMP24	Extracellular; Cytoplasmic	Helical		True	True		True
Q9Y5S1	TRPV2	Cytoplasmic; Extracellular	Helical			True		True
Q9Y5S8	NOX1	Cytoplasmic; Extracellular	Helical			True		True
Q9Y5T4	DNAJC15	Mitochondrial intermembrane; Mitochondrial matrix	Helical			True		True	True	GFP, mito protein domain, induction, coexpression, MS/MS+	MIM	True
Q9Y5U4	INSIG2	Cytoplasmic; Lumenal	Helical			True		True
Q9Y5U5	TNFRSF18	Extracellular; Cytoplasmic	Helical		True	True		True
Q9Y5U8	MPC1	Mitochondrial matrix; Mitochondrial intermembrane	Helical			True		True	True	GFP, yeast mito homolog+, mito protein domain+, MS/MS++	MIM	True
Q9Y5U9	IER3IP1		Helical			True
Q9Y5W7	SNX14		Helical			True
Q9Y5X5	NPFFR2	Extracellular; Cytoplasmic	Helical			True		True
Q9Y5X9	LIPG				True
Q9Y5Y0	FLVCR1	Cytoplasmic; Extracellular	Helical			True		True
Q9Y5Y4	PTGDR2	Extracellular; Cytoplasmic	Helical			True		True
Q9Y5Y5	PEX16	Cytoplasmic; Peroxisomal	Helical			True		True
Q9Y5Y6	ST14	Cytoplasmic; Extracellular	Helical; Signal-anchor for type II membrane protein			True		True
Q9Y5Y7	LYVE1	Extracellular; Cytoplasmic	Helical		True	True		True
Q9Y5Y9	SCN10A	Cytoplasmic; Extracellular	Helical; Helical; Voltage-sensor	Pore-forming		True	True	True
Q9Y5Z0	BACE2	Extracellular; Cytoplasmic	Helical		True	True		True
Q9Y5Z9	UBIAD1		Helical			True
Q9Y606	PUS1								True	APEX_matrix, targetP signal, yeast mito homolog+, mito protein domain, coexpression	Matrix	True
Q9Y619	SLC25A15		Helical			True			True	literature, yeast mito homolog+, mito protein domain+, coexpression, MS/MS++	MIM	True
Q9Y624	F11R	Extracellular; Cytoplasmic	Helical		True	True		True
Q9Y625	GPC6				True
Q9Y639	NPTN	Extracellular; Cytoplasmic	Helical		True	True		True
Q9Y646	CPQ				True
Q9Y653	ADGRG1	Extracellular; Cytoplasmic	Helical		True	True		True
Q9Y662	HS3ST3B1	Cytoplasmic; Lumenal	Helical; Signal-anchor for type II membrane protein			True		True
Q9Y663	HS3ST3A1	Cytoplasmic; Lumenal	Helical; Signal-anchor for type II membrane protein			True		True
Q9Y666	SLC12A7	Cytoplasmic; Extracellular	Discontinuously helical; Helical			True		True
Q9Y672	ALG6	Cytoplasmic; Lumenal	Helical			True		True
Q9Y673	ALG5	Lumenal; Cytoplasmic	Helical; Signal-anchor for type II membrane protein			True		True
Q9Y676	MRPS18B								True	literature, APEX_matrix, targetP signal+, Rickettsial homolog, mito protein domain, MS/MS	Matrix	True
Q9Y679	AUP1	Cytoplasmic					True	True
Q9Y691	KCNMB2	Cytoplasmic; Extracellular	Helical			True		True
Q9Y694	SLC22A7		Helical			True
Q9Y696	CLIC4		Helical; Note=After insertion into the membrane			True
Q9Y697	NFS1								True	literature, APEX_matrix, targetP signal, Rickettsial homolog, mito protein domain+, coexpression+, MS/MS++	Matrix	True
Q9Y698	CACNG2		Helical			True
Q9Y6A1	POMT1		Helical			True
Q9Y6A2	CYP46A1		Helical			True
Q9Y6A9	SPCS1	Cytoplasmic; Lumenal	Helical			True		True
Q9Y6C2	EMILIN1				True
Q9Y6C5	PTCH2	Cytoplasmic; Extracellular	Helical			True		True
Q9Y6C9	MTCH2	Mitochondrial intermembrane; Cytoplasmic	Helical			True		True	True	literature, APEX_IMS, yeast mito homolog+, mito protein domain+, induction, coexpression+, MS/MS++	MOM	True
Q9Y6D0	SELENOK		Helical			True
Q9Y6E7	SIRT4								True	literature, targetP signal, mito protein domain	Matrix	True
Q9Y6F6	IRAG1		Helical			True
Q9Y6F9	WNT6				True
Q9Y6G3	MRPL42								True	APEX_matrix, GFP, mito protein domain+, induction, MS/MS	Matrix	True
Q9Y6H1	CHCHD2								True	APEX_IMS, targetP signal, yeast mito homolog+, mito protein domain, coexpression	IMS	True
Q9Y6H3	ATP23								True	yeast mito homolog++, mito protein domain+, coexpression	IMS	True
Q9Y6H6	KCNE3	Cytoplasmic	Helical			True		True
Q9Y6H8	GJA3	Cytoplasmic; Extracellular	Helical			True	True	True
Q9Y6I9	TEX264	Lumenal; Cytoplasmic	Helical; Signal-anchor for type III membrane protein			True		True
Q9Y6J6	KCNE2	Cytoplasmic	Helical			True		True
Q9Y6J8	STYXL1								True	literature, mito protein domain	Matrix
Q9Y6K0	CEPT1		Helical			True
Q9Y6L6	SLCO1B1	Cytoplasmic; Extracellular	Helical			True		True
Q9Y6L7	TLL2				True
Q9Y6M0	PRSS21				True
Q9Y6M5	SLC30A1	Cytoplasmic; Extracellular	Helical			True		True
Q9Y6M7	SLC4A7	Extracellular; Cytoplasmic	Helical			True		True
Q9Y6M9	NDUFB9								True	literature, APEX_IMS, APEX_matrix, targetP signal, mito protein domain+, induction, coexpression++, MS/MS++	MIM	True
Q9Y6N1	COX11	Mitochondrial matrix; Mitochondrial intermembrane	Helical			True		True	True	literature, APEX_IMS, targetP signal, yeast mito homolog++, Rickettsial homolog, mito protein domain+, induction, coexpression, MS/MS	MIM	True
Q9Y6N5	SQOR								True	literature, targetP signal, yeast mito homolog++, mito protein domain, MS/MS++	MIM	True
Q9Y6N6	LAMC3				True
Q9Y6N7	ROBO1	Extracellular; Cytoplasmic	Helical		True	True		True
Q9Y6N8	CDH10	Extracellular; Cytoplasmic	Helical		True	True		True
Q9Y6Q6	TNFRSF11A	Extracellular; Cytoplasmic	Helical		True	True		True
Q9Y6R1	SLC4A4	Cytoplasmic; Extracellular	Helical; Discontinuously helical	Discontinuously helical		True	True	True
Q9Y6R7	FCGBP				True
Q9Y6W8	ICOS	Extracellular; Cytoplasmic	Helical		True	True		True
Q9Y6X1	SERP1		Helical			True
Q9Y6X5	ENPP4	Extracellular; Cytoplasmic	Helical		True	True		True
Q9Y6Y9	LY96				True
Q9Y6Z7	COLEC10				True
W5XKT8	SPACA6	Extracellular; Cytoplasmic	Helical		True	True		True
A0A075B6J9	IGLV2-18				True
A0A075B6N1	TRBV19				True
A0A087WT01	TRAV27				True
A0A087X0K7	TRBV17				True
A0A0K0K1A5	TRBV6-5				True
A0A1B0GTB2	TUNAR		Helical			True
A0A1B0GTQ4	MYMX	Cytoplasmic; Extracellular	Helical			True		True
A0A1B0GVQ0	SPAAR	Lumenal; Cytoplasmic	Helical			True		True
A0A5B9	TRBC2	Cytoplasmic	Helical			True		True
A0AVI2	FER1L5	Cytoplasmic; Extracellular	Helical; Anchor for type IV membrane protein			True		True
A0PJW6	TMEM223	Mitochondrial matrix; Mitochondrial intermembrane	Helical			True		True				True
A0PJX4	SHISA3	Lumenal; Cytoplasmic	Helical		True	True		True
A0PJZ3	GXYLT2	Cytoplasmic; Lumenal	Helical; Signal-anchor for type II membrane protein			True		True
A1L188	NDUFAF8								True	targetP signal, induction, coexpression+, MS/MS	IMS	True
A2A2V5	SERTM1		Helical			True
A2NJV5	IGKV2-29				True
A4D0T7	SMIM30	Extracellular; Cytoplasmic	Helical		True	True		True
A4D2G3	OR2A25	Extracellular; Cytoplasmic	Helical			True		True
A5D6W6	FITM1	Lumenal; Cytoplasmic	Helical			True		True
A6NC51	TMEM150B	Cytoplasmic; Extracellular	Helical			True		True
A6ND48	OR14I1	Extracellular; Cytoplasmic	Helical			True		True
A6NDA9	LRIT2		Helical		True	True
A6NDP7	MYADML2		Helical			True
A6NFR6	SPATA31J1		Helical			True
A6NGC4	TLCD2		Helical			True
A6NGY5	OR51F1	Extracellular; Cytoplasmic	Helical			True		True
A6NH00	OR2T8	Extracellular; Cytoplasmic	Helical			True		True
A6NJW9	CD8B2	Extracellular; Cytoplasmic	Helical		True	True		True
A6NK97	SLC22A20P	Cytoplasmic; Extracellular	Helical			True		True
A6NL88	SHISA7	Extracellular; Cytoplasmic	Helical		True	True		True
A6NM10	AQP12B	Cytoplasmic; Extracellular	Helical	Discontinuously helical		True	True	True
A6NMB1	SIGLEC16	Extracellular; Cytoplasmic	Helical		True	True		True
A6NND4	OR2AT4	Extracellular; Cytoplasmic	Helical			True		True
A6NNE9	MARCHF11		Helical			True
A6NNS2	DHRS7C				True
A7MBM2	DISP2		Helical			True
A8MV81	HIGD1C	Cytoplasmic; Extracellular	Helical			True		True
A8MWY0	ELAPOR2	Extracellular; Cytoplasmic	Helical		True	True		True
A8MXK1	VSTM5	Extracellular; Cytoplasmic	Helical		True	True		True
B1AL88	NALF1		Helical			True
B2RNN3	C1QTNF9B				True
B4DJY2	TMEM233	Cytoplasmic; Extracellular	Helical	Helical		True	True	True
B4DS77	SHISA9	Extracellular; Cytoplasmic	Helical		True	True		True
B7Z8K6	TRDC		Helical			True
B8ZZ34	SHISA8	Extracellular; Cytoplasmic	Helical		True	True		True
B9EJG8	TMEM150C	Cytoplasmic; Extracellular	Helical			True		True
E9PQX1	CATSPERH	Cytoplasmic; Extracellular	Helical			True		True
G3V0H7	SLCO1B7	Extracellular; Cytoplasmic	Helical			True		True
O14626	GPR171	Extracellular; Cytoplasmic	Helical			True		True
O14668	PRRG1	Extracellular; Cytoplasmic	Helical			True		True
O14718	RRH	Extracellular; Cytoplasmic	Helical			True		True
O15235	MRPS12								True	literature, yeast mito homolog++, Rickettsial homolog, mito protein domain, induction, coexpression+, MS/MS+	Matrix	True
O15321	TM9SF1		Helical		True	True
O15335	CHAD				True
O15375	SLC16A5	Cytoplasmic; Extracellular	Helical			True		True
O15403	SLC16A6	Cytoplasmic; Extracellular	Helical			True		True
O43555	GNRH2				True
O43657	TSPAN6	Cytoplasmic; Extracellular	Helical			True		True
O43677	NDUFC1		Helical			True			True	literature, targetP signal+, mito protein domain+, coexpression++	MIM	True
O43692	PI15				True
O43736	ITM2A		Helical; Signal-anchor for type II membrane protein			True
O43824	GTPBP6								True	APEX_matrix, targetP signal+, Rickettsial homolog, mito protein domain	Matrix	True
O43908	KLRC4	Cytoplasmic; Extracellular	Helical; Signal-anchor for type II membrane protein			True		True
O43934	MFSD11		Helical			True
O60245	PCDH7	Extracellular; Cytoplasmic	Helical		True	True		True
O60279	SUSD5	Extracellular; Cytoplasmic	Helical		True	True		True
O60330	PCDHGA12	Extracellular; Cytoplasmic	Helical		True	True		True
O60412	OR7C2	Extracellular; Cytoplasmic	Helical			True		True
O60542	PSPN				True
O60676	CST8				True
O60774	FMO6P		Helical			True
O71037	ERVK-19	Extracellular; Cytoplasmic	Helical		True	True		True
O75095	MEGF6				True
O75153	CLUH											True
O75310	UGT2B11		Helical		True	True
O75325	LRRN2	Extracellular; Cytoplasmic	Helical		True	True		True
O75352	MPDU1		Helical			True
O75388	GPR32	Extracellular; Cytoplasmic	Helical			True		True
O75394	MRPL33								True	literature, yeast mito homolog++, Rickettsial homolog, mito protein domain, coexpression, MS/MS++	Matrix	True
O75493	CA11				True
O75596	CLEC3A				True
O75711	SCRG1				True
O75715	GPX5				True
O75830	SERPINI2				True
O75954	TSPAN9	Cytoplasmic; Extracellular	Helical			True		True
O75973	C1QL1				True
O76001	OR2J3	Extracellular; Cytoplasmic	Helical			True		True
O76002	OR2J2	Extracellular; Cytoplasmic	Helical			True		True
O76099	OR7C1	Extracellular; Cytoplasmic	Helical			True		True
O94772	LY6H				True
O94903	PLPBP								True	APEX_matrix, coexpression, MS/MS++	Matrix	True
O95007	OR6B1	Extracellular; Cytoplasmic	Helical			True		True
O95025	SEMA3D				True
O95084	PRSS23				True
O95178	NDUFB2								True	literature, targetP signal, induction, coexpression++, MS/MS++	MIM	True
O95222	OR6A2	Extracellular; Cytoplasmic	Helical			True		True
O95371	OR2C1	Extracellular; Cytoplasmic	Helical			True		True
O95665	NTSR2	Extracellular; Cytoplasmic	Helical			True		True
O95800	GPR75	Extracellular; Cytoplasmic	Helical			True		True
O95838	GLP2R	Extracellular; Cytoplasmic	Helical			True		True
O95841	ANGPTL1				True
O95918	OR2H2	Extracellular; Cytoplasmic	Helical			True		True
O95976	IGSF6	Extracellular; Cytoplasmic	Helical		True	True		True
P01566	IFNA10				True
P01569	IFNA5				True
P01599	IGKV1-17				True
P01601	IGKV1D-16				True
P01611	IGKV1D-12				True
P01614	IGKV2D-40				True
P01624	IGKV3-15				True
P01703	IGLV1-40				True
P01714	IGLV3-19				True
P01715	IGLV3-1				True
P01717	IGLV3-25				True
P01718	IGLV3-27				True
P01733	TRBV12-3				True
P01743	IGHV1-46				True
P01762	IGHV3-11				True
P01763	IGHV3-48				True
P01766	IGHV3-13				True
P01767	IGHV3-53				True
P01782	IGHV3-9				True
P01824	IGHV4-39				True
P03979	TRGV3				True
P04211	IGLV7-43				True
P04430	IGKV1-16				True
P04432	IGKV1D-39				True
P04433	IGKV3-11				True
P04435	TRBV7-9				True
P04437	TRAV29DV5				True
P04808	RLN1				True
P05013	IFNA6				True
P05015	IFNA16				True
P06310	IGKV2-30				True
P06315	IGKV5-2				True
P06331	IGHV4-34				True
P09001	MRPL3								True	literature, APEX_matrix, yeast mito homolog++, Rickettsial homolog, mito protein domain, induction, coexpression	Matrix	True
P09093	CELA3A				True
P0C0P6	NPS				True
P0C645	OR4E1	Extracellular; Cytoplasmic	Helical			True		True
P0C7M7	ACSM4								True	manual, targetP signal, Rickettsial homolog, mito protein domain	Matrix	True
P0C7U3	ZDHHC11B		Helical			True
P0C862	C1QTNF9				True
P0C8F1	PATE4				True
P0DJ07	PET100		Helical			True			True	literature, yeast mito homolog++, MS/MS	MIM	True
P0DKB6	MPC1L	Mitochondrial matrix; Mother cell cytoplasmic	Helical			True		True	True	targetP signal, yeast mito homolog+, mito protein domain+, MS/MS++	MIM
P0DN77	OPN1MW2	Extracellular; Cytoplasmic	Helical			True		True
P0DN78	OPN1MW3	Extracellular; Cytoplasmic	Helical			True		True
P0DN87	CGB7				True
P0DTW3	IGHV1-38-4				True
P0DY56	IFNA1				True
P12872	MLN				True
P14621	ACYP2											True
P15088	CPA3				True
P16260	SLC25A16		Helical			True			True	literature, yeast mito homolog+, mito protein domain+, coexpression, MS/MS	MIM	True
P17538	CTRB1				True
P19961	AMY2B				True
P20382	PMCH				True
P30408	TM4SF1	Cytoplasmic; Extracellular	Helical			True		True
P30953	OR1E1	Extracellular; Cytoplasmic	Helical			True		True
P30954	OR10J1	Extracellular; Cytoplasmic	Helical			True		True
P34820	BMP8B				True
P35410	MAS1L	Extracellular; Cytoplasmic	Helical			True		True
P35542	SAA4				True
P36537	UGT2B10		Helical		True	True
P40313	CTRL				True
P43627	KIR2DL2	Extracellular; Cytoplasmic	Helical		True	True		True
P47883	OR3A4P	Extracellular; Cytoplasmic	Helical			True		True
P47887	OR1E2	Extracellular; Cytoplasmic	Helical			True		True
P47888	OR3A3	Extracellular; Cytoplasmic	Helical			True		True
P47890	OR1G1	Extracellular; Cytoplasmic	Helical			True		True
P47893	OR3A2	Extracellular; Cytoplasmic	Helical			True		True
P47972	NPTX2				True
P48060	GLIPR1		Helical		True	True
P49406	MRPL19								True	literature, APEX_matrix, targetP signal, yeast mito homolog++, Rickettsial homolog, mito protein domain, coexpression, MS/MS+	Matrix	True
P51689	ARSD				True
P54793	ARSF				True
P55082	MFAP3	Extracellular; Cytoplasmic	Helical		True	True		True
P55103	INHBC				True
P55808	XG	Extracellular; Cytoplasmic	Helical		True	True		True
P56277	CMC4								True	yeast mito homolog++, mito protein domain+	IMS	True
P57773	GJA9	Cytoplasmic; Extracellular	Helical			True		True
P58062	SPINK7				True
P58166	INHBE				True
P58173	OR2B6	Extracellular; Cytoplasmic	Helical			True		True
P58182	OR12D2	Extracellular; Cytoplasmic	Helical			True		True
P58294	PROK1				True
P58549	FXYD7	Extracellular; Cytoplasmic	Helical			True		True
P58557	YBEY								True	APEX_matrix, targetP signal, Rickettsial homolog, MS/MS	Matrix	True
P58658	EVA1C	Extracellular; Cytoplasmic	Helical		True	True		True
P58872	RHBDL3		Helical			True
P59025	RTP1	Cytoplasmic; Extracellular	Helical			True		True
P59533	TAS2R38	Extracellular; Cytoplasmic	Helical			True		True
P59534	TAS2R39	Extracellular; Cytoplasmic	Helical			True		True
P59535	TAS2R40	Extracellular; Cytoplasmic	Helical			True		True
P59537	TAS2R43	Extracellular; Cytoplasmic	Helical			True		True
P59538	TAS2R31	Extracellular; Cytoplasmic	Helical			True		True
P59540	TAS2R46	Extracellular; Cytoplasmic	Helical			True		True
P59543	TAS2R20	Extracellular; Cytoplasmic	Helical			True		True
P59796	GPX6				True
P59826	BPIFB3				True
P60153	RNASE9				True
P60509	ERVPABLB-1		Helical			True
P60827	C1QTNF8				True
P60893	GPR85	Extracellular; Cytoplasmic	Helical			True		True
P61550	ERVS71-1	Extracellular; Cytoplasmic	Helical		True	True		True
P61565	ERVK-21	Extracellular; Cytoplasmic	Helical		True	True		True
P61566	ERVK-24		Helical			True
P61567	ERVK-7		Helical			True
P82663	MRPS25								True	literature, APEX_matrix, targetP signal, mito protein domain, induction, coexpression, MS/MS++	Matrix	True
P82675	MRPS5								True	literature, APEX_matrix, yeast mito homolog++, Rickettsial homolog, mito protein domain, induction, coexpression, MS/MS	Matrix	True
P82912	MRPS11								True	literature, targetP signal, Rickettsial homolog, mito protein domain, induction, coexpression, MS/MS	Matrix	True
P82921	MRPS21								True	literature, yeast mito homolog++, Rickettsial homolog, mito protein domain, induction, MS/MS++	Matrix	True
P82933	MRPS9								True	literature, APEX_matrix, targetP signal, yeast mito homolog++, Rickettsial homolog, mito protein domain, induction, coexpression, MS/MS	Matrix	True
P83859	QRFP				True
Q00888	PSG4				True
Q02338	BDH1								True	literature, APEX_matrix, targetP signal+, Rickettsial homolog, mito protein domain, induction, coexpression, MS/MS++	MIM	True
Q02509	OC90				True
Q07507	DPT				True
Q12999	TSPAN31	Cytoplasmic; Extracellular	Helical			True		True
Q13103	SPP2				True
Q13606	OR5I1	Extracellular; Cytoplasmic	Helical			True		True
Q13607	OR2F1	Extracellular; Cytoplasmic	Helical			True		True
Q14409	GK3											True
Q14439	GPR176	Extracellular; Cytoplasmic	Helical			True		True
Q14641	INSL4				True
Q14952	KIR2DS3	Extracellular; Cytoplasmic	Helical		True	True		True
Q14C87	TMEM132D	Extracellular; Cytoplasmic	Helical		True	True		True
Q14CX5	SLC68A1	Extracellular; Cytoplasmic	Helical			True		True
Q15035	TRAM2	Cytoplasmic; Extracellular	Helical			True		True
Q15198	PDGFRL				True
Q15238	PSG5				True
Q15390	MTFR1								True	literature, targetP signal, mito protein domain+, coexpression	Membrane	True
Q15391	P2RY14	Extracellular; Cytoplasmic	Helical			True		True
Q15612	OR1Q1	Extracellular; Cytoplasmic	Helical			True		True
Q15617	OR8G1	Extracellular; Cytoplasmic	Helical			True		True
Q15620	OR8B8	Extracellular; Cytoplasmic	Helical			True		True
Q15760	GPR19	Extracellular; Cytoplasmic	Helical			True		True
Q16378	PRR4				True
Q16538	GPR162	Extracellular; Cytoplasmic	Helical			True		True
Q17RF5	ODAPH				True
Q17RR3	PNLIPRP3				True
Q17RY6	LY6K				True
Q1L6U9	MSMP				True
Q24JQ0	SLC35D4		Helical			True
Q2L4Q9	PRSS53				True
Q2M2H8	MGAM2	Cytoplasmic; Lumenal	Helical			True		True
Q2PZI1	DPY19L1		Helical			True
Q2QL34	MPV17L	Cytoplasmic; Lumenal	Helical			True		True	True	targetP signal, yeast mito homolog+, mito protein domain, MS/MS++	MIM
Q2T9K0	TMEM44	Extracellular; Cytoplasmic	Helical			True		True
Q2VWP7	PRTG	Extracellular; Cytoplasmic	Helical		True	True		True
Q2VYF4	LETM2	Mitochondrial intermembrane; Mitochondrial matrix	Helical			True		True	True	targetP signal, yeast mito homolog+, mito protein domain+	MIM	True
Q30KP8	DEFB136				True
Q30KQ9	DEFB110				True
Q32ZL2	PLPPR5		Helical			True
Q3KPI0	CEACAM21	Extracellular; Cytoplasmic	Helical		True	True		True
Q3MIW9	MUCL3	Extracellular; Cytoplasmic	Helical		True	True		True
Q3SY17	SLC25A52		Helical			True			True	manual, yeast mito homolog+, mito protein domain+	MIM	True
Q3SY77	UGT3A2	Extracellular; Cytoplasmic	Helical		True	True		True
Q3ZCN5	OTOGL				True
Q3ZCQ3	FAM174B	Extracellular; Cytoplasmic	Helical		True	True		True
Q495N2	SLC36A3	Cytoplasmic; Extracellular	Helical			True		True
Q49AH0	CDNF				True
Q49SQ1	GPR33	Extracellular; Cytoplasmic	Helical			True		True
Q4G0T1	SCART1	Extracellular; Cytoplasmic	Helical		True	True		True
Q4G148	GXYLT1	Cytoplasmic; Lumenal	Helical; Signal-anchor for type II membrane protein			True		True
Q4G1C9	GLIPR1L2		Helical			True
Q4U2R6	MRPL51								True	literature, APEX_matrix, targetP signal, mito protein domain+, coexpression, MS/MS++	Matrix	True
Q4VNC0	ATP13A5		Helical			True
Q4ZIN3	TMEM259		Helical			True
Q50KZ9	TAS2R2	Extracellular; Cytoplasmic	Helical			True		True
Q53RD9	FBLN7				True
Q567V2	MPV17L2		Helical			True			True	GFP, targetP signal, yeast mito homolog+, mito protein domain, coexpression	MIM	True
Q5BIV9	SPRN				True
Q5BKT4	ALG10	Cytoplasmic; Extracellular	Helical			True		True
Q5DT21	SPINK9				True
Q5FWE3	PRRT3	Extracellular; Cytoplasmic	Helical		True	True		True
Q5FYB0	ARSJ				True
Q5GAN6	RNASE10				True
Q5GH76	XKR4		Helical			True
Q5HYI7	MTX3								True	manual, mito protein domain+, MS/MS	MOM	True
Q5HYJ1	TECRL		Helical			True
Q5HYL7	TMEM196		Helical			True
Q5J5C9	DEFB121				True
Q5JRM2	CXorf66	Extracellular; Cytoplasmic	Helical		True	True		True
Q5JTH9	RRP12		Helical			True
Q5JU69	TOR2A				True
Q5JXA9	SIRPB2	Extracellular; Cytoplasmic	Helical		True	True		True
Q5SRI9	MANEA	Cytoplasmic; Lumenal	Helical; Signal-anchor for type II membrane protein			True		True
Q5SRN2	TSBP1		Helical			True
Q5SY80	CATSPERE	Extracellular; Cytoplasmic	Helical		True	True		True
Q5T1Q4	SLC35F1		Helical			True
Q5T2E6	ARMH3		Helical			True
Q5T4T1	TMEM170B	Extracellular; Cytoplasmic	Helical			True		True
Q5T653	MRPL2								True	literature, APEX_matrix, targetP signal, yeast mito homolog++, Rickettsial homolog, mito protein domain, induction, coexpression++, MS/MS++	Matrix	True
Q5T6L9	ERMARD		Helical			True
Q5TAH2	SLC9C2		Helical			True
Q5TC12	ATPAF1								True	literature, APEX_matrix, yeast mito homolog++, mito protein domain+, MS/MS	Matrix	True
Q5TEA6	SEL1L2	Extracellular; Cytoplasmic	Helical		True	True		True
Q5TF39	SLC60A2		Helical			True
Q5TFQ8	SIRPB1	Extracellular; Cytoplasmic	Helical		True	True		True
Q5TH69	ARFGEF3		Helical			True
Q5VU65	NUP210L		Helical		True	True
Q5VU97	CACHD1	Extracellular; Cytoplasmic	Helical		True	True		True
Q5VWW1	C1QL3				True
Q5VXJ0	LIPK				True
Q5VXT5	SYPL2	Cytoplasmic; Vesicular	Helical			True		True
Q5VXU1	NKAIN2		Helical			True
Q5XG92	CES4A				True
Q641Q3	METRNL				True
Q66K14	TBC1D9B		Helical			True
Q66K66	TMEM198		Helical			True
Q68BL7	OLFML2A				True
Q68BL8	OLFML2B				True
Q68CQ7	GLT8D1	Cytoplasmic; Lumenal	Helical; Signal-anchor for type II membrane protein			True		True
Q68D42	TMEM215		Helical			True
Q68DH5	LMBRD2	Extracellular; Cytoplasmic	Helical			True		True
Q69YU5	UQCC6	Mitochondrial matrix; Mitochondrial intermembrane	Helical; Signal-anchor for type II membrane protein			True		True				True
Q6DWJ6	GPR139	Extracellular; Cytoplasmic	Helical			True		True
Q6GMV3	PTRHD1											True
Q6H9L7	ISM2				True
Q6IAN0	DHRS7B	Cytoplasmic; Lumenal	Helical; Signal-anchor for type II membrane protein			True		True	True	Rickettsial homolog, mito protein domain, induction, coexpression	Membrane
Q6IEE7	TMEM132E	Extracellular; Cytoplasmic	Helical		True	True		True
Q6IFH4	OR6B2	Extracellular; Cytoplasmic	Helical			True		True
Q6IPR1	ETFRF1								True	mito protein domain+, induction, coexpression, MS/MS++	Matrix	True
Q6ISS4	LAIR2				True
Q6MZW2	FSTL4				True
Q6NT32	CES5A				True
Q6NUJ1	PSAPL1				True
Q6NUK4	REEP3		Helical			True
Q6NUM9	RETSAT				True
Q6NUS8	UGT3A1	Extracellular; Cytoplasmic	Helical		True	True		True
Q6P1L8	MRPL14								True	literature, APEX_matrix, targetP signal, Rickettsial homolog, mito protein domain, coexpression+, MS/MS	Matrix	True
Q6P1S2	C3orf33		Helical			True			True	APEX_matrix, targetP signal, MS/MS	Matrix	True
Q6P2I3	FAHD2B											True
Q6P444	MTFR2								True	manual, mito protein domain+	Membrane	True
Q6P499	NIPAL3		Helical			True
Q6P4A7	SFXN4		Helical			True			True	literature, mito protein domain+	MIM	True
Q6P4E1	GOLM2	Cytoplasmic; Lumenal	Helical; Signal-anchor for type II membrane protein			True		True
Q6P5S2	LEG1				True
Q6P7N7	TMEM81	Extracellular; Cytoplasmic	Helical		True	True		True
Q6P9G4	TMEM154	Extracellular; Cytoplasmic	Helical		True	True		True
Q6PB30	CSAG1				True
Q6PEY0	GJB7	Cytoplasmic; Extracellular	Helical			True		True
Q6PEZ8	PODNL1				True
Q6PI73	LILRA6	Extracellular; Cytoplasmic	Helical		True	True		True
Q6PIS1	SLC23A3	Cytoplasmic; Extracellular	Helical			True		True
Q6PK18	OGFOD3	Cytoplasmic; Lumenal	Helical; Signal-anchor for type II membrane protein			True		True
Q6PKH6	DHRS4L2				True							True
Q6Q8B3	CD200R1L	Extracellular; Cytoplasmic	Helical		True	True		True
Q6T4P5	PLPPR3		Helical			True
Q6UW32	IGFL1				True
Q6UW49	SPESP1				True
Q6UWD8	C16orf54		Helical			True
Q6UWH4	GASK1B	Cytoplasmic; Extracellular	Helical; Signal-anchor for type II membrane protein			True		True
Q6UWL2	SUSD1	Extracellular; Cytoplasmic	Helical		True	True		True
Q6UWM5	GLIPR1L1				True
Q6UWM7	LCTL	Extracellular; Cytoplasmic	Helical		True	True		True
Q6UWQ7	IGFL2				True
Q6UWT2	ENHO				True
Q6UWT4	C5orf46				True
Q6UWV2	MPZL3	Extracellular; Cytoplasmic	Helical		True	True		True
Q6UWW9	TMEM207	Lumenal; Cytoplasmic	Helical		True	True		True
Q6UX07	DHRS13				True
Q6UX52	C17orf99				True
Q6UX73	C16orf89				True
Q6UXA7	C6orf15				True
Q6UXC1	MAMDC4	Extracellular; Cytoplasmic	Helical		True	True		True
Q6UXE8	BTNL3	Extracellular; Cytoplasmic	Helical		True	True		True
Q6UXH9	PAMR1				True
Q6UXI7	VIT				True
Q6UXK5	LRRN1	Extracellular; Cytoplasmic	Helical		True	True		True
Q6UXN2	TREML4				True
Q6UXT9	ABHD15				True
Q6UXU4	GSG1L	Cytoplasmic; Extracellular	Helical			True		True
Q6UXX5	ITIH6				True
Q6UY11	DLK2	Extracellular; Cytoplasmic	Helical		True	True		True
Q6W3E5	GDPD4	Cytoplasmic; Extracellular	Helical			True		True
Q6X784	ZPBP2				True
Q6Y2X3	DNAJC14		Helical			True
Q6YFQ2	COX6B2								True	literature, yeast mito homolog+, mito protein domain+, MS/MS+	MIM	True
Q6YI46	TMEM64		Helical			True
Q6ZMD2	SPNS3		Helical			True
Q6ZNA5	FRRS1		Helical			True
Q6ZNB6	NFXL1		Helical			True
Q6ZRH7	CATSPERG	Extracellular; Cytoplasmic	Helical		True	True		True
Q6ZS82	RGS9BP	Cytoplasmic; Extracellular	Helical; Anchor for type IV membrane protein			True		True
Q6ZS86	GK5											True
Q6ZUB1	SPATA31E1		Helical			True
Q6ZUT9	DENND5B		Helical			True
Q6ZVX9	PAQR9	Cytoplasmic; Extracellular	Helical			True		True
Q6ZW05	PTCHD4		Helical			True
Q6ZWJ8	KCP				True
Q6ZWK6	TMPRSS11F	Cytoplasmic; Extracellular	Helical; Signal-anchor for type II membrane protein			True		True
Q71RH2	TLCD3B		Helical			True
Q76B58	BRINP3				True
Q76KP1	B4GALNT4	Cytoplasmic; Lumenal	Helical; Signal-anchor for type II membrane protein			True		True
Q76M96	CCDC80				True
Q7L3T8	PARS2								True	APEX_matrix, GFP, targetP signal, yeast mito homolog, Rickettsial homolog, mito protein domain	Matrix	True
Q7L8C5	SYT13	Vesicular; Cytoplasmic	Helical			True		True
Q7L985	LINGO2	Extracellular; Cytoplasmic	Helical		True	True		True
Q7RTR8	TAS2R42	Extracellular; Cytoplasmic	Helical			True		True
Q7RTU9	STRC				True
Q7RTY5	PRSS48				True
Q7RTY7	OVCH1				True
Q7RTY8	TMPRSS7	Cytoplasmic; Extracellular	Helical; Signal-anchor for type II membrane protein			True		True
Q7RTY9	PRSS41				True
Q7Z2W9	MRPL21								True	literature, APEX_matrix, targetP signal, yeast mito homolog++, Rickettsial homolog, mito protein domain, coexpression, MS/MS+	Matrix	True
Q7Z3T1	OR2W3	Extracellular; Cytoplasmic	Helical			True		True
Q7Z402	TMC7	Extracellular; Cytoplasmic	Helical			True		True
Q7Z404	TMC4	Extracellular; Cytoplasmic	Helical			True		True
Q7Z4J2	GLT6D1	Cytoplasmic; Lumenal	Helical; Signal-anchor for type II membrane protein			True		True
Q7Z553	MDGA2				True
Q7Z5A4	PRSS42P				True
Q7Z5H4	VN1R5	Extracellular; Cytoplasmic	Helical			True		True
Q7Z5H5	VN1R4	Extracellular; Cytoplasmic	Helical			True		True
Q7Z601	GPR142	Extracellular; Cytoplasmic	Helical			True		True
Q7Z6K3	PTAR1											True
Q7Z7B7	DEFB132				True
Q7Z7F7	MRPL55								True	literature, APEX_matrix, targetP signal, mito protein domain+, induction, coexpression++, MS/MS+	Matrix	True
Q7Z7J7	LHFPL4		Helical			True
Q7Z7M1	ADGRD2	Extracellular; Cytoplasmic	Helical			True		True
Q86SG7	LYG2				True
Q86SP6	GPR149	Extracellular; Cytoplasmic	Helical			True		True
Q86TD4	SRL				True
Q86UP6	CUZD1	Lumenal; Cytoplasmic	Helical		True	True		True
Q86UW8	HAPLN4				True
Q86UY8	NT5DC3								True	APEX_matrix, targetP signal, MS/MS++	Matrix	True
Q86VH4	LRRTM4	Extracellular; Cytoplasmic	Helical		True	True		True
Q86VR7	VSIG10L	Extracellular; Cytoplasmic	Helical		True	True		True
Q86VU5	COMTD1		Helical; Signal-anchor for type II membrane protein			True			True	GFP, MS/MS++	Membrane	True
Q86VZ4	LRP11	Extracellular; Cytoplasmic	Helical		True	True		True
Q86W33	TPRA1		Helical			True
Q86WI0	LHFPL1		Helical		True	True
Q86WK7	AMIGO3	Extracellular; Cytoplasmic	Helical		True	True		True
Q86WK9	PAQR7	Cytoplasmic; Extracellular	Helical			True		True
Q86WN2	IFNE				True
Q86WS3	OOSP2				True
Q86WW8	COA5								True	literature, APEX_IMS, yeast mito homolog++, mito protein domain+, induction, MS/MS	IMS	True
Q86X19	TMEM17		Helical			True
Q86XP6	GKN2				True
Q86XR5	PRIMA1	Extracellular; Cytoplasmic	Helical		True	True		True
Q86XT9	TMEM219	Extracellular; Cytoplasmic	Helical		True	True		True
Q86Y22	COL23A1	Cytoplasmic; Extracellular	Helical; Signal-anchor for type II membrane protein			True		True
Q86Y79	PTRH1								True	APEX_matrix, GFP, targetP signal, yeast mito homolog++, Rickettsial homolog, mito protein domain, MS/MS	Matrix	True
Q86YL5	TDRP											True
Q8IV01	SYT12	Vesicular; Cytoplasmic	Helical			True		True
Q8IW70	TMEM151B		Helical			True
Q8IWB9	TEX2		Helical			True
Q8IY50	SLC35F3		Helical			True
Q8IYD9	LAS2				True
Q8IYS0	GRAMD1C		Helical			True
Q8IZ57	NRSN1		Helical			True
Q8IZM9	SLC38A6		Helical			True
Q8IZP7	HS6ST3	Cytoplasmic; Lumenal	Helical; Signal-anchor for type II membrane protein			True		True
Q8IZS7	CLECL1	Cytoplasmic; Extracellular	Helical; Signal-anchor for type II membrane protein			True		True
Q8IZU8	DSEL		Helical		True	True
Q8IZV2	CMTM8		Helical			True
Q8N0U2	TMEM61		Helical			True
Q8N109	KIR2DL5A	Extracellular; Cytoplasmic	Helical		True	True		True
Q8N111	CEND1	Cytoplasmic; Extracellular	Helical; Anchor for type IV membrane protein			True		True
Q8N112	LSMEM2		Helical			True
Q8N118	CYP4X1		Helical			True
Q8N1N0	CLEC4F	Cytoplasmic; Extracellular	Helical; Signal-anchor for type II membrane protein			True		True
Q8N1S5	SLC39A11		Helical			True
Q8N292	GAPT		Helical			True
Q8N2H3	PYROXD2											True
Q8N436	CPXM2				True
Q8N442	GUF1								True	APEX_matrix, targetP signal, yeast mito homolog++, Rickettsial homolog, mito protein domain+, coexpression, MS/MS+	Matrix	True
Q8N475	FSTL5				True
Q8N4Q0	PTGR3								True	mito protein domain, induction, coexpression+, MS/MS++	unknown	True
Q8N5N7	MRPL50								True	literature, APEX_matrix, targetP signal, mito protein domain+, coexpression+, MS/MS	Matrix	True
Q8N5S1	SLC25A41		Helical			True			True	yeast mito homolog+, mito protein domain+	MIM
Q8N628	OR2C3	Extracellular; Cytoplasmic	Helical			True		True
Q8N690	DEFB119				True
Q8N6S5	ARL6IP6		Helical			True
Q8N6Y1	PCDH20	Extracellular; Cytoplasmic	Helical		True	True		True
Q8N7P3	CLDN22	Cytoplasmic; Extracellular	Helical			True		True
Q8N8F6	YIPF7	Cytoplasmic; Extracellular	Helical			True		True
Q8N8Q1	CYB561D1	Cytoplasmic; Lumenal	Helical			True		True
Q8N8Q9	NIPA2	Extracellular; Cytoplasmic	Helical			True		True
Q8NB37	GATD1				True
Q8NBF6	AVL9		Helical			True
Q8NBL3	TMEM178A	Extracellular; Cytoplasmic	Helical		True	True		True
Q8NBM8	PCYOX1L				True
Q8NBR0	TP53I13	Extracellular; Cytoplasmic	Helical		True	True		True
Q8NBV4	PLPP7	Cytoplasmic; Extracellular	Helical			True		True
Q8NBX0	SCCPDH											True
Q8NCF0	CLEC18C				True
Q8NDA2	HMCN2				True
Q8NDH2	LRTM3		Helical			True
Q8NDV2	GPR26	Extracellular; Cytoplasmic	Helical			True		True
Q8NDX9	LY6G5B				True
Q8NE62	CHDH								True	APEX_matrix, targetP signal+, mito protein domain, coexpression, MS/MS++	MIM	True
Q8NEB7	ACRBP				True
Q8NET1	DEFB108B				True
Q8NF86	PRSS33				True
Q8NFK1	GJC3	Cytoplasmic; Extracellular	Helical			True		True
Q8NFW1	COL22A1				True
Q8NG04	SLC26A10P		Helical			True
Q8NGA0	OR7G1	Extracellular; Cytoplasmic	Helical			True		True
Q8NGA4	GPR32P1	Extracellular; Cytoplasmic	Helical			True		True
Q8NGC8	OR11H7	Extracellular; Cytoplasmic	Helical			True		True
Q8NGD0	OR4M1	Extracellular; Cytoplasmic	Helical			True		True
Q8NGE3	OR10P1	Extracellular; Cytoplasmic	Helical			True		True
Q8NGG2	OR5T2	Extracellular; Cytoplasmic	Helical			True		True
Q8NGH7	OR52L1	Extracellular; Cytoplasmic	Helical			True		True
Q8NGI2	OR52N4	Extracellular; Cytoplasmic	Helical			True		True
Q8NGK2	OR52B4	Extracellular; Cytoplasmic	Helical			True		True
Q8NGM9	OR8D4	Extracellular; Cytoplasmic	Helical			True		True
Q8NGN3	OR10G4	Extracellular; Cytoplasmic	Helical			True		True
Q8NGQ1	OR9G4	Extracellular; Cytoplasmic	Helical			True		True
Q8NGR2	OR1L6	Extracellular; Cytoplasmic	Helical			True		True
Q8NGR6	OR1B1	Extracellular; Cytoplasmic	Helical			True		True
Q8NGS2	OR1J2	Extracellular; Cytoplasmic	Helical			True		True
Q8NGS8	OR13C5	Extracellular; Cytoplasmic	Helical			True		True
Q8NGT0	OR13C9	Extracellular; Cytoplasmic	Helical			True		True
Q8NGV6	OR5H6	Extracellular; Cytoplasmic	Helical			True		True
Q8NGW1	OR6B3	Extracellular; Cytoplasmic	Helical			True		True
Q8NGW6	OR6K6	Extracellular; Cytoplasmic	Helical			True		True
Q8NGX3	OR10T2	Extracellular; Cytoplasmic	Helical			True		True
Q8NGY0	OR10X1	Extracellular; Cytoplasmic	Helical			True		True
Q8NGY3	OR6K3	Extracellular; Cytoplasmic	Helical			True		True
Q8NH19	OR10AG1	Extracellular; Cytoplasmic	Helical			True		True
Q8NH43	OR4L1	Extracellular; Cytoplasmic	Helical			True		True
Q8NH48	OR5B3	Extracellular; Cytoplasmic	Helical			True		True
Q8NH59	OR51Q1	Extracellular; Cytoplasmic	Helical			True		True
Q8NH69	OR5W2	Extracellular; Cytoplasmic	Helical			True		True
Q8NH85	OR8U3	Extracellular; Cytoplasmic	Helical			True		True
Q8NH87	OR9G1	Extracellular; Cytoplasmic	Helical			True		True
Q8NH92	OR1S1	Extracellular; Cytoplasmic	Helical			True		True
Q8NH94	OR1L1	Extracellular; Cytoplasmic	Helical			True		True
Q8NHC8	OR2T6	Extracellular; Cytoplasmic	Helical			True		True
Q8NHK3	KIR2DL5B	Extracellular; Cytoplasmic	Helical		True	True		True
Q8NHM4	PRSS3P2				True
Q8NHV5	MOSMO		Helical			True
Q8NI32	LYPD6B				True
Q8NI99	ANGPTL6				True
Q8TAA5	GRPEL2								True	literature, APEX_matrix, targetP signal+, Rickettsial homolog, mito protein domain+	Matrix	True
Q8TAL6	FIBIN				True
Q8TAQ9	SUN3	Nuclear; Perinuclear space	Helical			True		True
Q8TAV4	STOML3	Cytoplasmic	Helical; Signal-anchor for type III membrane protein			True		True
Q8TB03	CXorf38											True
Q8TB96	ITFG1		Helical		True	True
Q8TBF5	PIGX	Lumenal; Cytoplasmic	Helical		True	True		True
Q8TBP6	SLC25A40		Helical			True			True	literature, yeast mito homolog+, mito protein domain+, MS/MS	MIM	True
Q8TBQ9	TMEM167A	Extracellular; Cytoplasmic	Helical		True	True		True
Q8TCB6	OR51E1	Extracellular; Cytoplasmic	Helical			True		True
Q8TCC3	MRPL30								True	literature, APEX_matrix, yeast mito homolog++, mito protein domain, coexpression++, MS/MS	Matrix	True
Q8TCV5	WFDC5				True
Q8TCW7	ZPLD1	Extracellular; Cytoplasmic	Helical		True	True		True
Q8TCW9	PROKR1	Extracellular; Cytoplasmic	Helical			True		True
Q8TD20	SLC2A12	Cytoplasmic; Extracellular	Helical			True		True
Q8TDU9	RXFP4	Extracellular; Cytoplasmic	Helical			True		True
Q8TDV2	GPR148	Extracellular; Cytoplasmic	Helical			True		True
Q8TDV5	GPR119	Extracellular; Cytoplasmic	Helical			True		True
Q8TDW4	ST7L		Helical			True
Q8TDY8	IGDCC4	Extracellular; Cytoplasmic	Helical		True	True		True
Q8TE69	EOLA1											True
Q8WUJ1	CYB5D2				True
Q8WUT4	LRRN4	Extracellular; Cytoplasmic	Helical		True	True		True
Q8WUY8	NAT14		Helical			True
Q8WV48	CCDC107		Helical		True	True
Q8WV60	PTCD2								True	literature, mito protein domain+, induction, coexpression, MS/MS	Matrix	True
Q8WVI0	UQCC5	Mitochondrial matrix; Mitochondrial intermembrane	Helical			True		True				True
Q8WWG1	NRG4	Extracellular; Cytoplasmic	Helical; Note=Internal signal sequence			True		True
Q8WWY7	WFDC12				True
Q8WX77	IGFBPL1				True
Q8WXA2	PATE1				True
Q8WXQ8	CPA5				True
Q8WY22	BRI3BP		Helical			True						True
Q8WZ79	DNASE2B				True
Q8WZ84	OR8D1	Extracellular; Cytoplasmic	Helical			True		True
Q8WZ94	OR5P3	Extracellular; Cytoplasmic	Helical			True		True
Q8WZA6	OR1E3	Extracellular; Cytoplasmic	Helical			True		True
Q902F8	ERVK-8	Extracellular; Cytoplasmic	Helical		True	True		True
Q902F9	HERVK_113	Extracellular; Cytoplasmic	Helical		True	True		True
Q92617	NPIPB3		Helical			True
Q969M2	GJA10	Cytoplasmic; Extracellular	Helical			True		True
Q969N4	TAAR8	Extracellular; Cytoplasmic	Helical			True		True
Q969V1	MCHR2	Extracellular; Cytoplasmic	Helical			True		True
Q96A28	SLAMF9	Extracellular; Cytoplasmic	Helical		True	True		True
Q96A35	MRPL24								True	literature, APEX_matrix, targetP signal, yeast mito homolog++, Rickettsial homolog, mito protein domain, coexpression, MS/MS++	Matrix	True
Q96A46	SLC25A28		Helical			True			True	literature, yeast mito homolog+, mito protein domain+	MIM	True
Q96A73	KIAA1191											True
Q96A98	PTH2				True
Q96A99	PTX4				True
Q96AM1	MRGPRF	Extracellular; Cytoplasmic	Helical			True		True
Q96B77	TMEM186	Mitochondrial matrix; Mitochondrial intermembrane	Helical			True		True	True	targetP signal, coexpression, MS/MS	MIM	True
Q96BH3	ELSPBP1				True
Q96BQ1	FAM3D				True
Q96C01	FAM136A								True	APEX_IMS, mito protein domain+, MS/MS++	IMS	True
Q96CH1	GPR146	Extracellular; Cytoplasmic	Helical			True		True
Q96DC8	ECHDC3								True	targetP signal+, yeast mito homolog+, Rickettsial homolog, mito protein domain, induction, coexpression, MS/MS++	Matrix	True
Q96DD7	SHISA4	Extracellular; Cytoplasmic	Helical		True	True		True
Q96DU9	PABPC5								True	literature, mito protein domain	Matrix
Q96DX4	RSPRY1				True
Q96F05	C11orf24	Extracellular; Cytoplasmic	Helical		True	True		True
Q96GC5	MRPL48								True	literature, APEX_matrix, mito protein domain, MS/MS++	Matrix	True
Q96GE9	DMAC1		Helical			True			True	literature, MS/MS	MIM	True
Q96GK7	FAHD2A								True	APEX_matrix, targetP signal, mito protein domain, induction, coexpression, MS/MS++	Matrix	True
Q96H78	SLC25A44		Helical			True			True	yeast mito homolog+, mito protein domain+, induction, MS/MS	MIM	True
Q96HJ9	FMC1											True
Q96I36	COX14	Mitochondrial intermembrane; Cytoplasmic	Helical			True		True	True	literature, GFP, mito protein domain+, induction, coexpression++, MS/MS+	MIM	True
Q96I82	KAZALD1				True
Q96ID5	IGSF21				True
Q96IK0	TMEM101		Helical			True
Q96IQ7	VSIG2	Extracellular; Cytoplasmic	Helical		True	True		True
Q96J86	CYYR1	Extracellular; Cytoplasmic	Helical		True	True		True
Q96JA4	MS4A14		Helical			True
Q96JK4	HHIPL1				True
Q96JQ2	CLMN		Helical; Anchor for type IV membrane protein			True
Q96JT2	SLC45A3		Helical			True
Q96K49	TMEM87B	Lumenal; Cytoplasmic	Helical		True	True		True
Q96KE9	BTBD6				True
Q96KN9	GJD4	Cytoplasmic; Extracellular	Helical			True		True
Q96KX0	LYZL4				True
Q96L15	ART5				True
Q96LD1	SGCZ	Cytoplasmic; Extracellular	Helical; Signal-anchor for type II membrane protein			True		True
Q96LL3	FIMP		Helical			True
Q96LR4	TAFA4				True
Q96LU7	MYRFL		Helical			True
Q96MC6	SLC71A1	Extracellular; Cytoplasmic	Helical			True		True
Q96MT1	RNF145		Helical			True
Q96N03	VSTM2L				True
Q96N28	PRELID3A								True	yeast mito homolog+, mito protein domain+, MS/MS	IMS	True
Q96ND0	FAM210A		Helical			True			True	GFP, targetP signal, induction, coexpression++, MS/MS	MIM	True
Q96NL1	TMEM74		Helical			True
Q96NU0	CNTNAP3B	Extracellular; Cytoplasmic	Helical		True	True		True
Q96P69	GPR78	Extracellular; Cytoplasmic	Helical			True		True
Q96PB8	LRRC3B		Helical		True	True
Q96PE5	OPALIN	Extracellular; Cytoplasmic	Helical			True		True
Q96PL1	SCGB3A2				True
Q96PL2	TECTB				True
Q96QR1	SCGB3A1				True
Q96QS1	TSPAN32		Helical			True
Q96QU6	ACCS								True	yeast mito homolog++, Rickettsial homolog, mito protein domain, coexpression	unknown
Q96QZ0	PANX3	Cytoplasmic; Extracellular	Helical			True		True
Q96R48	OR2A5	Extracellular; Cytoplasmic	Helical			True		True
Q96RA2	OR7D2	Extracellular; Cytoplasmic	Helical			True		True
Q96RI9	TAAR9	Extracellular; Cytoplasmic	Helical			True		True
Q96RV3	PCNX1		Helical			True
Q96S96	PEBP4				True
Q96SE0	ABHD1		Helical; Signal-anchor for type II membrane protein			True
Q96SK2	TMEM209		Helical			True
Q96SM3	CPXM1				True
Q99218	AMELY				True
Q99445	GML				True
Q99645	EPYC				True
Q99678	GPR20	Extracellular; Cytoplasmic	Helical			True		True
Q99727	TIMP4				True
Q99805	TM9SF2	Lumenal; Cytoplasmic	Helical		True	True		True
Q99954	SMR3A				True
Q9BQ08	RETNLB				True
Q9BQC6	MRPL57								True	literature, APEX_matrix, targetP signal, mito protein domain+, coexpression, MS/MS+	Matrix	True
Q9BQI7	PSD2		Helical			True
Q9BQQ7	RTP3	Cytoplasmic	Helical			True		True
Q9BQR3	PRSS27				True
Q9BRN9	TM2D3	Extracellular; Cytoplasmic	Helical		True	True		True
Q9BRY0	SLC39A3	Extracellular; Cytoplasmic	Helical			True		True
Q9BSG0	PRADC1				True
Q9BSH5	HDHD3								True	APEX_matrix, MS/MS++	Matrix	True
Q9BSN7	TMEM204	Cytoplasmic; Extracellular	Helical			True		True
Q9BT76	UPK3B	Lumenal; Cytoplasmic	Helical		True	True		True
Q9BU23	LMF2		Helical			True
Q9BUK0	CHCHD7								True	yeast mito homolog, induction, coexpression, MS/MS+	IMS	True
Q9BUN1	MENT				True
Q9BX93	PLA2G12B				True
Q9BXE9	VN1R3	Extracellular; Cytoplasmic	Helical			True		True
Q9BXT2	CACNG6		Helical			True
Q9BY21	GPR87	Extracellular; Cytoplasmic	Helical			True		True
Q9BYC2	OXCT2								True	manual, targetP signal+, mito protein domain	Matrix	True
Q9BYC9	MRPL20								True	literature, APEX_matrix, targetP signal+, Rickettsial homolog, mito protein domain, induction, coexpression, MS/MS	Matrix	True
Q9BYD1	MRPL13								True	literature, APEX_matrix, targetP signal, yeast mito homolog, Rickettsial homolog, mito protein domain, induction, coexpression, MS/MS++	Matrix	True
Q9BYD2	MRPL9								True	literature, APEX_matrix, targetP signal, Rickettsial homolog, mito protein domain, induction, coexpression+, MS/MS	Matrix	True
Q9BYD3	MRPL4								True	literature, APEX_matrix, targetP signal, yeast mito homolog++, Rickettsial homolog, mito protein domain, induction, MS/MS++	Matrix	True
Q9BYD6	MRPL1								True	literature, APEX_matrix, targetP signal, yeast mito homolog++, mito protein domain, induction, coexpression, MS/MS++	Matrix	True
Q9BYN8	MRPS26								True	literature, APEX_matrix, targetP signal, mito protein domain+, induction, coexpression, MS/MS+	Matrix	True
Q9BZ76	CNTNAP3	Extracellular; Cytoplasmic	Helical		True	True		True
Q9BZD7	PRRG3	Extracellular; Cytoplasmic	Helical			True		True
Q9BZE1	MRPL37								True	literature, APEX_matrix, targetP signal, mito protein domain, induction, coexpression+, MS/MS++	Matrix	True
Q9BZJ6	GPR63	Extracellular; Cytoplasmic	Helical			True		True
Q9C002	COXFA4L3		Helical			True			True	GFP, mito protein domain, MS/MS+	Membrane	True
Q9C0B6	BRINP2				True
Q9GZK4	OR2H1	Extracellular; Cytoplasmic	Helical			True		True
Q9GZK6	OR2J1	Extracellular; Cytoplasmic	Helical			True		True
Q9GZM6	OR8D2	Extracellular; Cytoplasmic	Helical			True		True
Q9GZP1	NRSN2		Helical			True
Q9GZP7	VN1R1	Extracellular; Cytoplasmic	Helical			True		True
Q9GZT6	CCDC90B		Helical			True			True	literature, APEX_matrix, targetP signal+, yeast mito homolog+, mito protein domain+, MS/MS	MIM	True
Q9GZY4	COA1	Mitochondrial matrix; Mitochondrial intermembrane	Helical			True		True	True	APEX_IMS, targetP signal, mito protein domain+	MIM	True
Q9H0C3	TMEM117	Cytoplasmic; Extracellular	Helical			True		True
Q9H0V1	TMEM168		Helical			True
Q9H0X4	FAM234A	Cytoplasmic; Extracellular	Helical; Signal-anchor for type II membrane protein			True		True
Q9H158	PCDHAC1	Extracellular; Cytoplasmic	Helical		True	True		True
Q9H1C0	LPAR5	Extracellular; Cytoplasmic	Helical			True		True
Q9H1E5	TMX4		Helical		True	True
Q9H1U4	MEGF9	Extracellular; Cytoplasmic	Helical		True	True		True
Q9H1Z8	ECRG4				True
Q9H1Z9	TSPAN10	Cytoplasmic; Extracellular	Helical			True		True
Q9H205	OR2AG1	Extracellular; Cytoplasmic	Helical			True		True
Q9H207	OR10A5	Extracellular; Cytoplasmic	Helical			True		True
Q9H208	OR10A2	Extracellular; Cytoplasmic	Helical			True		True
Q9H209	OR10A4	Extracellular; Cytoplasmic	Helical			True		True
Q9H210	OR2D2	Extracellular; Cytoplasmic	Helical			True		True
Q9H2C8	OR51V1	Extracellular; Cytoplasmic	Helical			True		True
Q9H2X8	IFI27L2		Helical			True						True
Q9H2Y9	SLCO5A1	Cytoplasmic; Extracellular	Helical			True		True
Q9H330	TMEM245		Helical			True
Q9H336	CRISPLD1				True
Q9H339	OR51B5	Extracellular; Cytoplasmic	Helical			True		True
Q9H340	OR51B6	Extracellular; Cytoplasmic	Helical			True		True
Q9H341	OR51M1	Extracellular; Cytoplasmic	Helical			True		True
Q9H342	OR51J1	Extracellular; Cytoplasmic	Helical			True		True
Q9H3G5	CPVL				True
Q9H4B8	DPEP3				True
Q9H4G1	CST9L				True
Q9H4I8	SERHL2								True	Rickettsial homolog, mito protein domain, MS/MS	unknown
Q9H665	IGFLR1	Extracellular; Cytoplasmic	Helical		True	True		True
Q9H6A9	PCNX3		Helical			True
Q9H6D8	FNDC4	Extracellular; Cytoplasmic	Helical		True	True		True
Q9H6F2	TMEM38A	Lumenal; Cytoplasmic	Helical;Name=1; Helical;Name=2; Helical;Name=3; Helical;Name=4; Helical;Name=5; Helical;Name=6; Helical;Name=7			True		True
Q9H6X4	TMEM134	Cytoplasmic; Extracellular	Helical			True		True
Q9H720	CWH43		Helical			True
Q9H756	LRRC19	Extracellular; Cytoplasmic	Helical		True	True		True
Q9H7T0	CATSPERB	Extracellular; Cytoplasmic	Helical			True		True
Q9H857	NT5DC2								True	APEX_matrix, targetP signal, MS/MS	Matrix	True
Q9H8J5	MANSC1	Extracellular; Cytoplasmic	Helical		True	True		True
Q9H920	RNF121		Helical			True
Q9HA92	RSAD1								True	APEX_matrix, targetP signal, Rickettsial homolog, mito protein domain, coexpression	MIM	True
Q9HAT1	LMAN1L	Lumenal; Cytoplasmic	Helical		True	True		True
Q9HB40	SCPEP1				True
Q9HBR0	SLC38A10		Helical			True
Q9HBU9	POPDC2		Helical			True
Q9HBV1	POPDC3		Helical			True
Q9HC38	GLOD4								True	APEX_matrix, targetP signal+, coexpression, MS/MS++	Matrix	True
Q9HC56	PCDH9	Extracellular; Cytoplasmic	Helical		True	True		True
Q9HCL0	PCDH18	Extracellular; Cytoplasmic	Helical		True	True		True
Q9HCT0	FGF22				True
Q9HD33	MRPL47								True	literature, APEX_matrix, targetP signal+, yeast mito homolog++, mito protein domain, induction, coexpression	Matrix	True
Q9N2J8		Extracellular; Cytoplasmic	Helical		True	True		True
Q9NP92	MRPS30								True	literature, APEX_matrix, targetP signal, mito protein domain, induction, coexpression, MS/MS++	Matrix	True
Q9NPD7	NRN1				True
Q9NPH6	OBP2B				True
Q9NQ60	EQTN	Vesicular; Cytoplasmic	Helical		True	True		True
Q9NQE7	PRSS16				True
Q9NQN1	OR2S2	Extracellular; Cytoplasmic	Helical			True		True
Q9NR77	PXMP2	Cytoplasmic; Peroxisomal	Helical			True		True	True	GFP, targetP signal, yeast mito homolog+, mito protein domain, induction	MIM
Q9NRG7	SDR39U1								True	mito protein domain, coexpression, MS/MS++	unknown	True
Q9NRN5	OLFML3				True
Q9NRR1	CYTL1				True
Q9NRU3	CNNM1		Helical			True
Q9NRV9	HEBP1								True	APEX_IMS, mito protein domain, coexpression, MS/MS++	IMS	True
Q9NRX3	COXFA4L2		Helical			True						True
Q9NS66	GPR173	Extracellular; Cytoplasmic	Helical			True		True
Q9NS93	TM7SF3		Helical		True	True
Q9NS98	SEMA3G				True
Q9NSD7	RXFP3	Extracellular; Cytoplasmic	Helical			True		True
Q9NSI5	IGSF5	Extracellular; Cytoplasmic	Helical			True		True
Q9NTU7	CBLN4				True
Q9NTX5	ECHDC1								True	yeast mito homolog+, Rickettsial homolog, mito protein domain, coexpression, MS/MS+	unknown
Q9NVS2	MRPS18A								True	literature, APEX_matrix, targetP signal, Rickettsial homolog, mito protein domain, induction, coexpression++, MS/MS++	Matrix	True
Q9NWC5	TMEM45A		Helical			True
Q9NX20	MRPL16								True	literature, yeast mito homolog++, Rickettsial homolog, mito protein domain, coexpression++, MS/MS+	Matrix	True
Q9NXK6	PAQR5	Cytoplasmic; Extracellular	Helical			True		True
Q9NXL6	SIDT1	Extracellular; Cytoplasmic	Helical		True	True		True
Q9NYJ1	COA4								True	yeast mito homolog++, mito protein domain, MS/MS	IMS	True
Q9NYL4	FKBP11		Helical		True	True
Q9NYV9	TAS2R13	Extracellular; Cytoplasmic	Helical			True		True
Q9NYW1	TAS2R9	Extracellular; Cytoplasmic	Helical			True		True
Q9NYW2	TAS2R8	Extracellular; Cytoplasmic	Helical			True		True
Q9NYW3	TAS2R7	Extracellular; Cytoplasmic	Helical			True		True
Q9NYW6	TAS2R3	Extracellular; Cytoplasmic	Helical			True		True
Q9NYW7	TAS2R1	Extracellular; Cytoplasmic	Helical			True		True
Q9P015	MRPL15								True	literature, APEX_matrix, yeast mito homolog++, Rickettsial homolog, mito protein domain, induction, coexpression, MS/MS	Matrix	True
Q9P0J6	MRPL36								True	literature, targetP signal, yeast mito homolog++, Rickettsial homolog, mito protein domain, induction, coexpression+	Matrix	True
Q9P0M4	IL17C				True
Q9P0M9	MRPL27								True	literature, APEX_matrix, targetP signal, yeast mito homolog++, Rickettsial homolog, mito protein domain, MS/MS	Matrix	True
Q9P218	COL20A1				True
Q9P291	ARMCX1	Mitochondrial intermembrane; Cytoplasmic	Helical; Signal-anchor			True		True	True	literature	MOM
Q9P2D8	UNC79		Helical			True
Q9P2J9	PDP2								True	APEX_matrix, yeast mito homolog+, mito protein domain, coexpression	Matrix	True
Q9P2P1	NYNRIN		Helical			True
Q9P2V4	LRIT1	Lumenal; Cytoplasmic	Helical		True	True		True
Q9UBU6	FAM8A1		Helical			True
Q9UDX5	MTFP1		Helical			True			True	literature, induction, coexpression, MS/MS+	Membrane	True
Q9UH62	ARMCX3	Mitochondrial intermembrane; Cytoplasmic	Helical; Signal-anchor			True		True	True	literature	MOM	True
Q9UHF5	IL17B				True
Q9UJ42	GPR160	Extracellular; Cytoplasmic	Helical			True		True
Q9UJ99	CDH22	Extracellular; Cytoplasmic	Helical		True	True		True
Q9UJG1	MOSPD1		Helical			True
Q9UK85	DKKL1				True
Q9UKH3	ERVK-9	Extracellular; Cytoplasmic	Helical		True	True		True
Q9UKJ0	PILRB	Extracellular; Cytoplasmic	Helical		True	True		True
Q9UKL2	OR52A1	Extracellular; Cytoplasmic	Helical			True		True
Q9UKR3	KLK13				True
Q9UKR8	TSPAN16	Cytoplasmic; Extracellular	Helical			True		True
Q9UKY3	CES1P1				True
Q9ULK6	RNF150	Extracellular; Cytoplasmic	Helical		True	True		True
Q9ULS5	TMCC3		Helical			True
Q9ULS6	KCNS2	Cytoplasmic; Extracellular	Helical; Helical; Voltage-sensor	Helical		True	True	True
Q9UN67	PCDHB10	Extracellular; Cytoplasmic	Helical		True	True		True
Q9UN71	PCDHGB4	Extracellular; Cytoplasmic	Helical		True	True		True
Q9UN75	PCDHA12	Extracellular; Cytoplasmic	Helical		True	True		True
Q9UNL2	SSR3	Lumenal; Cytoplasmic	Helical			True		True
Q9UPC5	GPR34	Extracellular; Cytoplasmic	Helical			True		True
Q9UQ72	PSG11				True
Q9Y2B0	CNPY2				True
Q9Y2Q9	MRPS28								True	literature, targetP signal, mito protein domain+, coexpression++, MS/MS++	Matrix	True
Q9Y2R9	MRPS7								True	literature, APEX_matrix, targetP signal, yeast mito homolog++, Rickettsial homolog, mito protein domain, coexpression+, MS/MS	Matrix	True
Q9Y2T5	GPR52	Extracellular; Cytoplasmic	Helical			True		True
Q9Y2U2	KCNK7	Cytoplasmic	Helical	Pore-forming		True	True	True
Q9Y334	VWA7				True
Q9Y3B7	MRPL11								True	literature, targetP signal, yeast mito homolog++, Rickettsial homolog, mito protein domain, coexpression+, MS/MS+	Matrix	True
Q9Y3D9	MRPS23								True	literature, APEX_matrix, yeast mito homolog++, mito protein domain+, induction, coexpression++, MS/MS++	Matrix	True
Q9Y3E0	GOLT1B	Cytoplasmic; Lumenal	Helical			True		True
Q9Y3E2	BOLA1								True	GFP, Rickettsial homolog, mito protein domain, coexpression, MS/MS++	Matrix	True
Q9Y426	C2CD2		Helical			True
Q9Y585	OR1A2	Extracellular; Cytoplasmic	Helical			True		True
Q9Y5E2	PCDHB7	Extracellular; Cytoplasmic	Helical		True	True		True
Q9Y5E4	PCDHB5	Extracellular; Cytoplasmic	Helical		True	True		True
Q9Y5E5	PCDHB4	Extracellular; Cytoplasmic	Helical		True	True		True
Q9Y5E6	PCDHB3	Extracellular; Cytoplasmic	Helical		True	True		True
Q9Y5E7	PCDHB2	Extracellular; Cytoplasmic	Helical		True	True		True
Q9Y5E8	PCDHB15	Extracellular; Cytoplasmic	Helical		True	True		True
Q9Y5E9	PCDHB14	Extracellular; Cytoplasmic	Helical		True	True		True
Q9Y5F0	PCDHB13	Extracellular; Cytoplasmic	Helical		True	True		True
Q9Y5F1	PCDHB12	Extracellular; Cytoplasmic	Helical		True	True		True
Q9Y5F3	PCDHB1	Extracellular; Cytoplasmic	Helical		True	True		True
Q9Y5F6	PCDHGC5	Extracellular; Cytoplasmic	Helical		True	True		True
Q9Y5F8	PCDHGB7	Extracellular; Cytoplasmic	Helical		True	True		True
Q9Y5F9	PCDHGB6	Extracellular; Cytoplasmic	Helical		True	True		True
Q9Y5G0	PCDHGB5	Extracellular; Cytoplasmic	Helical		True	True		True
Q9Y5G1	PCDHGB3	Extracellular; Cytoplasmic	Helical		True	True		True
Q9Y5G2	PCDHGB2	Extracellular; Cytoplasmic	Helical		True	True		True
Q9Y5G3	PCDHGB1	Extracellular; Cytoplasmic	Helical		True	True		True
Q9Y5G4	PCDHGA9	Extracellular; Cytoplasmic	Helical		True	True		True
Q9Y5G5	PCDHGA8	Extracellular; Cytoplasmic	Helical		True	True		True
Q9Y5G6	PCDHGA7	Extracellular; Cytoplasmic	Helical		True	True		True
Q9Y5G7	PCDHGA6	Extracellular; Cytoplasmic	Helical		True	True		True
Q9Y5G8	PCDHGA5	Extracellular; Cytoplasmic	Helical		True	True		True
Q9Y5G9	PCDHGA4	Extracellular; Cytoplasmic	Helical		True	True		True
Q9Y5H0	PCDHGA3	Extracellular; Cytoplasmic	Helical		True	True		True
Q9Y5H1	PCDHGA2	Extracellular; Cytoplasmic	Helical		True	True		True
Q9Y5H2	PCDHGA11	Extracellular; Cytoplasmic	Helical		True	True		True
Q9Y5H3	PCDHGA10	Extracellular; Cytoplasmic	Helical		True	True		True
Q9Y5H4	PCDHGA1	Extracellular; Cytoplasmic	Helical		True	True		True
Q9Y5H6	PCDHA8	Extracellular; Cytoplasmic	Helical		True	True		True
Q9Y5H7	PCDHA5	Extracellular; Cytoplasmic	Helical		True	True		True
Q9Y5I0	PCDHA13	Extracellular; Cytoplasmic	Helical		True	True		True
Q9Y5I1	PCDHA11	Extracellular; Cytoplasmic	Helical		True	True		True
Q9Y5I4	PCDHAC2	Extracellular; Cytoplasmic	Helical		True	True		True
Q9Y5J9	TIMM8B								True	literature, yeast mito homolog+, mito protein domain+, induction, coexpression, MS/MS++	MIM	True
Q9Y5M8	SRPRB		Helical			True
Q9Y5P1	OR51B2	Extracellular; Cytoplasmic	Helical			True		True
Q9Y5R4	HEMK1								True	GFP, targetP signal, yeast mito homolog, Rickettsial homolog, mito protein domain+	Matrix	True
Q9Y5W5	WIF1				True
Q9Y5Z6	B3GALT1	Cytoplasmic; Lumenal	Helical; Signal-anchor for type II membrane protein			True		True
Q9Y644	RFNG	Cytoplasmic; Lumenal	Helical; Signal-anchor for type II membrane protein			True		True
Q9Y661	HS3ST4	Cytoplasmic; Lumenal	Helical; Signal-anchor for type II membrane protein			True		True
Q9Y680	FKBP7				True
Q9Y6G1	TMEM14A		Helical			True
Q9Y6I8	PXMP4		Helical			True			True	targetP signal, mito protein domain+, coexpression	unknown
U3KPV4	A3GALT2	Cytoplasmic; Lumenal	Helical; Signal-anchor for type II membrane protein			True		True
A0A075B6H7	IGKV3-7				True
A0A075B6H8	IGKV1D-42				True
A0A075B6H9	IGLV4-69				True
A0A075B6I0	IGLV8-61				True
A0A075B6I1	IGLV4-60				True
A0A075B6I3	IGLV11-55				True
A0A075B6I4	IGLV10-54				True
A0A075B6I6	IGLV1-50				True
A0A075B6I7	IGLV5-48				True
A0A075B6I9	IGLV7-46				True
A0A075B6J1	IGLV5-37				True
A0A075B6J2	IGLV2-33				True
A0A075B6J6	IGLV3-22				True
A0A075B6K0	IGLV3-16				True
A0A075B6K2	IGLV3-12				True
A0A075B6K4	IGLV3-10				True
A0A075B6K5	IGLV3-9				True
A0A075B6K6	IGLV4-3				True
A0A075B6L2	TRGV11				True
A0A075B6L6	TRBV7-3				True
A0A075B6N2	TRBV20-1				True
A0A075B6N3	TRBV24-1				True
A0A075B6N4	TRBV25-1				True
A0A075B6P5	IGKV2-28				True
A0A075B6Q5	IGHV3-64				True
A0A075B6R0	TRGV2				True
A0A075B6R2	IGHV4-4				True
A0A075B6R9	IGKV2D-24				True
A0A075B6S2	IGKV2D-29				True
A0A075B6S4	IGKV1D-17				True
A0A075B6S5	IGKV1-27				True
A0A075B6S6	IGKV2D-30				True
A0A075B6S9	IGKV1-37				True
A0A075B6T6	TRAV12-2				True
A0A075B6T7	TRAV6				True
A0A075B6T8	TRAV9-1				True
A0A075B6U4	TRAV7				True
A0A075B6V5	TRAV36DV7				True
A0A075B6W5	TRAV23DV6				True
A0A075B6X5	TRAV18				True
A0A075B734	AQP7B	Cytoplasmic; Extracellular	Helical	Discontinuously helical		True	True	True
A0A087WSX0	IGLV5-45				True
A0A087WSY4	IGHV4-30-2				True
A0A087WSY6	IGKV3D-15				True
A0A087WSZ0	IGKV1D-8				True
A0A087WSZ9	TRAV30				True
A0A087WT02	TRAV9-2				True
A0A087WT03	TRAV26-1				True
A0A087WV62	TRBV16				True
A0A087WW87	IGKV2-40				True
A0A087X0M5	TRBV18				True
A0A096LNW5	NOTCH2NLR				True
A0A096LP55	UQCRHL											True
A0A0A0MRZ7	IGKV2D-26				True
A0A0A0MRZ8	IGKV3D-11				True
A0A0A0MRZ9	IGLV5-52				True
A0A0A0MS00	IGLV3-32				True
A0A0A0MS01	TRGV10				True
A0A0A0MS02	TRGV1				True
A0A0A0MS03	TRBV5-3				True
A0A0A0MS04	TRBV6-7				True
A0A0A0MS05	TRBV5-7				True
A0A0A0MS06	TRBV23-1				True
A0A0A0MS14	IGHV1-45				True
A0A0A0MS15	IGHV3-49				True
A0A0A0MT36	IGKV6D-21				True
A0A0A6YYC5	TRAV14DV4				True
A0A0A6YYD4	TRBV13				True
A0A0A6YYG2	TRBV6-6				True
A0A0A6YYG3	TRBV6-8				True
A0A0A6YYJ7	TRAV8-3				True
A0A0A6YYK1	TRAV8-1				True
A0A0A6YYK4	TRBV7-1				True
A0A0A6YYK6	TRAV16				True
A0A0A6YYK7	TRAV19				True
A0A0B4J1U3	IGLV1-36				True
A0A0B4J1U4	TRGV5				True
A0A0B4J1U6	TRBV9				True
A0A0B4J1U7	IGHV6-1				True
A0A0B4J1V0	IGHV3-15				True
A0A0B4J1V1	IGHV3-21				True
A0A0B4J1V2	IGHV2-26				True
A0A0B4J1V6	IGHV3-73				True
A0A0B4J1V7	IGHV7-81				True
A0A0B4J1X5	IGHV3-74				True
A0A0B4J1X8	IGHV3-43				True
A0A0B4J1Y8	IGLV9-49				True
A0A0B4J1Y9	IGHV3-72				True
A0A0B4J1Z2	IGKV1D-43				True
A0A0B4J234	TRAV2				True
A0A0B4J235	TRAV13-2				True
A0A0B4J237	TRAV8-2				True
A0A0B4J238	TRAV1-2				True
A0A0B4J240	TRAV10				True
A0A0B4J241	TRAV13-1				True
A0A0B4J244	TRAV3				True
A0A0B4J245	TRAV12-1				True
A0A0B4J248	TRAV1-1				True
A0A0B4J249	TRAV5				True
A0A0B4J262	TRAV8-6				True
A0A0B4J263	TRAV39				True
A0A0B4J264	TRAV38-1				True
A0A0B4J265	TRAV26-2				True
A0A0B4J266	TRAV41				True
A0A0B4J268	TRAV4				True
A0A0B4J271	TRAV12-3				True
A0A0B4J272	TRAV24				True
A0A0B4J273	TRAV34				True
A0A0B4J274	TRAV20				True
A0A0B4J275	TRAV17				True
A0A0B4J276	TRAV25				True
A0A0B4J277	TRAV22				True
A0A0B4J279	TRAV21				True
A0A0B4J280	TRAV40				True
A0A0B4J2D9	IGKV1D-13				True
A0A0B4J2E0	TRBV12-4				True
A0A0B4J2H0	IGHV1-69D				True
A0A0C4DH24	IGKV6-21				True
A0A0C4DH25	IGKV3D-20				True
A0A0C4DH26	IGKV6D-41				True
A0A0C4DH27	TRGV8				True
A0A0C4DH28	TRGV4				True
A0A0C4DH29	IGHV1-3				True
A0A0C4DH30	IGHV3-16				True
A0A0C4DH31	IGHV1-18				True
A0A0C4DH32	IGHV3-20				True
A0A0C4DH33	IGHV1-24				True
A0A0C4DH34	IGHV4-28				True
A0A0C4DH35	IGHV3-35				True
A0A0C4DH36	IGHV3-38				True
A0A0C4DH38	IGHV5-51				True
A0A0C4DH39	IGHV1-58				True
A0A0C4DH41	IGHV4-61				True
A0A0C4DH42	IGHV3-66				True
A0A0C4DH43	IGHV2-70D				True
A0A0C4DH55	IGKV3D-7				True
A0A0C4DH59	TRBV5-4				True
A0A0C4DH67	IGKV1-8				True
A0A0C4DH68	IGKV2-24				True
A0A0C4DH69	IGKV1-9				True
A0A0C4DH72	IGKV1-6				True
A0A0C4DH73	IGKV1-12				True
A0A0G2JMI3	IGHV1-69-2				True
A0A0G2JS06	IGLV5-39				True
A0A0J9YVY3	IGHV7-4-1				True
A0A0J9YX35	IGHV3-64D				True
A0A0J9YX75	TRBV6-9				True
A0A0J9YXX1	IGHV5-10-1				True
A0A0J9YXY3	TRBV6-2				True
A0A0K0K1A3	TRBV10-1				True
A0A0K0K1B3	TRBV30				True
A0A0K0K1C0	TRBV11-1				True
A0A0K0K1C4	TRBV27				True
A0A0K0K1D8	TRBV6-1				True
A0A0K0K1E9	TRBV7-7				True
A0A0K0K1G6	TRBV10-3				True
A0A0K0K1G8	TRBV10-2				True
A0A0U1RRN3	MISFA	Mitochondrial intermembrane; Cytoplasmic	Helical			True		True
A0A1B0GTK4	FAM237A				True
A0A1B0GVD1	FAM237B				True
A0A1B0GVH4	PRSS51				True
A0A1B0GWG4	SERTM2		Helical			True
A0A1B0GX31	TRBV7-6				True
A0A1B0GX49	TRBV6-4				True
A0A1B0GX51	TRBV7-8				True
A0A1B0GX56	TRDV1				True
A0A1B0GX68	TRBV2				True
A0A1B0GX78	TRBV12-5				True
A0A1B0GX95	TRBV7-4				True
A0A1B0GXF2	TRBV7-2				True
A0A286YEU6	OR1R1	Extracellular; Cytoplasmic	Helical			True		True
A0A2R8Y4L6	OR5D3	Extracellular; Cytoplasmic	Helical			True		True
A0A2R8YED5	OR5BS1	Extracellular; Cytoplasmic	Helical			True		True
A0A3B3IT45	OR51C1	Extracellular; Cytoplasmic	Helical			True		True
A0A539	TRBV4-2				True
A0A576	TRBV3-1				True
A0A577	TRBV4-1				True
A0A578	TRBV5-1				True
A0A584	TRBV11-2				True
A0A589	TRBV4-3				True
A0A590UK83	SMIM45		Helical			True
A0A597	TRBV5-5				True
A0A599	TRBV5-6				True
A0A5A2	TRBV5-8				True
A0A5A6	TRBV11-3				True
A0A5B0	TRBV14				True
A0A5B6	TRBV28				True
A0A5B7	TRBV29-1				True
A0JD32	TRAV38-2DV8				True
A0JD36	TRDV2				True
A0JD37	TRDV3				True
A1L1A6	IGSF23		Helical			True
A1L453	PRSS38				True
A2RRL7	TMEM213	Cytoplasmic; Lumenal	Helical		True	True		True
A2RU48	SMCO3		Helical			True
A2RUU4	CLPSL1				True
A3KFT3	OR2M5	Extracellular; Cytoplasmic	Helical			True		True
A4D0V7	CPED1				True
A4D1S0	KLRG2		Helical			True
A4D2H0	CTAGE15		Helical			True
A5PLK6	RGSL1		Helical			True
A6H8M9	CDHR4	Extracellular; Cytoplasmic	Helical		True	True		True
A6NC86	PINLYP				True
A6NCI4	VWA3A				True
A6NCV1	OR6C74	Extracellular; Cytoplasmic	Helical			True		True
A6NDD5	SYNDIG1L	Extracellular; Cytoplasmic	Helical			True		True
A6NDH6	OR5H15	Extracellular; Cytoplasmic	Helical			True		True
A6NDL8	OR6C68	Extracellular; Cytoplasmic	Helical			True		True
A6NET4	OR5K3	Extracellular; Cytoplasmic	Helical			True		True
A6NF34	ANTXRL	Extracellular; Cytoplasmic	Helical		True	True		True
A6NF89	OR6C6	Extracellular; Cytoplasmic	Helical			True		True
A6NFC5	TMEM235		Helical		True	True
A6NFC9	OR2W5P		Helical			True
A6NG13	MGAT4D	Cytoplasmic; Lumenal	Helical; Signal-anchor for type II membrane protein			True		True
A6NGN9	IGLON5				True
A6NH21	SERINC4		Helical			True
A6NH52	TVP23A		Helical			True
A6NHA9	OR4C46	Extracellular; Cytoplasmic	Helical			True		True
A6NHG9	OR5H14	Extracellular; Cytoplasmic	Helical			True		True
A6NHM9	MOXD2P				True
A6NHN0	OTOL1				True
A6NHS7	MANSC4	Extracellular; Cytoplasmic	Helical		True	True		True
A6NIE9	PRSS29P				True
A6NIJ9	OR6C70	Extracellular; Cytoplasmic	Helical			True		True
A6NJW4	LRRC3C		Helical		True	True
A6NJY4	TMEM238L		Helical			True
A6NJZ3	OR6C65	Extracellular; Cytoplasmic	Helical			True		True
A6NKG5	RTL1		Helical			True
A6NKK0	OR5H1	Extracellular; Cytoplasmic	Helical			True		True
A6NKQ9	CGB1				True
A6NKX4	SLC22A31	Cytoplasmic; Extracellular	Helical			True		True
A6NL08	OR6C75	Extracellular; Cytoplasmic	Helical			True		True
A6NL26	OR5B21	Extracellular; Cytoplasmic	Helical			True		True
A6NM03	OR2AG2	Extracellular; Cytoplasmic	Helical			True		True
A6NM11	LRRC37A2	Extracellular; Cytoplasmic	Helical		True	True		True
A6NM45	CLDN24	Cytoplasmic; Extracellular	Helical			True		True
A6NM76	OR6C76	Extracellular; Cytoplasmic	Helical			True		True
A6NMS3	OR5K4	Extracellular; Cytoplasmic	Helical			True		True
A6NMS7	LRRC37A	Extracellular; Cytoplasmic	Helical		True	True		True
A6NMU1	OR52A4P	Extracellular; Cytoplasmic	Helical			True		True
A6NMZ5	OR4C45	Extracellular; Cytoplasmic	Helical			True		True
A6NN92	GJE1	Cytoplasmic; Extracellular	Helical			True		True
A6PVL3	KNCN		Helical			True
A8K5M9	C15orf62											True
A8MTI9	PRSS47P				True
A8MTL9	HMSD				True
A8MV23	SERPINE3				True
A8MVS5	HIDE1	Extracellular; Cytoplasmic	Helical		True	True		True
A8MVW0	FAM171A2	Extracellular; Cytoplasmic	Helical		True	True		True
A8MVZ5	BTNL10P	Extracellular; Cytoplasmic	Helical		True	True		True
A8MWK0	FADS2B	Cytoplasmic; Lumenal	Helical			True		True
A8MXE2	B3GALT9	Cytoplasmic; Lumenal	Helical; Signal-anchor for type II membrane protein			True		True
A8MXU0	DEFB108A; DEFB108C				True
B1AKI9	ISM1				True
B2RN74	OR11H12	Extracellular; Cytoplasmic	Helical			True		True
B3SHH9	TMEM114		Helical			True
B9A064	IGLL5				True
C9JDP6	CLDN25	Cytoplasmic; Extracellular	Helical			True		True
C9JH25	PRRT4		Helical		True	True
C9JQI7	TMEM232		Helical			True
C9JQL5		Extracellular; Cytoplasmic	Helical			True		True
C9JUS6	ADM5				True
C9JXX5	FREY1		Helical			True
E2RYF6	MUC22	Extracellular; Cytoplasmic	Helical		True	True		True
E2RYF7	HCG22				True
E9PQ53	NDUFC2-KCTD14		Helical			True						True
F7VJQ1	PRNP		Helical			True
I3L273	GFY	Extracellular; Cytoplasmic	Helical		True	True		True
I3L3R5	CCER2				True
L0R6Q1	SLC35A4		Helical			True						True
O00398	P2RY10	Extracellular; Cytoplasmic	Helical			True		True
O00634	NTN3				True
O14498	ISLR				True
O14581	OR7A17	Extracellular; Cytoplasmic	Helical			True		True
O15482	TEX28; TEX28P1; TEX28P2		Helical			True
O43246	SLC7A4		Helical			True
O43325	LYRM1								True	GFP, mito protein domain+, MS/MS	unknown	True
O43869	OR2T1	Extracellular; Cytoplasmic	Helical			True		True
O60309	LRRC37A3	Extracellular; Cytoplasmic	Helical		True	True		True
O60320	ENTREP2		Helical			True
O60403	OR10H2	Extracellular; Cytoplasmic	Helical			True		True
O60404	OR10H3	Extracellular; Cytoplasmic	Helical			True		True
O60431	OR1I1	Extracellular; Cytoplasmic	Helical			True		True
O60518	RANBP6											True
O60575	SPINK4				True
O60637	TSPAN3	Cytoplasmic; Extracellular	Helical			True		True
O75949	NALF2		Helical			True
O76000	OR2B3	Extracellular; Cytoplasmic	Helical			True		True
O76100	OR7A10	Extracellular; Cytoplasmic	Helical			True		True
O95006	OR2F2	Extracellular; Cytoplasmic	Helical			True		True
O95013	OR4F21	Extracellular; Cytoplasmic	Helical			True		True
O95156	NXPH2				True
O95157	NXPH3				True
O95158	NXPH4				True
O95221	OR5F1	Extracellular; Cytoplasmic	Helical			True		True
O95502	NPTXR	Cytoplasmic; Extracellular	Helical; Signal-anchor for type II membrane protein			True		True
O95857	TSPAN13	Cytoplasmic; Extracellular	Helical			True		True
O95969	SCGB1D2				True
P01737	TRAV8-4				True
P03986	TRGC2		Helical			True
P09131	SLC10A3		Helical			True
P0C091	FREM3				True
P0C604	OR4A8	Extracellular; Cytoplasmic	Helical			True		True
P0C617	OR5AL1	Extracellular; Cytoplasmic	Helical			True		True
P0C623	OR4Q2	Extracellular; Cytoplasmic	Helical			True		True
P0C626	OR5G3	Extracellular; Cytoplasmic	Helical			True		True
P0C628	OR5AC1	Extracellular; Cytoplasmic	Helical			True		True
P0C629	OR10J4	Extracellular; Cytoplasmic	Helical			True		True
P0C646	OR52Z1P	Extracellular; Cytoplasmic	Helical			True		True
P0C6S8	LINGO3	Extracellular; Cytoplasmic	Helical		True	True		True
P0C7N1	OR8U8	Extracellular; Cytoplasmic	Helical			True		True
P0C7P4	UQCRFS1P1		Helical			True						True
P0C7Q6	SLC35G6		Helical			True
P0C7T2	OR2T7	Extracellular; Cytoplasmic	Helical			True		True
P0C7T3	OR56A5	Extracellular; Cytoplasmic	Helical			True		True
P0C7V7	SEC11B	Cytoplasmic; Extracellular	Helical; Signal-anchor for type II membrane protein			True		True
P0C851	PIRT		Helical			True
P0CF51	TRGC1		Helical			True
P0CG01	GKN3P				True
P0CG36	CFC1B				True
P0CK96	SLC35E2B		Helical			True
P0CK97	SLC35E2A		Helical			True
P0DKB5	TPBGL	Extracellular; Cytoplasmic	Helical		True	True		True
P0DKV0	SPATA31C1		Helical			True
P0DMU2	OR8G3	Extracellular; Cytoplasmic	Helical			True		True
P0DN80	OR5H8	Extracellular; Cytoplasmic	Helical			True		True
P0DN81	OR13C7	Extracellular; Cytoplasmic	Helical			True		True
P0DN82	OR12D1	Extracellular; Cytoplasmic	Helical			True		True
P0DP01	IGHV1-8				True
P0DP02	IGHV3-30-3				True
P0DP03	IGHV3-30-5				True
P0DP04	IGHV3-43D				True
P0DP06	IGHV4-30-4				True
P0DP07	IGHV4-31				True
P0DP08	IGHV4-38-2				True
P0DP09	IGKV1-13				True
P0DP72	VSIG10L2		Helical		True	True
P0DP73	DEFB130B				True
P0DP74	DEFB130A				True
P0DPA2	VSIG8	Extracellular; Cytoplasmic	Helical		True	True		True
P0DPF4	TRAV35				True
P0DPF7	TRBV6-3				True
P0DPI2	GATD3											True
P0DQD5	NPY4R2	Extracellular; Cytoplasmic	Helical			True		True
P0DSN7	IGKV1D-37				True
P0DTE1	IGHV3-38-3				True
P0DTE2	IGHV8-51-1				True
P0DTL5	TMEM276		Helical		True	True
P0DY26	DEFB109D				True
P11465	PSG2				True
P15421	GYPE	Extracellular; Cytoplasmic	Helical		True	True		True
P16562	CRISP2				True
P47881	OR3A1	Extracellular; Cytoplasmic	Helical			True		True
P47884	OR1D4	Extracellular; Cytoplasmic	Helical			True		True
P56749	CLDN12	Cytoplasmic; Extracellular	Helical			True		True
P58170	OR1D5	Extracellular; Cytoplasmic	Helical			True		True
P58180	OR4D2	Extracellular; Cytoplasmic	Helical			True		True
P58181	OR10A3	Extracellular; Cytoplasmic	Helical			True		True
P58417	NXPH1				True
P58511	SMIM11		Helical			True
P59536	TAS2R41	Extracellular; Cytoplasmic	Helical			True		True
P59539	TAS2R45	Extracellular; Cytoplasmic	Helical			True		True
P59541	TAS2R30	Extracellular; Cytoplasmic	Helical			True		True
P59544	TAS2R50	Extracellular; Cytoplasmic	Helical			True		True
P59551	TAS2R60	Extracellular; Cytoplasmic	Helical			True		True
P59646	FXYD4	Extracellular; Cytoplasmic	Helical		True	True		True
P59861	DEFB131A				True
P59922	OR2B8	Extracellular; Cytoplasmic	Helical			True		True
P60985	KRTDAP				True
P61570	ERVK-25		Helical		True	True
P62502	LCN6				True
P82664	MRPS10								True	literature, APEX_matrix, targetP signal, yeast mito homolog++, Rickettsial homolog, mito protein domain, MS/MS++	Matrix	True
P82909	KGD4								True	literature, APEX_matrix, MS/MS++	Matrix	True
P84157	MXRA7		Helical			True
Q02325	PLGLB1; PLGLB2				True
Q075Z2	BSPH1				True
Q08AI6	SLC38A11	Cytoplasmic	Helical			True		True
Q0P651	ABHD18				True							True
Q0P6D2	DIPK1C	Cytoplasmic; Lumenal	Helical			True		True
Q0VAF6	SYCN				True
Q0VDE8	ADIG		Helical			True
Q13046	PSG7				True
Q13072	BAGE				True
Q13296	SCGB2A2				True
Q14507	EDDM3A				True
Q14761	PTPRCAP		Helical			True
Q14DG7	TMEM132B	Extracellular; Cytoplasmic	Helical			True		True
Q15615	OR4D1	Extracellular; Cytoplasmic	Helical			True		True
Q15619	OR1C1	Extracellular; Cytoplasmic	Helical			True		True
Q15622	OR7A5	Extracellular; Cytoplasmic	Helical			True		True
Q16557	PSG3				True
Q16609	LPAL2				True
Q17R55	FAM187B	Extracellular; Cytoplasmic	Helical		True	True		True
Q1W4C9	SPINK13				True
Q1ZYL8	IZUMO4				True
Q2M2W7	C17orf58				True
Q2M3V2	SOWAHA				True
Q2TBF2	WSCD2	Cytoplasmic; Extracellular	Helical; Signal-anchor for type II membrane protein			True		True
Q2TV78	MST1L				True
Q2WGJ8	CATSPERQ	Cytoplasmic; Extracellular	Helical			True		True
Q30KQ1	DEFB133				True
Q30KQ4	DEFB116				True
Q30KQ5	DEFB115				True
Q30KQ8	DEFB112				True
Q30KR1	DEFB109B				True
Q3B7J2	GFOD2				True
Q3B7T3	BEAN1		Helical			True
Q3KQZ1	SLC25A35		Helical			True			True	APEX_matrix, yeast mito homolog+, mito protein domain+, induction, coexpression, MS/MS++	MIM	True
Q3MIX3	ADCK5		Helical			True			True	targetP signal, yeast mito homolog+, Rickettsial homolog, mito protein domain, induction, coexpression, MS/MS	unknown	True
Q494W8	CHRFAM7A		Helical			True
Q496H8	NRN1L				True
Q4G0I0	UQCC4	Mitochondrial matrix; Mitochondrial intermembrane	Helical		True	True		True	True	APEX_IMS, targetP signal+, induction, coexpression, MS/MS	IMS	True
Q4KMZ8	NKAIN1	Extracellular; Cytoplasmic	Helical		True	True		True
Q4VXA5	KHDC1		Helical			True
Q4W5P6	SMIM43		Helical			True
Q50LG9	LRRC24		Helical		True	True
Q53RY4	KRTCAP3		Helical			True
Q53S58	TMEM177	Mitochondrial matrix; Mitochondrial intermembrane	Helical			True		True	True	targetP signal, coexpression, MS/MS	MIM	True
Q587I9	SFT2D3	Cytoplasmic; Lumenal	Helical			True		True
Q5BLP8	NICOL1				True
Q5FYA8	ARSH		Helical			True
Q5GH70	XKR9		Helical			True
Q5GH72	XKR7		Helical			True
Q5GH73	XKR6		Helical			True
Q5GH77	XKR3		Helical			True
Q5H9R4	ARMCX4		Helical			True
Q5JQS5	OR2B11	Extracellular; Cytoplasmic	Helical			True		True
Q5JRS4	OR10J3	Extracellular; Cytoplasmic	Helical			True		True
Q5JRV8	TMEM255A		Helical			True
Q5JS37	NHLRC3				True
Q5JX69	FAM209B	Extracellular; Cytoplasmic	Helical		True	True		True
Q5JXM2	METTL24				True
Q5PT55	SLC10A5	Extracellular; Cytoplasmic	Helical		True	True		True
Q5R387	PLA2G2C				True
Q5SV17	TMEM240		Helical			True
Q5SWX8	ODR4		Helical			True
Q5SZI1	LDLRAD2	Extracellular; Cytoplasmic	Helical		True	True		True
Q5T1A1	DCST2	Cytoplasmic; Extracellular	Helical			True		True
Q5T1S8	NCMAP	Extracellular; Cytoplasmic	Helical			True		True
Q5T292	TMEM273	Extracellular; Cytoplasmic	Helical		True	True		True
Q5T7M9	DIPK1A	Cytoplasmic; Lumenal	Helical			True		True
Q5TF21	MTCL3		Helical		True	True
Q5TGI0	FAXC		Helical			True
Q5TGY1	TMCO4		Helical			True
Q5TIE3	VWA5B1				True
Q5TZ20	OR2G6	Extracellular; Cytoplasmic	Helical			True		True
Q5TZJ5	SPATA31A1		Helical			True
Q5U3C3	TMEM164		Helical			True
Q5UAW9	GPR157	Extracellular; Cytoplasmic	Helical			True		True
Q5VSG8	MANEAL	Cytoplasmic; Lumenal	Helical; Signal-anchor for type II membrane protein			True		True
Q5VTJ3	KLHDC7A		Helical			True
Q5VUD6	DIPK1B	Cytoplasmic; Lumenal	Helical			True		True
Q5VXM1	CDCP2	Extracellular; Cytoplasmic	Helical		True	True		True
Q5VZ72	IZUMO3	Extracellular; Cytoplasmic	Helical		True	True		True
Q5VZI3	TMEM268		Helical			True
Q5VZR4	SLC71A3P	Extracellular; Cytoplasmic	Helical			True		True
Q5W0B7	TMEM236		Helical			True
Q5W186	CST9				True
Q5XG99	LYSMD4	Extracellular; Cytoplasmic	Helical			True		True
Q63HM2	PCNX4		Helical			True
Q63ZE4	SLC22A10	Cytoplasmic; Extracellular	Helical			True		True
Q658N2	WSCD1	Cytoplasmic; Extracellular	Helical; Signal-anchor for type II membrane protein			True		True
Q68CR1	SEL1L3		Helical			True
Q69YL0	NCBP2AS2											True
Q6DKI1	RPL7L1											True
Q6EBC2	IL31				True
Q6GPI1	CTRB2				True
Q6ICH7	ASPHD2	Cytoplasmic; Lumenal	Helical			True		True
Q6IEE8	SLFN12L		Helical			True
Q6IEU7	OR5M10	Extracellular; Cytoplasmic	Helical			True		True
Q6IEV9	OR4C11	Extracellular; Cytoplasmic	Helical			True		True
Q6IEY1	OR4F3; OR4F16; OR4F29	Extracellular; Cytoplasmic	Helical			True		True
Q6IEZ7	OR2T5	Extracellular; Cytoplasmic	Helical			True		True
Q6IF00	OR2T2	Extracellular; Cytoplasmic	Helical			True		True
Q6IF36	OR8G2P	Extracellular; Cytoplasmic	Helical			True		True
Q6IF42	OR2A2	Extracellular; Cytoplasmic	Helical			True		True
Q6IF63	OR52W1	Extracellular; Cytoplasmic	Helical			True		True
Q6IF82	OR4A47	Extracellular; Cytoplasmic	Helical			True		True
Q6IF99	OR10K2	Extracellular; Cytoplasmic	Helical			True		True
Q6IFG1	OR52E8	Extracellular; Cytoplasmic	Helical			True		True
Q6IFN5	OR7E24	Extracellular; Cytoplasmic	Helical			True		True
Q6JVE6	LCN10				True
Q6JVE9	LCN8				True
Q6NT52	CGB2				True
Q6NV75	GPR153	Extracellular; Cytoplasmic	Helical			True		True
Q6NVV3	NIPAL1	Extracellular; Cytoplasmic	Helical			True		True
Q6NZ63	STEAP1B		Helical			True
Q6P093	AADACL2				True
Q6P161	MRPL54								True	literature, APEX_matrix, yeast mito homolog++, mito protein domain, coexpression, MS/MS+	Matrix	True
Q6P5X7	TMEM71		Helical			True
Q6P995	FAM171B	Extracellular; Cytoplasmic	Helical		True	True		True
Q6PDA7	SPAG11A				True
Q6PEW0	PRSS54				True
Q6PEX7	TEX38		Helical			True
Q6PIV7	SLC25A34		Helical			True			True	yeast mito homolog+, mito protein domain+	MIM
Q6PP77	XKRX		Helical			True
Q6T423	SLC22A25	Cytoplasmic; Extracellular	Helical			True		True
Q6UE05	TMEM270		Helical			True
Q6UQ28	PLET1				True
Q6UW01	CBLN3				True
Q6UW02	CYP20A1		Helical			True
Q6UW10	SFTA2				True
Q6UWE3	CLPSL2				True
Q6UWF7	NXPE4				True
Q6UWI4	SHISA2	Extracellular; Cytoplasmic	Helical		True	True		True
Q6UWJ8	CD164L2	Extracellular; Cytoplasmic	Helical		True	True		True
Q6UWM9	UGT2A3	Extracellular; Cytoplasmic	Helical		True	True		True
Q6UWN0	LYPD4				True
Q6UWN8	SPINK6				True
Q6UWP8	SBSN				True
Q6UWQ5	LYZL1				True
Q6UWS5	PET117								True	literature, yeast mito homolog, MS/MS	MIM	True
Q6UWU2	GLB1L				True
Q6UWV7	SHISAL2A		Helical			True
Q6UWX4	HHIPL2				True
Q6UWY5	OLFML1				True
Q6UX68	XKR5		Helical			True
Q6UX72	B3GNT9	Cytoplasmic; Lumenal	Helical; Signal-anchor for type II membrane protein			True		True
Q6UX82	LYPD8				True
Q6UXB1	IGFL3				True
Q6UXB3	LYPD2				True
Q6UXD7	SLC49A3		Helical			True
Q6UXF7	CLEC18B				True
Q6UXN7	TOMM20L	Mitochondrial intermembrane; Cytoplasmic	Helical			True		True	True	manual, yeast mito homolog+	MOM
Q6UXS0	CLEC19A				True
Q6UXT6	OR9H1	Extracellular; Cytoplasmic	Helical			True		True
Q6UXU6	TMEM92	Extracellular; Cytoplasmic	Helical		True	True		True
Q6UXV1	IZUMO2	Extracellular; Cytoplasmic	Helical		True	True		True
Q6UXY8	TMC5	Extracellular; Cytoplasmic	Helical			True		True
Q6UY18	LINGO4	Extracellular; Cytoplasmic	Helical		True	True		True
Q6UY27	PATE2				True
Q6XE38	SCGB1D4				True
Q6ZMB5	TMEM184A		Helical			True
Q6ZN68	DPY19L2P2		Helical			True
Q6ZNF0	ACP7				True
Q6ZNI0	GCNT7	Cytoplasmic; Extracellular	Helical; Signal-anchor for type II membrane protein			True		True
Q6ZNR0	TMEM91	Extracellular; Cytoplasmic	Helical			True		True
Q6ZPB5	SDIM1	Extracellular; Cytoplasmic	Helical		True	True		True
Q6ZRR5	TLCD5		Helical			True
Q6ZU69	SPATA31F1		Helical			True
Q6ZUK4	TMEM26		Helical			True
Q6ZVL6	KIAA1549L		Helical			True
Q71RC9	SMIM5		Helical			True
Q75NE6	MIR17HG	Cytoplasmic; Extracellular	Helical			True		True
Q765I0	UTS2B				True
Q7L211	ABHD13		Helical; Signal-anchor for type II membrane protein			True
Q7L311	ARMCX2	Mitochondrial intermembrane; Cytoplasmic	Helical; Signal-anchor			True		True	True	literature	Membrane	True
Q7RTS6	OTOP2		Helical			True
Q7RTX9	SLC16A14	Cytoplasmic	Helical			True		True
Q7Z2Q7	LRRC70		Helical		True	True
Q7Z304	MAMDC2				True
Q7Z388	DPY19L4		Helical			True
Q7Z4L0	COX8C	Mitochondrial matrix; Mitochondrial intermembrane	Helical			True		True	True	literature, targetP signal+, mito protein domain+, MS/MS	MIM	True
Q7Z4R8	C6orf120				True
Q7Z4W2	LYZL2				True
Q7Z4Y8	ATP5MGL											True
Q7Z5A8	TAFA3				True
Q7Z5A9	TAFA1				True
Q7Z5J8	ANKAR		Helical			True
Q7Z5L0	VMO1				True
Q7Z5L3	C1QL2				True
Q7Z5L4	SPATA19								True	mito protein domain+, MS/MS++	unknown	True
Q7Z5M5	TMC3	Cytoplasmic; Extracellular	Helical			True		True
Q7Z5S9	TMEM144		Helical			True
Q7Z692	CEACAM19	Extracellular; Cytoplasmic	Helical		True	True		True
Q7Z6W1	TMCO2		Helical			True
Q7Z736	PLEKHH3				True
Q7Z7B8	DEFB128				True
Q7Z7K0	CMC1								True	APEX_IMS, GFP, yeast mito homolog++, mito protein domain+, induction, coexpression, MS/MS+	IMS	True
Q86SI9	IRX2-DT				True
Q86SM5	MRGPRG	Extracellular; Cytoplasmic	Helical			True		True
Q86T20	SMIM29		Helical			True
Q86TE4	LUZP2				True
Q86UF2	CTAGE6		Helical			True
Q86V35	CABP7	Cytoplasmic; Extracellular	Helical; Anchor for type IV membrane protein			True		True
Q86V85	GPR180		Helical		True	True
Q86VR8	FJX1				True
Q86VY9	TMEM200A	Cytoplasmic; Extracellular	Helical			True		True
Q86XS5	ANGPTL5				True
Q86YB7	ECHDC2								True	targetP signal, yeast mito homolog+, Rickettsial homolog, mito protein domain, coexpression, MS/MS++	Matrix	True
Q86YN1	DOLPP1		Helical			True
Q86YQ2	BPIFA4P				True
Q8IUA0	WFDC8				True
Q8IUB2	WFDC3				True
Q8IUB3	WFDC10B				True
Q8IUB5	WFDC13				True
Q8IUH2	CREG2				True
Q8IUK8	CBLN2				True
Q8IUL8	CILP2				True
Q8IUS5	EPHX4		Helical; Signal-anchor for type II membrane protein			True
Q8IVN8	SBSPON				True
Q8IVU1	IGDCC3		Helical		True	True
Q8IVV8	NKAIN4		Helical			True
Q8IVY1	C1orf210	Extracellular; Cytoplasmic	Helical; Signal-anchor for type III membrane protein			True		True
Q8IW92	GLB1L2				True
Q8IWB4	SPATA31A7		Helical			True
Q8IX94	CTAGE4		Helical			True
Q8IXE1	OR4N5	Extracellular; Cytoplasmic	Helical			True		True
Q8IXF9	AQP12A	Extracellular; Cytoplasmic	Helical	Discontinuously helical		True	True	True
Q8IXX5	TMEM183A		Helical			True
Q8IYP2	PRSS58				True
Q8IYS2	KIAA2013	Extracellular; Cytoplasmic	Helical		True	True		True
Q8IZN7	DEFB107A; DEFB107B				True
Q8N0V4	LGI2				True
Q8N0Y3	OR4N4	Extracellular; Cytoplasmic	Helical			True		True
Q8N0Y5	OR8I2	Extracellular; Cytoplasmic	Helical			True		True
Q8N0Z8	PUSL1								True	APEX_matrix, yeast mito homolog+, Rickettsial homolog, mito protein domain	Matrix	True
Q8N0Z9	VSIG10	Extracellular; Cytoplasmic	Helical		True	True		True
Q8N127	OR5AS1	Extracellular; Cytoplasmic	Helical			True		True
Q8N129	CNPY4				True
Q8N146	OR8H3	Extracellular; Cytoplasmic	Helical			True		True
Q8N148	OR6V1	Extracellular; Cytoplasmic	Helical			True		True
Q8N162	OR8H2	Extracellular; Cytoplasmic	Helical			True		True
Q8N1E2	LYG1				True
Q8N1L4	CYP4Z2P	Cytoplasmic; Lumenal	Helical; Signal-anchor for type II membrane protein			True		True
Q8N2E2	VWDE				True
Q8N2X6	EXOC3-AS1				True
Q8N323	NXPE1				True
Q8N349	OR2L13	Extracellular; Cytoplasmic	Helical			True		True
Q8N3F9	GPR137C	Lumenal; Cytoplasmic	Helical			True		True
Q8N3H0	TAFA2				True
Q8N3R3	TCAIM								True	literature, APEX_matrix, targetP signal, mito protein domain+, coexpression++	Matrix	True
Q8N3S3	PHTF2		Helical			True
Q8N3T6	TMEM132C	Extracellular; Cytoplasmic	Helical		True	True		True
Q8N3Z0	PRSS35				True				True	GFP, mito protein domain	unknown
Q8N3Z3	GTPBP8											True
Q8N413	SLC25A45		Helical			True			True	yeast mito homolog+, mito protein domain+, MS/MS++	MIM
Q8N434	SVOPL		Helical			True
Q8N468	SLC60A1		Helical			True
Q8N4F7	RNF175		Helical			True
Q8N4V2	SVOP	Cytoplasmic; Vesicular	Helical			True		True
Q8N5U1	MS4A15		Helical			True
Q8N687	DEFB125				True
Q8N688	DEFB123				True
Q8N6Q1	TMCO5A		Helical			True
Q8N6Y2	LRRC17				True
Q8N7C7	RNF148		Helical		True	True
Q8N7P1	PLD5		Helical			True
Q8N8F7	LSMEM1		Helical			True
Q8N8R5	C2orf69								True	APEX_matrix	Matrix	True
Q8N8Z6	DCBLD1	Extracellular; Cytoplasmic	Helical		True	True		True
Q8N967	LRTM2	Extracellular; Cytoplasmic	Helical		True	True		True
Q8NBP5	SLC67A2		Helical			True
Q8NCL8	TMEM116	Lumenal; Cytoplasmic	Helical			True		True
Q8NCL9	APCDD1L		Helical		True	True
Q8NCN5	PDPR								True	APEX_matrix, targetP signal+, mito protein domain, MS/MS++	Matrix	True
Q8NCR9	CLRN3		Helical			True
Q8ND61	C3orf20		Helical			True
Q8NDB6	FAM156A; FAM156B		Helical			True
Q8NDZ6	TMEM161B		Helical			True
Q8NE00	SLC38A12	Cytoplasmic; Extracellular	Helical			True		True
Q8NE22	SETD9								True	APEX_matrix, targetP signal	Matrix	True
Q8NEA5	C19orf18	Extracellular; Cytoplasmic	Helical		True	True		True
Q8NES8	DEFB124				True
Q8NEW7	TMIE	Extracellular; Cytoplasmic	Helical		True	True		True
Q8NFQ5	BPIFB6				True
Q8NFQ6	BPIFC				True
Q8NFU4	FDCSP				True
Q8NFZ6	VN1R2	Extracellular; Cytoplasmic	Helical			True		True
Q8NG35	DEFB105A; DEFB105B				True
Q8NG41	NPB				True
Q8NG75	OR5T1	Extracellular; Cytoplasmic	Helical			True		True
Q8NG76	OR2T33	Extracellular; Cytoplasmic	Helical			True		True
Q8NG77	OR2T12	Extracellular; Cytoplasmic	Helical			True		True
Q8NG78	OR8G5	Extracellular; Cytoplasmic	Helical			True		True
Q8NG80	OR2L5	Extracellular; Cytoplasmic	Helical			True		True
Q8NG81	OR2M7	Extracellular; Cytoplasmic	Helical			True		True
Q8NG83	OR2M3	Extracellular; Cytoplasmic	Helical			True		True
Q8NG84	OR2AK2	Extracellular; Cytoplasmic	Helical			True		True
Q8NG85	OR2L3	Extracellular; Cytoplasmic	Helical			True		True
Q8NG92	OR13H1	Extracellular; Cytoplasmic	Helical			True		True
Q8NG94	OR11H1	Extracellular; Cytoplasmic	Helical			True		True
Q8NG95	OR7G3	Extracellular; Cytoplasmic	Helical			True		True
Q8NG97	OR2Z1	Extracellular; Cytoplasmic	Helical			True		True
Q8NG99	OR7G2	Extracellular; Cytoplasmic	Helical			True		True
Q8NGA1	OR1M1	Extracellular; Cytoplasmic	Helical			True		True
Q8NGA2	OR7A2P	Extracellular; Cytoplasmic	Helical			True		True
Q8NGA5	OR10H4	Extracellular; Cytoplasmic	Helical			True		True
Q8NGA6	OR10H5	Extracellular; Cytoplasmic	Helical			True		True
Q8NGA8	OR4F17	Extracellular; Cytoplasmic	Helical			True		True
Q8NGB2	OR4C5	Extracellular; Cytoplasmic	Helical			True		True
Q8NGB4	OR4S1	Extracellular; Cytoplasmic	Helical			True		True
Q8NGB6	OR4M2	Extracellular; Cytoplasmic	Helical			True		True
Q8NGB8	OR4F15	Extracellular; Cytoplasmic	Helical			True		True
Q8NGB9	OR4F6	Extracellular; Cytoplasmic	Helical			True		True
Q8NGC0	OR5AU1	Extracellular; Cytoplasmic	Helical			True		True
Q8NGC1	OR11G2	Extracellular; Cytoplasmic	Helical			True		True
Q8NGC2	OR4E2	Extracellular; Cytoplasmic	Helical			True		True
Q8NGC3	OR10G2	Extracellular; Cytoplasmic	Helical			True		True
Q8NGC4	OR10G3	Extracellular; Cytoplasmic	Helical			True		True
Q8NGC5	OR6J1	Extracellular; Cytoplasmic	Helical			True		True
Q8NGC6	OR4K17	Extracellular; Cytoplasmic	Helical			True		True
Q8NGC7	OR11H6	Extracellular; Cytoplasmic	Helical			True		True
Q8NGC9	OR11H4	Extracellular; Cytoplasmic	Helical			True		True
Q8NGD1	OR4N2	Extracellular; Cytoplasmic	Helical			True		True
Q8NGD2	OR4K2	Extracellular; Cytoplasmic	Helical			True		True
Q8NGD3	OR4K5	Extracellular; Cytoplasmic	Helical			True		True
Q8NGD4	OR4K1	Extracellular; Cytoplasmic	Helical			True		True
Q8NGD5	OR4K14	Extracellular; Cytoplasmic	Helical			True		True
Q8NGE0	OR10AD1	Extracellular; Cytoplasmic	Helical			True		True
Q8NGE1	OR6C4	Extracellular; Cytoplasmic	Helical			True		True
Q8NGE2	OR2AP1	Extracellular; Cytoplasmic	Helical			True		True
Q8NGE5	OR10A7	Extracellular; Cytoplasmic	Helical			True		True
Q8NGE7	OR9K2	Extracellular; Cytoplasmic	Helical			True		True
Q8NGE8	OR4D9	Extracellular; Cytoplasmic	Helical			True		True
Q8NGE9	OR9Q2	Extracellular; Cytoplasmic	Helical			True		True
Q8NGF0	OR52B6	Extracellular; Cytoplasmic	Helical			True		True
Q8NGF1	OR52R1	Extracellular; Cytoplasmic	Helical			True		True
Q8NGF3	OR51D1	Extracellular; Cytoplasmic	Helical			True		True
Q8NGF4	OR5AP2	Extracellular; Cytoplasmic	Helical			True		True
Q8NGF6	OR10W1	Extracellular; Cytoplasmic	Helical			True		True
Q8NGF7	OR5B17	Extracellular; Cytoplasmic	Helical			True		True
Q8NGF8	OR4B1	Extracellular; Cytoplasmic	Helical			True		True
Q8NGF9	OR4X2	Extracellular; Cytoplasmic	Helical			True		True
Q8NGG0	OR8J3	Extracellular; Cytoplasmic	Helical			True		True
Q8NGG1	OR8J2	Extracellular; Cytoplasmic	Helical			True		True
Q8NGG3	OR5T3	Extracellular; Cytoplasmic	Helical			True		True
Q8NGG4	OR8H1	Extracellular; Cytoplasmic	Helical			True		True
Q8NGG5	OR8K1	Extracellular; Cytoplasmic	Helical			True		True
Q8NGG6	OR8B12	Extracellular; Cytoplasmic	Helical			True		True
Q8NGG7	OR8A1	Extracellular; Cytoplasmic	Helical			True		True
Q8NGG8	OR8B3	Extracellular; Cytoplasmic	Helical			True		True
Q8NGH3	OR2D3	Extracellular; Cytoplasmic	Helical			True		True
Q8NGH5	OR56A1	Extracellular; Cytoplasmic	Helical			True		True
Q8NGH6	OR52L2P	Extracellular; Cytoplasmic	Helical			True		True
Q8NGH8	OR56A4	Extracellular; Cytoplasmic	Helical			True		True
Q8NGH9	OR52E4	Extracellular; Cytoplasmic	Helical			True		True
Q8NGI0	OR52N2	Extracellular; Cytoplasmic	Helical			True		True
Q8NGI1	OR56B2	Extracellular; Cytoplasmic	Helical			True		True
Q8NGI3	OR56B1	Extracellular; Cytoplasmic	Helical			True		True
Q8NGI4	OR4D11	Extracellular; Cytoplasmic	Helical			True		True
Q8NGI6	OR4D10	Extracellular; Cytoplasmic	Helical			True		True
Q8NGI7	OR10V1	Extracellular; Cytoplasmic	Helical			True		True
Q8NGI9	OR5A2	Extracellular; Cytoplasmic	Helical			True		True
Q8NGJ0	OR5A1	Extracellular; Cytoplasmic	Helical			True		True
Q8NGJ1	OR4D6	Extracellular; Cytoplasmic	Helical			True		True
Q8NGJ2	OR52H1	Extracellular; Cytoplasmic	Helical			True		True
Q8NGJ3	OR52E1	Extracellular; Cytoplasmic	Helical			True		True
Q8NGJ4	OR52E2	Extracellular; Cytoplasmic	Helical			True		True
Q8NGJ5	OR51L1	Extracellular; Cytoplasmic	Helical			True		True
Q8NGJ6	OR51A4	Extracellular; Cytoplasmic	Helical			True		True
Q8NGJ7	OR51A2	Extracellular; Cytoplasmic	Helical			True		True
Q8NGJ8	OR51S1	Extracellular; Cytoplasmic	Helical			True		True
Q8NGJ9	OR51T1	Extracellular; Cytoplasmic	Helical			True		True
Q8NGK0	OR51G2	Extracellular; Cytoplasmic	Helical			True		True
Q8NGK1	OR51G1	Extracellular; Cytoplasmic	Helical			True		True
Q8NGK3	OR52K2	Extracellular; Cytoplasmic	Helical			True		True
Q8NGK4	OR52K1	Extracellular; Cytoplasmic	Helical			True		True
Q8NGK5	OR52M1	Extracellular; Cytoplasmic	Helical			True		True
Q8NGK6	OR52I1	Extracellular; Cytoplasmic	Helical			True		True
Q8NGK9	OR5D16	Extracellular; Cytoplasmic	Helical			True		True
Q8NGL0	OR5L2	Extracellular; Cytoplasmic	Helical			True		True
Q8NGL1	OR5D18	Extracellular; Cytoplasmic	Helical			True		True
Q8NGL2	OR5L1	Extracellular; Cytoplasmic	Helical			True		True
Q8NGL3	OR5D14	Extracellular; Cytoplasmic	Helical			True		True
Q8NGL4	OR5D13	Extracellular; Cytoplasmic	Helical			True		True
Q8NGL6	OR4A15	Extracellular; Cytoplasmic	Helical			True		True
Q8NGL7	OR4P4	Extracellular; Cytoplasmic	Helical			True		True
Q8NGL9	OR4C16	Extracellular; Cytoplasmic	Helical			True		True
Q8NGM1	OR4C15	Extracellular; Cytoplasmic	Helical			True		True
Q8NGM8	OR6M1	Extracellular; Cytoplasmic	Helical			True		True
Q8NGN0	OR4D5	Extracellular; Cytoplasmic	Helical			True		True
Q8NGN1	OR6T1	Extracellular; Cytoplasmic	Helical			True		True
Q8NGN2	OR10S1	Extracellular; Cytoplasmic	Helical			True		True
Q8NGN4	OR10G9	Extracellular; Cytoplasmic	Helical			True		True
Q8NGN5	OR10G8	Extracellular; Cytoplasmic	Helical			True		True
Q8NGN6	OR10G7	Extracellular; Cytoplasmic	Helical			True		True
Q8NGN7	OR10D4P	Extracellular; Cytoplasmic	Helical			True		True
Q8NGN8	OR4A4P	Extracellular; Cytoplasmic	Helical			True		True
Q8NGP0	OR4C13	Extracellular; Cytoplasmic	Helical			True		True
Q8NGP2	OR8J1	Extracellular; Cytoplasmic	Helical			True		True
Q8NGP3	OR5M9	Extracellular; Cytoplasmic	Helical			True		True
Q8NGP4	OR5M3	Extracellular; Cytoplasmic	Helical			True		True
Q8NGP6	OR5M8	Extracellular; Cytoplasmic	Helical			True		True
Q8NGP8	OR5M1	Extracellular; Cytoplasmic	Helical			True		True
Q8NGP9	OR5AR1	Extracellular; Cytoplasmic	Helical			True		True
Q8NGQ2	OR6Q1	Extracellular; Cytoplasmic	Helical			True		True
Q8NGQ3	OR1S2	Extracellular; Cytoplasmic	Helical			True		True
Q8NGQ4	OR10Q1	Extracellular; Cytoplasmic	Helical			True		True
Q8NGQ5	OR9Q1	Extracellular; Cytoplasmic	Helical			True		True
Q8NGQ6	OR9I1	Extracellular; Cytoplasmic	Helical			True		True
Q8NGR1	OR13A1	Extracellular; Cytoplasmic	Helical			True		True
Q8NGR3	OR1K1	Extracellular; Cytoplasmic	Helical			True		True
Q8NGR4	OR5C1	Extracellular; Cytoplasmic	Helical			True		True
Q8NGR5	OR1L4	Extracellular; Cytoplasmic	Helical			True		True
Q8NGR8	OR1L8	Extracellular; Cytoplasmic	Helical			True		True
Q8NGR9	OR1N2	Extracellular; Cytoplasmic	Helical			True		True
Q8NGS0	OR1N1	Extracellular; Cytoplasmic	Helical			True		True
Q8NGS1	OR1J4	Extracellular; Cytoplasmic	Helical			True		True
Q8NGS3	OR1J1	Extracellular; Cytoplasmic	Helical			True		True
Q8NGS4	OR13F1	Extracellular; Cytoplasmic	Helical			True		True
Q8NGS5	OR13C4	Extracellular; Cytoplasmic	Helical			True		True
Q8NGS6	OR13C3	Extracellular; Cytoplasmic	Helical			True		True
Q8NGS7	OR13C8	Extracellular; Cytoplasmic	Helical			True		True
Q8NGS9	OR13C2	Extracellular; Cytoplasmic	Helical			True		True
Q8NGT1	OR2K2	Extracellular; Cytoplasmic	Helical			True		True
Q8NGT2	OR13J1	Extracellular; Cytoplasmic	Helical			True		True
Q8NGT5	OR9A2	Extracellular; Cytoplasmic	Helical			True		True
Q8NGT7	OR2A12	Extracellular; Cytoplasmic	Helical			True		True
Q8NGT9	OR2A1; OR2A42	Extracellular; Cytoplasmic	Helical			True		True
Q8NGU1	OR9A1P	Extracellular; Cytoplasmic	Helical			True		True
Q8NGU2	OR9A4	Extracellular; Cytoplasmic	Helical			True		True
Q8NGU4	OR2I1	Extracellular; Cytoplasmic	Helical			True		True
Q8NGU9	GPR150	Extracellular; Cytoplasmic	Helical			True		True
Q8NGV0	OR2Y1	Extracellular; Cytoplasmic	Helical			True		True
Q8NGV5	OR13D1	Extracellular; Cytoplasmic	Helical			True		True
Q8NGV7	OR5H2	Extracellular; Cytoplasmic	Helical			True		True
Q8NGX0	OR11L1	Extracellular; Cytoplasmic	Helical			True		True
Q8NGX1	OR2T34	Extracellular; Cytoplasmic	Helical			True		True
Q8NGX2	OR2T35	Extracellular; Cytoplasmic	Helical			True		True
Q8NGX5	OR10K1	Extracellular; Cytoplasmic	Helical			True		True
Q8NGX6	OR10R2	Extracellular; Cytoplasmic	Helical			True		True
Q8NGX8	OR6Y1	Extracellular; Cytoplasmic	Helical			True		True
Q8NGX9	OR6P1	Extracellular; Cytoplasmic	Helical			True		True
Q8NGY1	OR10Z1	Extracellular; Cytoplasmic	Helical			True		True
Q8NGY2	OR6K2	Extracellular; Cytoplasmic	Helical			True		True
Q8NGY5	OR6N1	Extracellular; Cytoplasmic	Helical			True		True
Q8NGY6	OR6N2	Extracellular; Cytoplasmic	Helical			True		True
Q8NGY7	OR10J6P	Extracellular; Cytoplasmic	Helical			True		True
Q8NGY9	OR2L8	Extracellular; Cytoplasmic	Helical			True		True
Q8NGZ0	OR2AJ1	Extracellular; Cytoplasmic	Helical			True		True
Q8NGZ2	OR14K1	Extracellular; Cytoplasmic	Helical			True		True
Q8NGZ3	OR13G1	Extracellular; Cytoplasmic	Helical			True		True
Q8NGZ4	OR2G3	Extracellular; Cytoplasmic	Helical			True		True
Q8NGZ5	OR2G2	Extracellular; Cytoplasmic	Helical			True		True
Q8NGZ6	OR6F1	Extracellular; Cytoplasmic	Helical			True		True
Q8NGZ9	OR2T10	Extracellular; Cytoplasmic	Helical			True		True
Q8NH00	OR2T4	Extracellular; Cytoplasmic	Helical			True		True
Q8NH01	OR2T11	Extracellular; Cytoplasmic	Helical			True		True
Q8NH02	OR2T29	Extracellular; Cytoplasmic	Helical			True		True
Q8NH03	OR2T3	Extracellular; Cytoplasmic	Helical			True		True
Q8NH04	OR2T27	Extracellular; Cytoplasmic	Helical			True		True
Q8NH05	OR4Q3	Extracellular; Cytoplasmic	Helical			True		True
Q8NH06	OR1P1	Extracellular; Cytoplasmic	Helical			True		True
Q8NH07	OR11H2	Extracellular; Cytoplasmic	Helical			True		True
Q8NH08	OR10AC1	Extracellular; Cytoplasmic	Helical			True		True
Q8NH09	OR8S1	Extracellular; Cytoplasmic	Helical			True		True
Q8NH10	OR8U1	Extracellular; Cytoplasmic	Helical			True		True
Q8NH16	OR2L2	Extracellular; Cytoplasmic	Helical			True		True
Q8NH18	OR5J2	Extracellular; Cytoplasmic	Helical			True		True
Q8NH37	OR4C3	Extracellular; Cytoplasmic	Helical			True		True
Q8NH40	OR6S1	Extracellular; Cytoplasmic	Helical			True		True
Q8NH41	OR4K15	Extracellular; Cytoplasmic	Helical			True		True
Q8NH42	OR4K13	Extracellular; Cytoplasmic	Helical			True		True
Q8NH49	OR4X1	Extracellular; Cytoplasmic	Helical			True		True
Q8NH50	OR8K5	Extracellular; Cytoplasmic	Helical			True		True
Q8NH51	OR8K3	Extracellular; Cytoplasmic	Helical			True		True
Q8NH53	OR52N1	Extracellular; Cytoplasmic	Helical			True		True
Q8NH54	OR56A3	Extracellular; Cytoplasmic	Helical			True		True
Q8NH55	OR52E5	Extracellular; Cytoplasmic	Helical			True		True
Q8NH56	OR52N5	Extracellular; Cytoplasmic	Helical			True		True
Q8NH57	OR52P1	Extracellular; Cytoplasmic	Helical			True		True
Q8NH60	OR52J3	Extracellular; Cytoplasmic	Helical			True		True
Q8NH61	OR51F2	Extracellular; Cytoplasmic	Helical			True		True
Q8NH63	OR51H1	Extracellular; Cytoplasmic	Helical			True		True
Q8NH64	OR51A7	Extracellular; Cytoplasmic	Helical			True		True
Q8NH67	OR52I2	Extracellular; Cytoplasmic	Helical			True		True
Q8NH70	OR4A16	Extracellular; Cytoplasmic	Helical			True		True
Q8NH72	OR4C6	Extracellular; Cytoplasmic	Helical			True		True
Q8NH73	OR4S2	Extracellular; Cytoplasmic	Helical			True		True
Q8NH74	OR10A6	Extracellular; Cytoplasmic	Helical			True		True
Q8NH76	OR56B4	Extracellular; Cytoplasmic	Helical			True		True
Q8NH79	OR6X1	Extracellular; Cytoplasmic	Helical			True		True
Q8NH80	OR10D3	Extracellular; Cytoplasmic	Helical			True		True
Q8NH81	OR10G6	Extracellular; Cytoplasmic	Helical			True		True
Q8NH83	OR4A5	Extracellular; Cytoplasmic	Helical			True		True
Q8NH89	OR5AK3P	Extracellular; Cytoplasmic	Helical			True		True
Q8NH90	OR5AK2	Extracellular; Cytoplasmic	Helical			True		True
Q8NH93	OR1L3	Extracellular; Cytoplasmic	Helical			True		True
Q8NH95	OR13C6P	Extracellular; Cytoplasmic	Helical			True		True
Q8NHA4	OR2AE1	Extracellular; Cytoplasmic	Helical			True		True
Q8NHA6	OR2W6P	Extracellular; Cytoplasmic	Helical			True		True
Q8NHA8	OR1F12P	Extracellular; Cytoplasmic	Helical			True		True
Q8NHB1	OR2V1	Extracellular; Cytoplasmic	Helical			True		True
Q8NHB7	OR5K1	Extracellular; Cytoplasmic	Helical			True		True
Q8NHB8	OR5K2	Extracellular; Cytoplasmic	Helical			True		True
Q8NHC5	OR14A16	Extracellular; Cytoplasmic	Helical			True		True
Q8NHC6	OR14L1	Extracellular; Cytoplasmic	Helical			True		True
Q8NHC7	OR14C36	Extracellular; Cytoplasmic	Helical			True		True
Q8NHW6	OTOS				True
Q8TAA1	RNASE11				True
Q8TAV5	KCNJ5-AS1				True
Q8TB22	SPATA20				True				True	APEX_matrix, targetP signal	Matrix	True
Q8TBR7	TLCD3A		Helical			True
Q8TDU5	VN1R17P	Extracellular; Cytoplasmic	Helical			True		True
Q8TF08	COX7B2	Mitochondrial matrix; Mitochondrial intermembrane	Helical			True		True	True	literature, targetP signal, mito protein domain+	MIM	True
Q8WTR8	NTN5				True
Q8WTU2	SSC4D				True
Q8WUH6	TMEM263		Helical			True
Q8WUR7	C15orf40											True
Q8WUS8	SDR42E1		Helical			True
Q8WUT9	SLC25A43		Helical			True			True	yeast mito homolog+, mito protein domain+	MIM
Q8WV15	TMEM255B		Helical			True
Q8WV83	SLC35F5		Helical			True
Q8WVC6	DCAKD								True	GFP, yeast mito homolog, Rickettsial homolog, mito protein domain, coexpression, MS/MS	Membrane
Q8WVE6	TMEM171		Helical			True
Q8WVF2	UCMA				True
Q8WW52	FAM151A		Helical			True
Q8WW62	TMED6	Lumenal; Cytoplasmic	Helical		True	True		True
Q8WWA1	TMEM40		Helical			True
Q8WWU7	ITLN2				True
Q8WX39	LCN9				True
Q8WYK1	CNTNAP5	Extracellular; Cytoplasmic	Helical		True	True		True
Q8WZ71	TMEM158		Helical		True	True
Q8WZ92	OR5P2	Extracellular; Cytoplasmic	Helical			True		True
Q969E1	LEAP2				True
Q969M1	TOMM40L								True	targetP signal, yeast mito homolog+, mito protein domain+, induction, coexpression+, MS/MS	MOM	True
Q969Y0	NXPE3				True
Q96AB3	ISOC2								True	APEX_matrix, targetP signal, MS/MS++	Matrix	True
Q96B33	CLDN23	Cytoplasmic; Extracellular	Helical			True		True
Q96BM0	IFI27L1		Helical			True
Q96BQ5	CCDC127								True	APEX_IMS, MS/MS	Membrane	True
Q96DC7	TMCO6		Helical			True
Q96DL1	NXPE2		Helical			True
Q96DS6	MS4A6E	Cytoplasmic; Extracellular	Helical			True		True
Q96E16	SMIM19		Helical			True
Q96EL2	MRPS24								True	literature, APEX_matrix, induction, coexpression++, MS/MS	Matrix	True
Q96ES6	SLC33A2		Helical			True
Q96ET8	TVP23C		Helical			True
Q96FB5	METTL25B		Helical			True
Q96HA4	C1orf159		Helical		True	True
Q96HP4	OXNAD1				True				True	APEX_matrix, GFP, mito protein domain, coexpression++, MS/MS++	Matrix	True
Q96HV5	TMEM41A		Helical		True	True
Q96K37	SLC35E1		Helical			True
Q96KJ4	MSLNL	Extracellular; Cytoplasmic	Helical		True	True		True
Q96KT7	SLC35G5		Helical			True
Q96KV6	BTN2A3P	Extracellular; Cytoplasmic	Helical		True	True		True
Q96KW9	SPACA7				True
Q96L11	LLCFC1				True
Q96LB0	MRGPRX3	Extracellular; Cytoplasmic	Helical			True		True
Q96LU5	IMMP1L								True	literature, yeast mito homolog++, Rickettsial homolog, mito protein domain, MS/MS	MIM	True
Q96MF6	COQ10A								True	targetP signal, yeast mito homolog+, Rickettsial homolog, mito protein domain+, induction, MS/MS++	MIM	True
Q96MS3	GLT1D1				True
Q96NA8	TSNARE1		Helical			True
Q96P67	GPR82	Extracellular; Cytoplasmic	Helical			True		True
Q96P88	GNRHR2	Extracellular; Cytoplasmic	Helical			True		True
Q96PG2	MS4A10	Cytoplasmic; Extracellular	Helical			True		True
Q96QE4	LRRC37B	Extracellular; Cytoplasmic	Helical		True	True		True
Q96QH8	SPACA5; SPACA5B				True
Q96QK8	SMIM14	Lumenal; Cytoplasmic	Helical			True		True
Q96R08	OR5B12	Extracellular; Cytoplasmic	Helical			True		True
Q96R09	OR5B2	Extracellular; Cytoplasmic	Helical			True		True
Q96R27	OR2M4	Extracellular; Cytoplasmic	Helical			True		True
Q96R28	OR2M2	Extracellular; Cytoplasmic	Helical			True		True
Q96R30	OR2V2	Extracellular; Cytoplasmic	Helical			True		True
Q96R45	OR2A7	Extracellular; Cytoplasmic	Helical			True		True
Q96R47	OR2A14	Extracellular; Cytoplasmic	Helical			True		True
Q96R54	OR14A2	Extracellular; Cytoplasmic	Helical			True		True
Q96R67	OR4C12	Extracellular; Cytoplasmic	Helical			True		True
Q96R69	OR4F4	Extracellular; Cytoplasmic	Helical			True		True
Q96R72	OR4K3	Extracellular; Cytoplasmic	Helical			True		True
Q96R84	OR1F2P	Extracellular; Cytoplasmic	Helical			True		True
Q96RB7	OR5M11	Extracellular; Cytoplasmic	Helical			True		True
Q96RC9	OR8B4	Extracellular; Cytoplasmic	Helical			True		True
Q96RD0	OR8B2	Extracellular; Cytoplasmic	Helical			True		True
Q96RD1	OR6C1	Extracellular; Cytoplasmic	Helical			True		True
Q96RD2	OR52B2	Extracellular; Cytoplasmic	Helical			True		True
Q96RD3	OR52E6	Extracellular; Cytoplasmic	Helical			True		True
Q96RT6	CTAGE1		Helical			True
Q96S86	HAPLN3				True
Q96TA0	PCDHB18P		Helical			True
Q99463	NPY6R	Extracellular; Cytoplasmic	Helical			True		True
Q99470	SDF2				True
Q99603	TRGV9				True
Q99679	GPR21	Extracellular; Cytoplasmic	Helical			True		True
Q99680	GPR22	Extracellular; Cytoplasmic	Helical			True		True
Q9BPW4	APOL4				True
Q9BQ48	MRPL34								True	literature, APEX_matrix, targetP signal, yeast mito homolog++, Rickettsial homolog, mito protein domain, induction, coexpression++, MS/MS	Matrix	True
Q9BQP9	BPIFA3				True
Q9BQY6	WFDC6				True
Q9BR10	SPATA25		Helical			True
Q9BR26	OCSTAMP	Cytoplasmic; Extracellular	Helical			True		True
Q9BSG5	RTBDN				True
Q9BSK0	MARVELD1	Cytoplasmic; Extracellular	Helical			True		True
Q9BSY4	CHCHD5								True	APEX_IMS, yeast mito homolog++, mito protein domain, coexpression, MS/MS	IMS	True
Q9BUJ0	ABHD14A		Helical; Signal-anchor for type II membrane protein			True
Q9BV87	CNPPD1		Helical			True
Q9BVV8	FAM174C		Helical		True	True
Q9BW72	HIGD2A	Mitochondrial matrix	Helical			True		True	True	APEX_IMS, yeast mito homolog++, mito protein domain+, induction, coexpression++, MS/MS++	MIM	True
Q9BWV2	SPATA9		Helical			True
Q9BX73	TM2D2	Extracellular; Cytoplasmic	Helical		True	True		True
Q9BXJ2	C1QTNF7				True
Q9BXW7	HDHD5				True				True	APEX_matrix, targetP signal, yeast mito homolog, mito protein domain, MS/MS++	Matrix	True
Q9BY19	MS4A8	Cytoplasmic; Extracellular	Helical			True		True
Q9BY71	LRRC3		Helical		True	True
Q9BYJ0	FGFBP2				True
Q9BZW5	TM6SF1		Helical			True
Q9C0B7	TANGO6		Helical			True
Q9C0K3	ACTR3C				True
Q9GIP4	SLC7A5P2		Helical			True
Q9GZK3	OR2B2	Extracellular; Cytoplasmic	Helical			True		True
Q9GZK7	OR11A1	Extracellular; Cytoplasmic	Helical			True		True
Q9GZN6	SLC6A16	Cytoplasmic; Extracellular	Helical			True		True
Q9GZU3	TMEM39B		Helical			True
Q9H106	SIRPD				True
Q9H114	CSTL1				True
Q9H195	MUC3B		Helical		True	True
Q9H1C3	GLT8D2	Cytoplasmic; Lumenal	Helical; Signal-anchor for type II membrane protein			True		True
Q9H1C7	CYSTM1		Helical			True
Q9H1M3	DEFB129				True
Q9H2C5	OR52A5	Extracellular; Cytoplasmic	Helical			True		True
Q9H343	OR51I1	Extracellular; Cytoplasmic	Helical			True		True
Q9H344	OR51I2	Extracellular; Cytoplasmic	Helical			True		True
Q9H346	OR52D1	Extracellular; Cytoplasmic	Helical			True		True
Q9H3V2	MS4A5	Cytoplasmic; Extracellular	Helical			True		True
Q9H3W5	LRRN3	Extracellular; Cytoplasmic	Helical		True	True		True
Q9H3Y0	R3HDML				True
Q9H3Y8	PPDPF											True
Q9H7L2	KIR3DX1				True
Q9H7X2	C1orf115		Helical			True
Q9H7Y0	DIPK2B				True
Q9H819	DNAJC18		Helical			True
Q9H841	NIPAL2		Helical			True
Q9H8M1	COQ10B								True	GFP, targetP signal, yeast mito homolog+, Rickettsial homolog, mito protein domain+, MS/MS+	MIM	True
Q9H972	C14orf93				True
Q9H9S3	SEC61A2	Cytoplasmic; Lumenal	Helical			True		True
Q9HBJ0	PLAC1				True
Q9HBL6	LRTM1	Extracellular; Cytoplasmic	Helical		True	True		True
Q9HBL7	PLGRKT	Extracellular; Cytoplasmic	Helical			True		True	True	GFP	Membrane	True
Q9HC57	WFDC1				True
Q9HD45	TM9SF3		Helical		True	True
Q9NNZ3	DNAJC4		Helical			True			True	GFP, targetP signal+, Rickettsial homolog, mito protein domain, coexpression	Membrane
Q9NRC9	OTOR				True
Q9NRP2	CMC2								True	APEX_IMS, yeast mito homolog++, mito protein domain+, induction, coexpression, MS/MS+	IMS	True
Q9NS67	GPR27	Extracellular; Cytoplasmic	Helical			True		True
Q9NU23	LYRM2								True	APEX_matrix, GFP, targetP signal+, mito protein domain+, coexpression, MS/MS	Matrix	True
Q9NVA4	TMEM184C		Helical			True
Q9NVM1	EVA1B		Helical			True
Q9NVR0	KLHL11				True
Q9NX00	TMEM160		Helical			True						True
Q9NX77	ERVK13-1		Helical			True
Q9NXH8	TOR4A		Helical			True
Q9NXJ0	MS4A12	Cytoplasmic; Extracellular	Helical			True		True
Q9NZP0	OR6C3	Extracellular; Cytoplasmic	Helical			True		True
Q9NZP2	OR6C2	Extracellular; Cytoplasmic	Helical			True		True
Q9NZP5	OR5AC2	Extracellular; Cytoplasmic	Helical			True		True
Q9P1P4	TAAR3P	Extracellular; Cytoplasmic	Helical			True		True
Q9P1P5	TAAR2	Extracellular; Cytoplasmic	Helical			True		True
Q9P1Q5	OR1A1	Extracellular; Cytoplasmic	Helical			True		True
Q9P2C4	TMEM181		Helical			True
Q9UF02	CACNG5		Helical			True
Q9UFN0	NIPSNAP3A								True	APEX_matrix, targetP signal+, MS/MS++	Matrix	True
Q9UGF5	OR14J1	Extracellular; Cytoplasmic	Helical			True		True
Q9UGF6	OR5V1	Extracellular; Cytoplasmic	Helical			True		True
Q9UGF7	OR12D3	Extracellular; Cytoplasmic	Helical			True		True
Q9UJH8	METRN				True
Q9UK28	TMEM59L		Helical		True	True
Q9UKI3	VPREB3				True
Q9UKQ9	KLK9				True
Q9UMS5	PHTF1		Helical			True
Q9UQ74	PSG8				True
Q9Y225	RNF24		Helical			True
Q9Y291	MRPS33								True	literature, targetP signal, mito protein domain+, MS/MS++	Matrix	True
Q9Y2R5	MRPS17								True	literature, targetP signal, yeast mito homolog++, Rickettsial homolog, mito protein domain, induction, coexpression, MS/MS+	Matrix	True
Q9Y3B1	PRELID3B								True	GFP, yeast mito homolog+, mito protein domain+, induction, coexpression	IMS	True
Q9Y3D5	MRPS18C								True	literature, yeast mito homolog++, Rickettsial homolog, mito protein domain, coexpression, MS/MS++	Matrix	True
Q9Y3N9	OR2W1	Extracellular; Cytoplasmic	Helical			True		True
Q9Y3P4	RHBDD3		Helical			True
Q9Y4A9	OR10H1	Extracellular; Cytoplasmic	Helical			True		True
Q9Y519	TMEM184B		Helical			True
Q9Y581	INSL6				True
Q9Y5P0	OR51B4	Extracellular; Cytoplasmic	Helical			True		True
Q9Y5Y3	GPR45	Extracellular; Cytoplasmic	Helical			True		True
Q9Y693	LHFPL6		Helical		True	True
Q9Y6U7	RNF215	Cytoplasmic; Extracellular	Helical			True		True
A0A087WTH1	TMEM265		Helical			True
A0A087WWS6	IFNA13				True
A0A096LNP1	DEFB131B				True
A0A096LPK9	OR4N4C	Cytoplasmic; Extracellular	Helical			True		True
A0A0D9SF12	CCDC163		Helical			True
A0A0J9YXV3	GREP1				True
A0A0X1KG70	OR4M2B	Cytoplasmic; Extracellular	Helical			True		True
A0A1B0GTI8	TMEM272		Helical			True
A0A1B0GTL2	C20orf204				True
A0A1B0GTR0	EDDM13				True
A0A1B0GTY4	TEX50		Helical		True	True
A0A1B0GUA7	TEX51		Helical		True	True
A0A1B0GUW6	SPEM3		Helical			True
A0A1B0GUW7	SMIM27		Helical			True
A0A1B0GUY1	MARCOL				True
A0A1B0GV85	REELD1	Extracellular; Cytoplasmic	Helical		True	True		True
A0A1B0GVG4	CCDC194				True
A0A1B0GVN3	C2orf92		Helical		True	True
A0A1B0GVV1	SMIM35		Helical			True
A0A1B0GVY4	SMIM31		Helical			True
A0A1B0GW64	SMIM33		Helical			True
A0A1B0GWB2	PRRT1B		Helical			True
A0A1B0GWH6	LASP1NB		Helical			True
A0A1W2PQU2	KANTR	Extracellular; Cytoplasmic	Helical		True	True		True
A0A1W2PS18	PMIS2		Helical			True
A0A286YF58	TMEM271		Helical			True
A0A2R8Y4Y8	OOSP4B				True
A0A2R8Y7Y5	CIST1	Extracellular; Cytoplasmic	Helical		True	True		True
A0A2R8YCJ5	SMIM41		Helical			True
A0A2R8YFL7	OOSP4A				True
A0A2R8YFM6	OOSP3				True
A0A494BZU4	TMEM217B	Lumenal; Cytoplasmic	Helical		True	True		True
A0A494C103	SPADH				True
A0A494C1I1	SMIM48	Cytoplasmic; Lumenal	Helical			True		True
A0A6I8PU40	TUG1	Extracellular; Cytoplasmic	Helical		True	True		True
A0A7I2V3R4	RNF228		Helical			True
A0PJX8	TMEM82		Helical			True
A0ZSE6	TMEM30CP	Cytoplasmic; Extracellular	Helical			True		True
A1L157	TSPAN11		Helical			True
A2RU67	FAM234B		Helical			True
A2RUT3	TMEM89	Extracellular; Cytoplasmic	Helical		True	True		True
A4FU28	CTAGE9		Helical			True
A4IF30	SLC35F4		Helical			True
A6NC05	C5orf63								True	targetP signal+, coexpression+, MS/MS	Matrix
A6NC62	RBAKDN				True
A6NC97	ARB2BP		Helical			True
A6NCI5	LINC00862		Helical			True
A6NCL2	LRCOL1				True
A6NCQ9	RNF222		Helical			True
A6NDX4		Cytoplasmic; Extracellular	Helical			True		True
A6NE02	BTBD17				True
A6NEH6	TMEM247		Helical			True
A6NFA0	SPATA31F3		Helical			True
A6NFE2	SMCO2		Helical			True
A6NFU0	FAM187A	Extracellular; Cytoplasmic	Helical		True	True		True
A6NFY4	NEMP2		Helical		True	True
A6NFZ4	FAM24A				True
A6NGA9	TMEM202		Helical			True
A6NGB0	TMEM191C		Helical			True
A6NGB7	TMEM221		Helical			True
A6NGW2	STRCP1				True
A6NGZ8	SMIM9	Extracellular; Cytoplasmic	Helical		True	True		True
A6NHN6	NPIPB15				True
A6NJ69	IGIP				True
A6NJU9	NPIPB13		Helical			True
A6NJY1	SLC9B1P1		Helical			True
A6NKF7	TMEM278		Helical			True
A6NKL6	TMEM200C		Helical			True
A6NKW6	SHISAL2B		Helical			True
A6NLE4	SMIM23	Cytoplasmic; Extracellular	Helical; Signal-anchor for type II membrane protein			True		True
A6NLU5	VSTM2B	Extracellular; Cytoplasmic	Helical		True	True		True
A6NLX4	TMEM210	Extracellular; Cytoplasmic	Helical		True	True		True
A6NM62	LRRC53		Helical			True
A6NMD0	IFITM10	Extracellular; Cytoplasmic	Helical			True		True
A6NNC1			Helical			True
A6NNL5	C15orf61				True				True	APEX_matrix, targetP signal, MS/MS	Matrix	True
A8MRT5	NPIPB5		Helical			True
A8MSI8	LYRM9								True	targetP signal, mito protein domain+, MS/MS	unknown	True
A8MTB9	CEACAM18				True
A8MTT3	CEBPZOS		Helical			True						True
A8MTW9					True
A8MUN3					True
A8MUP6	GSG1L2	Cytoplasmic; Extracellular	Helical			True		True
A8MWL6			Helical			True
A8MWL7	TMEM14DP		Helical			True
A8MWV9	SMIM34		Helical			True
A8MXV6	CDRT15L2		Helical			True
A8MYB1	TMCO5B		Helical			True
A8MZ97	C2orf74		Helical			True
A8MZH6	OOSP1				True
B0FP48	UPK3BL1	Extracellular; Cytoplasmic	Helical		True	True		True
B1AH88	TSPO											True
B2RXF0	TMEM229A		Helical			True
B3GLJ2	PATE3				True
B4DYI2	SPATA31C2		Helical			True
B6SEH8	ERVV-1	Extracellular; Cytoplasmic	Helical		True	True		True
B6SEH9	ERVV-2	Extracellular; Cytoplasmic	Helical		True	True		True
C9JG80	NPIPB4		Helical			True
C9JI98	TMEM238	Cytoplasmic; Extracellular	Helical			True		True
C9JL84	HHLA1				True
C9JVW0	INAFM1		Helical			True
E5RHQ5	NPIPB11		Helical			True
E5RIL1	UPK3BL2	Extracellular; Cytoplasmic	Helical		True	True		True
E5RQL4	FTCDNL1				True
E7ERA6	RNF223		Helical			True
F2Z333	FNDC10	Extracellular; Cytoplasmic	Helical		True	True		True
F5H4A9	C3orf80		Helical		True	True
F8W0I5	NPIPB12		Helical			True
H0UI37	TSTD3								True	mito protein domain, induction, MS/MS	unknown
H3BQJ8	LY6L				True
H3BR10	SMLR1		Helical			True
H3BS89	TMEM178B		Helical		True	True
H3BTG2	TEX46		Helical		True	True
H7C241	CLDN34	Cytoplasmic; Extracellular	Helical			True		True
H7C350	CCDC188		Helical			True
M0QZC1	RNF225		Helical			True
O14609	XKRY		Helical			True
O14683	TP53I11	Cytoplasmic; Extracellular	Helical			True		True
O75200	NPIPB7				True
O75264	SMIM24		Helical		True	True
O95473	SYNGR4		Helical			True
O96002	CXorf1		Helical			True
P0C2L3	FAM163B		Helical			True
P0C2S0	CTXN2		Helical			True
P0C672	TSPAN19		Helical			True
P0C7L1	SPINK8				True
P0C7M8	CLEC2L		Helical			True
P0C7N4	TMEM191B		Helical			True
P0C7N5	OR8U9	Extracellular; Cytoplasmic	Helical			True		True
P0C7N8	OR9G9	Extracellular; Cytoplasmic	Helical			True		True
P0C7Q5	SLC35G4		Helical			True
P0C7T8	TMEM253		Helical			True
P0C854	CECR9				True
P0C874	SPATA31D3		Helical			True
P0CG41	CTAGE8		Helical			True
P0DI80	ERLN		Helical			True
P0DJ93	SMIM13		Helical			True
P0DKX4	SMIM18		Helical			True
P0DL12	SMIM17		Helical			True
P0DMQ5	INAFM2		Helical			True
P0DMR2	SCGB1C2				True
P0DMT0	MRLN	Cytoplasmic; Lumenal	Helical			True		True
P0DN25	C1GALT1C1L	Cytoplasmic; Lumenal	Helical; Signal-anchor for type II membrane protein			True		True
P0DP42	TMEM225B					True
P0DPE3	TMDD1	Extracellular; Cytoplasmic	Helical		True	True		True
P0DSN6	TAS2R33	Extracellular; Cytoplasmic	Helical			True		True
P0DTE0	TAS2R36	Extracellular; Cytoplasmic	Helical			True		True
P0DTF9	PTTG1IP2	Extracellular; Cytoplasmic	Helical		True	True		True
P0DTL4	LY6S				True
P0DY27	DEFB109C				True
P0DY57	RASAL2-AS1		Helical			True
P49223	SPINT3				True
P58550	FXYD6P3	Extracellular; Cytoplasmic	Helical		True	True		True
P60606	CTXN1		Helical			True
Q0P5P2	C17orf67				True
Q0P670	SPEM2		Helical			True
Q0P6H9	TMEM62		Helical			True
Q0VDI3	TMEM267		Helical			True
Q147U7	SMCO1		Helical			True
Q15053	KIAA0040		Helical			True
Q15195	PLGLA				True
Q15846	CLUL1				True
Q17RQ9	NKPD1		Helical			True
Q1AE95	TMEM183BP		Helical			True
Q2M2E5	LINC03122				True
Q30KP9	DEFB135				True
Q30KQ7	DEFB113				True
Q3B7S5	SMIM21		Helical			True
Q3C1V0	MS4A18		Helical			True
Q3MIP1	ITPRIPL2	Extracellular; Cytoplasmic	Helical		True	True		True
Q4G0G5	SCGB2B2				True
Q4G0N0	GGTA1	Cytoplasmic; Lumenal	Helical; Signal-anchor for type II membrane protein			True		True
Q4QY38	DEFB134				True
Q4VC31	MIX23								True	APEX_IMS, yeast mito homolog++, mito protein domain+, MS/MS++	IMS	True
Q4VC39	HIGD2B	Cytoplasmic; Extracellular	Helical			True		True
Q52LC2	ATP6AP1L		Helical			True
Q5BKU9	OXLD1								True	targetP signal, yeast mito homolog, mito protein domain+, coexpression+	unknown	True
Q5GAN3	RNASE13				True
Q5GAN4	RNASE12				True
Q5H8A3	NMS				True
Q5H943	CT83	Cytoplasmic; Extracellular	Helical; Signal-anchor for type II membrane protein			True		True
Q5H9E4	SLC25A53		Helical			True			True	yeast mito homolog+, mito protein domain+	MIM	True
Q5JQD4	PYY3				True
Q5JTB6	PLAC9				True
Q5JXX7	TMEM31		Helical			True
Q5QFB9	PAPPA-AS1		Helical			True
Q5SQH8	C6orf136								True	targetP signal, induction, coexpression++, MS/MS+	Matrix
Q5SRD1	TIMM23B		Helical			True						True
Q5SWH9	TMEM69		Helical			True						True
Q5T6X4	FAM162B		Helical			True
Q5T742	ZNF22-AS1				True
Q5T9Z0	TEDDM1		Helical			True
Q5U4N7	GDF5-AS1											True
Q5U4P2	ASPHD1	Cytoplasmic; Lumenal	Helical			True		True
Q5VSP4	LCN1P1				True
Q5VTL7	FNDC7				True
Q5VU36	SPATA31A5		Helical			True
Q5VUY2	AADACL4	Cytoplasmic; Lumenal	Helical; Signal-anchor for type II membrane protein			True		True
Q5VVB8	TMEM244		Helical			True
Q5VVP1	SPATA31A6		Helical			True
Q5VYP0	SPATA31A3		Helical			True
Q5W0N0	C9orf57		Helical			True
Q5W188	CST9LP1				True
Q629K1	TRIQK		Helical			True
Q68CR7	LRRC66		Helical			True
Q69YW2	STUM		Helical			True
Q69YZ2	TMEM200B		Helical			True
Q6B9Z1	IGFL4				True
Q6GV28	TMEM225	Cytoplasmic; Extracellular	Helical			True		True
Q6ICI0	LHFPL7		Helical			True
Q6IE37	OVOS1				True
Q6IE38	SPINK14				True
Q6JVE5	LCN12				True
Q6MZM9	PRR27				True
Q6NXN4	DPY19L2P1		Helical			True
Q6P0A1	FAM180B				True
Q6P1X6	C8orf82								True	APEX_matrix, targetP signal, coexpression+, MS/MS++	Matrix	True
Q6QAJ8	TMEM220		Helical			True
Q6UDR6	SPINT4				True
Q6UWF9	FAM180A				True
Q6UWH6	TEX261		Helical			True
Q6UWW0	LCN15				True
Q6UXD1	HRCT1		Helical			True
Q6UXP3	TMEM14EP		Helical			True
Q6UXQ8					True
Q6UXR4	SERPINA13P				True
Q6UXR6					True
Q6UXU0					True
Q6UY13					True
Q6ZQQ2	SPATA31D1		Helical			True
Q6ZS62	COLCA1		Helical			True
Q6ZU45	CLEC20A				True
Q6ZUB0	SPATA31D4		Helical			True
Q6ZVK1	TMEM179		Helical			True
Q6ZVW7	IL17REL				True
Q71RG6					True
Q7L4S7	ARMCX6	Mitochondrial intermembrane; Cytoplasmic	Helical; Signal-anchor			True		True	True	literature	Membrane
Q7Z2R9	SSBP3-AS1				True
Q7Z3B0	SMIM15		Helical			True
Q7Z4B0	LINC00305				True
Q86SH4	PRNT				True
Q86U02	LINC00596		Helical			True
Q86U17	SERPINA11				True
Q86UD1	OAF				True
Q86UP9	LHFPL3		Helical			True
Q86Y27	BAGE5				True
Q86Y28	BAGE4				True
Q86Y29	BAGE3				True
Q86Y30	BAGE2				True
Q8IVJ8	APRG1		Helical			True
Q8IVK1	GLYCAM1				True
Q8IWD5	MFSD6L		Helical			True
Q8IYQ7	THNSL1								True	APEX_matrix, mito protein domain, MS/MS++	Matrix	True
Q8MH63	SLC7A5P1		Helical			True
Q8N0U4	FAM185A								True	APEX_matrix, targetP signal, coexpression	Matrix	True
Q8N0W7	FMR1NB	Cytoplasmic; Extracellular	Helical			True		True
Q8N1Y9		Extracellular; Cytoplasmic	Helical		True	True		True
Q8N2U0	TMEM256	Extracellular; Cytoplasmic	Helical		True	True		True				True
Q8N326	RPP38-DT		Helical			True
Q8N4C9	C17orf78		Helical			True
Q8N4K4	RPRML		Helical			True
Q8N4L4	SPEM1		Helical			True
Q8N4W6	DNAJC22		Helical			True
Q8N5W8	FAM24B				True
Q8N614	TMEM156	Cytoplasmic; Extracellular	Helical			True		True
Q8N6L7	TMEM252		Helical			True
Q8N755	SLC66A3		Helical		True	True
Q8N7C4	TMEM217		Helical			True
Q8N7Q2	CELF2-AS1				True
Q8N7S6	ARIH2OS		Helical			True
Q8N7X8	SIGLECL1		Helical			True
Q8N808	SLC35G3		Helical			True
Q8N816	KRT10-AS1		Helical		True	True
Q8N8D7	NKAIN3		Helical			True
Q8N8J7	FAM241A		Helical			True
Q8N8L6	ARL10											True
Q8N945	PRELID2								True	yeast mito homolog+, mito protein domain+, induction, coexpression, MS/MS	IMS
Q8N9W7		Cytoplasmic; Extracellular	Helical			True		True
Q8N9X5	LINC02912		Helical			True
Q8NBT3	TMEM145		Helical			True
Q8NC54	KCT2	Extracellular; Cytoplasmic	Helical		True	True		True
Q8NCQ3	LINC00301		Helical			True
Q8NCS4	TMEM35B		Helical		True	True
Q8ND94	LRRN4CL	Extracellular; Cytoplasmic	Helical		True	True		True
Q8NDY8	TMEM52		Helical		True	True
Q8NEQ5	C1orf162		Helical			True
Q8NEX5	WFDC9				True
Q8NEX6	WFDC11				True
Q8NH21	OR4F5	Extracellular; Cytoplasmic	Helical			True		True
Q8NI28	RNF32-DT		Helical			True
Q8TAT8					True
Q8TCP9	FAM200A	Extracellular; Cytoplasmic	Helical			True		True
Q8TD33	SCGB1C1				True
Q8TEF2	C10orf105		Helical			True
Q8WUY1	THEM6				True
Q8WW59	SPRYD4								True	APEX_matrix, GFP, targetP signal+, mito protein domain, coexpression+, MS/MS++	Matrix	True
Q8WWF1	C1orf54				True
Q8WXS4	TMEM37		Helical			True
Q96AQ2	TMEM125		Helical			True
Q96DE9	EOLA2											True
Q96EE4	CCDC126				True
Q96EX1	SMIM12		Helical			True						True
Q96HG1	SMIM10		Helical			True
Q96HH4	TMEM169	Extracellular; Cytoplasmic	Helical			True		True
Q96I45	TMEM141		Helical			True						True
Q96KF7	SMIM8		Helical			True			True	manual, induction, coexpression, MS/MS	MOM	True
Q96M19	LINC00477		Helical			True
Q96MU5	CD300LD-AS1				True
Q96MZ0	GDAP1L1											True
Q96N35	LINC00052		Helical			True
Q96PG1	MS4A4E		Helical			True
Q9BQ49	SMIM7	Extracellular; Cytoplasmic	Helical		True	True		True
Q9BS92	NIPSNAP3B								True	GFP, targetP signal, MS/MS+	Matrix	True
Q9BVW6	SMIM2		Helical			True
Q9BZ97	TTTY13		Helical			True
Q9H1F0	WFDC10A				True
Q9H1X3	DNAJC25		Helical			True
Q9H7B7	PKD1L1-AS1				True
Q9H7F4	TMEM185B		Helical			True
Q9HC47	CTAGE1		Helical			True
Q9HD87	C6orf50		Helical			True
Q9NPU4	C14orf132		Helical			True
Q9NRI6	PYY2				True
Q9NRP4	SDHAF3								True	targetP signal, yeast mito homolog++, coexpression+, MS/MS	Matrix	True
Q9NU53	GINM1	Extracellular; Cytoplasmic	Helical		True	True		True
Q9NUB4	C20orf141		Helical			True
Q9NUR3	TMEM74B		Helical			True
Q9NX36	DNAJC28								True	Rickettsial homolog, mito protein domain, coexpression+	unknown
Q9P298	HIGD1B	Cytoplasmic; Extracellular	Helical			True		True
Q9UK00	C3orf18		Helical			True
Q9Y442	YWHAH-AS1		Helical			True
A0A0U1RQS6	TMEM275		Helical			True
A0A0U1RRA0	ZNF593OS		Helical			True
A0A1B0GTC6	C3orf85				True
A0A1B0GTU2	CTXND1		Helical			True
A0A1B0GU29	SMIM28		Helical			True
A0A1B0GUA5	SMIM32		Helical			True
A0A1B0GV90	CTXND2		Helical			True
A0A1B0GVT2	SMIM36		Helical			True
A0A1B0GVZ9	TMEM269		Helical			True
A0A1B0GW54	SMIM39		Helical			True
A0A1W2PP97	THSD8				True
A0A286YF18	SMIM44		Helical			True
A0A286YFK9	SMIM38		Helical			True
A0A411D538	SCPPPQ1				True
A0A5F9ZH02	SMIM42		Helical			True
A6NML5	TMEM212		Helical			True
D0EPY3	SMIM47		Helical			True
P0C7U9	FAM87A		Helical			True
P0DMW3	SMIM10L1											True
P0DQW1	SMIM46		Helical			True
Q5STR5	SMIM40		Helical			True
Q5T7P6	TMEM78		Helical			True
Q5T7R7	C1orf185		Helical			True
Q5VUE5	C1orf53											True
Q6UWF5			Helical			True
Q6UXQ4	C2orf66				True
Q6UXV3					True
Q6ZRU5					True
Q86UQ5	GTSCR1		Helical			True
Q8N8V8	TMEM105		Helical			True
Q96N68	C18orf15		Helical			True
Q96PS6	GAFA1		Helical			True
Q9H0A3	TMEM191A		Helical			True
Q9H354			Helical			True
Q9P1C3					True
