id	gene_name	Topological domain	Transmembrane	Intramembrane	has_signal	has_transmem	has_intramem	has_topo_dom	mitocarta	mitocarta_evidence	mitocarta_subloc
A0A0B4J1G0	Fcgr4	Extracellular; Cytoplasmic	Helical		True	True		True
A0A0B4J1N3	Gpr15lg				True
A0A0U1RPR8	Gucy2d	Extracellular; Cytoplasmic	Helical		True	True		True
A0A1B0GQX2	Tunar		Helical			True
A0A494BA31	Slc4a9		Helical			True
A0AAQ4VMX2	C4a				True
A1A547	Pglyrp3				True
A1E960	Odam				True
A1KXC4	Fcmr	Extracellular; Cytoplasmic	Helical		True	True		True
A1L314	Mpeg1		Beta stranded; Helical		True	True
A1L3P4	Slc9a6		Helical			True
A2A259	Pkd2l1	Cytoplasmic; Extracellular	Helical	Pore-forming		True	True	True
A2A6C4	Sppl2c	Lumenal; Cytoplasmic	Helical		True	True		True
A2A7Q9	Rnf19b		Helical			True
A2A863	Itgb4	Extracellular; Cytoplasmic	Helical		True	True		True
A2A8L5	Ptprf	Extracellular; Cytoplasmic	Helical		True	True		True
A2A8U2	Tmem201	Nuclear; Perinuclear space	Helical			True		True
A2A974	Cyp4a12b				True
A2AAE1	Bltp1	Lumenal; Cytoplasmic	Helical			True		True
A2AFS3	Elapor1	Extracellular; Cytoplasmic	Helical		True	True		True
A2AGL3	Ryr3	Cytoplasmic	Helical	Pore-forming		True	True	True
A2AHL1	Ano3	Cytoplasmic; Extracellular	Helical			True		True
A2AIR5	Grin3a	Extracellular; Cytoplasmic	Helical	Discontinuously helical	True	True	True	True
A2AJ15	Man1b1	Cytoplasmic; Lumenal	Helical; Signal-anchor for type II membrane protein			True		True
A2AJ76	Hmcn2				True
A2AJ88	Pnpla7	Lumenal; Cytoplasmic	Helical			True		True
A2AJB7	Lcn5				True
A2AJN7	Slc4a11	Cytoplasmic; Extracellular	Helical			True		True
A2AJX4	Malrd1	Vesicular; Cytoplasmic	Helical		True	True		True
A2AKQ0	Slc35d1		Helical			True
A2ANU3	Syndig1	Cytoplasmic; Extracellular	Helical	Helical		True	True	True
A2APX8	Scn1a	Cytoplasmic; Extracellular	Helical	Pore-forming		True	True	True
A2AQ92	Duox1	Extracellular; Cytoplasmic	Helical		True	True		True
A2AR95	Ldlrad3	Extracellular; Cytoplasmic	Helical		True	True		True
A2ARA8	Itga8	Extracellular; Cytoplasmic	Helical		True	True		True
A2ARI4	Lgr4	Extracellular; Cytoplasmic	Helical		True	True		True
A2ARP9	Catsper2	Cytoplasmic; Extracellular	Helical	Helical; Pore-forming		True	True	True
A2ARV4	Lrp2	Extracellular; Cytoplasmic	Helical		True	True		True
A2AS89	Agmat								True	literature, targetP signal+, mito protein domain, MS/MS+	Matrix
A2ASI5	Scn3a	Cytoplasmic; Extracellular	Helical	Pore-forming		True	True	True
A2ASQ1	Agrn	Cytoplasmic; Extracellular	Helical; Signal-anchor for type II membrane protein			True		True
A2ASZ8	Slc25a25	Mitochondrial intermembrane; Mitochondrial matrix	Helical			True		True	True	literature, yeast mito homolog+, mito protein domain+, coexpression, MS/MS++	MIM
A2AUU0	Mettl8								True	APEX_matrix, targetP signal, mito protein domain+	Matrix
A2AVA0	Svep1				True
A2AVZ9	Slc43a3		Helical			True
A2AWR3	Gpr155	Lumenal; Cytoplasmic	Helical; Discontinuously helical			True		True
A2AX52	Col6a4				True
A2RST1	Mgst2		Helical			True
A2RTF1	Catsperb	Extracellular; Cytoplasmic	Helical			True		True
A3FIN4	Atp8b5		Helical			True
A4QPC6	Btn2a2	Extracellular; Cytoplasmic	Helical		True	True		True
A6H6E2	Mmrn2				True
A6H8H5	Kcnb2	Cytoplasmic; Extracellular	Helical; Helical; Voltage-sensor	Helical		True	True	True
A6PWV3	Izumo3	Extracellular; Cytoplasmic	Helical		True	True		True
A6X935	Itih4				True
A7L9Z8	Atp2c2	Cytoplasmic; Extracellular	Helical			True		True
A7RDN6	Rnls				True
A7TZE6	Skint1	Extracellular; Cytoplasmic	Helical		True	True		True
A8E0Y8	Cd101	Extracellular; Cytoplasmic	Helical		True	True		True
B0F2B4	Nlgn4l	Extracellular; Cytoplasmic	Helical		True	True		True
B0V2N1	Ptprs	Extracellular; Cytoplasmic	Helical		True	True		True
B1AS29	Grik3	Extracellular; Cytoplasmic	Helical		True	True		True
B1AUE5	Pex10	Peroxisomal matrix; Cytoplasmic	Helical			True		True
B1AUH1	Ptpru	Extracellular; Cytoplasmic	Helical		True	True		True
B1AWN4	Atp10b	Cytoplasmic; Extracellular	Helical			True		True
B1AWN6	Scn2a		Helical	Pore-forming		True	True
B1AXV0	Frrs1l		Helical		True	True
B1AYL1	Scn7a	Cytoplasmic; Extracellular	Helical	Pore-forming		True	True	True
B2RPY5	Gpr161	Extracellular; Cytoplasmic	Helical			True		True
B2RQR8	Ece2	Cytoplasmic; Lumenal	Helical; Signal-anchor for type II membrane protein			True		True
B2RU80	Ptprb	Extracellular; Cytoplasmic	Helical		True	True		True
B2RVY9	Tmem182	Extracellular; Cytoplasmic	Helical		True	True		True
B2RX12	Abcc3	Extracellular; Cytoplasmic	Helical			True		True
B2RXA7	Cyp26c1		Helical			True
B2RXE2	Slc9a5	Cytoplasmic; Extracellular	Helical			True		True
B2RXS4	Plxnb2	Extracellular; Cytoplasmic	Helical		True	True		True
B2RXV4	Flvcr1	Cytoplasmic; Extracellular	Helical			True		True
B2RXZ1	Pnldc1		Helical			True
B5TVM2	Ildr2	Lumenal; Cytoplasmic	Helical		True	True		True
B5X0E4	Abcb5		Helical			True
B6A8R8	Tarm1	Extracellular; Cytoplasmic	Helical		True	True		True
B8JK39	Itga9	Extracellular; Cytoplasmic	Helical		True	True		True
B9EJ57	Mterf1b								True	literature, APEX_matrix, targetP signal, mito protein domain+	Matrix
B9EJ80	Pdzd8		Helical			True
B9EJ86	Osbpl8		Helical			True
B9EJV3	Greb1l		Helical			True
B9EKR1	Ptprz1	Extracellular; Cytoplasmic	Helical		True	True		True
C6KI89	Catsperg2	Extracellular; Cytoplasmic	Helical		True	True		True
D0G895	Ace3	Extracellular; Cytoplasmic	Helical		True	True		True
D3YXG0	Hmcn1				True
D3YYI7	Rnf217		Helical			True
D3YZZ2	Tgfbr3l		Helical		True	True
D3Z1Q2	Mrap2		Helical			True
D3Z291	Calhm1	Cytoplasmic; Extracellular	Helical			True		True
D3Z2R5	Selenon				True
D3Z5L6	Slc18b1	Cytoplasmic; Extracellular	Helical			True		True
D3Z649	Kcnt2	Cytoplasmic; Extracellular	Helical	Pore-forming		True	True	True
D3Z6P0	Pdia2				True
D3Z752	Spx				True
D3Z7H4	Gsg1l	Cytoplasmic; Extracellular	Helical			True		True
D3Z7P3	Gls								True	literature, APEX_matrix, targetP signal+, mito protein domain+, MS/MS++	MIM
D6MZJ6	Smpd5		Helical			True
D7PDD4	Mpig6b		Helical		True	True
E0CYC6	Nat8b-ps	Cytoplasmic; Lumenal	Helical; Signal-anchor for type II membrane protein			True		True
E0CZ42	Fer1l6	Cytoplasmic; Extracellular	Helical; Anchor for type IV membrane protein			True		True
E1AZ71	Cngb1	Cytoplasmic; Extracellular	Helical			True		True
E2JF22	Piezo1	Cytoplasmic; Extracellular	Helical			True		True
E9PUL5	Prrt2	Cytoplasmic; Extracellular	Helical	Helical		True	True	True
E9PUN2	Nrxn2	Extracellular; Cytoplasmic	Helical		True	True		True
E9PV24	Fga				True
E9PVD3	Dchs1	Extracellular; Cytoplasmic	Helical		True	True		True
E9PX95	Abca17		Helical			True
E9PXX9	Slc28a1	Cytoplasmic; Extracellular	Helical			True		True
E9PY61	Gpr179		Helical		True	True
E9PZ19	Igsf9b	Extracellular; Cytoplasmic	Helical		True	True		True
E9PZ36	Pkhd1	Extracellular; Cytoplasmic	Helical		True	True		True
E9PZQ0	Ryr1	Cytoplasmic; Lumenal	Helical	Pore-forming		True	True	True
E9Q0N2	Ptprh	Extracellular; Cytoplasmic	Helical		True	True		True
E9Q236	Abcc4	Cytoplasmic; Extracellular	Helical			True		True
E9Q3M5	Slc4a5	Cytoplasmic; Extracellular	Helical			True		True
E9Q401	Ryr2	Cytoplasmic	Helical	Pore-forming		True	True	True
E9Q414	Apob				True
E9Q4J9	Adgrf2	Extracellular; Cytoplasmic	Helical		True	True		True
E9Q4Z2	Acacb								True	yeast mito homolog, Rickettsial homolog, mito protein domain, coexpression+	MOM
E9Q5K4	Cyp2c23				True
E9Q612	Ptpro	Extracellular; Cytoplasmic	Helical		True	True		True
E9Q6D8	C6		Beta stranded		True	True
E9Q7X6	Heg1	Extracellular; Cytoplasmic	Helical		True	True		True
E9Q7X7	Nrxn2	Extracellular; Cytoplasmic	Helical		True	True		True
E9Q816	Cyp2w1				True
E9Q876	Abca12		Helical			True
E9Q8Q8	Spaca6	Extracellular; Cytoplasmic	Helical		True	True		True
E9Q9F6	Catsperd	Extracellular; Cytoplasmic	Helical		True	True		True
E9Q9H8	Tm4sf19	Cytoplasmic; Extracellular	Helical			True		True
E9Q9K5	Trdn	Cytoplasmic; Lumenal	Helical			True		True
E9Q9W4	Slc27a6		Helical			True
E9QA28	Ceacam16				True
F2YMG0	Prss56				True
F6VAN0	Atf6	Cytoplasmic; Lumenal	Helical; Signal-anchor for type II membrane protein			True		True
F7BWT7	Tspan15	Cytoplasmic; Extracellular	Helical			True		True
F8VQ03	Adam3		Helical		True	True
F8VQN3	Gpr31	Extracellular; Cytoplasmic	Helical			True		True
G3X939	Slc9a3	Extracellular; Cytoplasmic	Helical		True	True		True
G3X943	Slc39a2	Extracellular; Cytoplasmic	Helical			True		True
G3XA59	Lrrc32	Extracellular; Cytoplasmic	Helical		True	True		True
G5E829	Atp2b1	Cytoplasmic; Extracellular	Helical			True		True
G5E845	Kcnk16	Cytoplasmic	Helical	Pore-forming		True	True	True
G5E8Q8	Adgrf5	Extracellular; Cytoplasmic	Helical		True	True		True
J3KML8	Gfy	Extracellular; Cytoplasmic	Helical		True	True		True
J3QMI4	Calhm3	Cytoplasmic; Extracellular	Helical			True		True
J3S6Y1	Tspear				True
J9SQF3	Trpm3	Cytoplasmic; Extracellular	Helical	Pore-forming		True	True	True
O08523	Tecta				True
O08524	Tectb				True
O08530	S1pr1	Extracellular; Cytoplasmic	Helical			True		True
O08532	Cacna2d1	Extracellular; Cytoplasmic	Helical		True	True		True
O08538	Angpt1				True
O08543	Efna5				True
O08545	Efna3				True
O08547	Sec22b	Cytoplasmic	Helical; Anchor for type IV membrane protein			True		True
O08579	Emd		Helical			True
O08581	Kcnk1	Cytoplasmic; Extracellular	Helical	Helical		True	True	True
O08600	Endog								True	literature, APEX_IMS, yeast mito homolog, mito protein domain, coexpression++, MS/MS	IMS
O08601	Mttp				True
O08602	Raet1a				True
O08603	Raet1b				True
O08604	Raet1c				True
O08644	Ephb6	Extracellular; Cytoplasmic	Helical		True	True		True
O08650	Has3	Cytoplasmic; Extracellular	Helical			True		True
O08665	Sema3a				True
O08675	F2rl2	Extracellular; Cytoplasmic	Helical		True	True		True
O08677	Kng1				True
O08689	Mstn				True
O08691	Arg2								True	literature, APEX_matrix, targetP signal+, mito protein domain, MS/MS	Matrix
O08692	Ngp				True
O08705	Slc10a1	Extracellular; Cytoplasmic	Helical; Discontinuously helical			True		True
O08707	Ackr2	Extracellular; Cytoplasmic	Helical			True		True
O08709	Prdx6								True	yeast mito homolog+, Rickettsial homolog, mito protein domain	unknown
O08710	Tg				True
O08712	Tnfrsf11b				True
O08715	Akap1								True	literature, mito protein domain, induction, coexpression++, MS/MS+	MOM
O08717	Inhbe				True
O08734	Bak1		Helical			True			True	literature, mito protein domain, MS/MS++	MOM
O08746	Matn2				True
O08747	Unc5c	Extracellular; Cytoplasmic	Helical		True	True		True
O08749	Dld								True	literature, APEX_matrix, targetP signal, yeast mito homolog, Rickettsial homolog, mito protein domain, induction, coexpression++, MS/MS++	Matrix
O08760	Ogg1								True	literature, targetP signal+, yeast mito homolog, mito protein domain	Matrix
O08762	Prss12				True
O08786	Cckar	Extracellular; Cytoplasmic	Helical			True		True
O08790	Fpr-s1	Extracellular; Cytoplasmic	Helical			True		True
O08795	Prkcsh				True
O08807	Prdx4				True				True	APEX_IMS, Rickettsial homolog, mito protein domain	IMS
O08832	Galnt4	Cytoplasmic; Lumenal	Helical; Signal-anchor for type II membrane protein			True		True
O08842	Gfra2				True
O08852	Pkd1	Extracellular; Cytoplasmic	Helical		True	True		True
O08858	Sstr5	Extracellular; Cytoplasmic	Helical			True		True
O08859	Tnfaip6				True
O08912	Galnt1	Cytoplasmic; Lumenal	Helical; Signal-anchor for type II membrane protein			True		True
O08914	Faah	Cytoplasmic	Helical			True	True	True
O08966	Slc22a1	Cytoplasmic; Extracellular	Helical			True		True
O09005	Degs1		Helical			True
O09008	Mfng	Cytoplasmic; Lumenal	Helical; Signal-anchor for type II membrane protein			True		True
O09009	Rfng	Cytoplasmic; Lumenal	Helical; Signal-anchor for type II membrane protein			True		True
O09010	Lfng	Cytoplasmic; Lumenal	Helical; Signal-anchor for type II membrane protein			True		True
O09037	Reg3a				True
O09043	Napsa				True
O09046	Il4i1				True
O09047	C3ar1	Extracellular; Cytoplasmic	Helical			True		True
O09049	Reg3g				True
O09051	Guca2b				True
O09107	Insl3				True
O09114	Ptgds				True
O09118	Ntn1				True
O09126	Sema4d	Extracellular; Cytoplasmic	Helical		True	True		True
O09127	Epha8	Extracellular; Cytoplasmic	Helical		True	True		True
O09159	Man2b1				True
O09160	Fut1	Cytoplasmic; Lumenal	Helical; Signal-anchor for type II membrane protein			True		True
O09161	Casq2				True
O09164	Sod3				True
O09165	Casq1				True
O09174	Amacr								True	literature, mito protein domain, coexpression, MS/MS	Matrix
O09198	Mal	Cytoplasmic; Extracellular	Helical			True		True
O35054	Cldn4	Cytoplasmic; Extracellular	Helical			True		True
O35074	Ptgis		Helical			True
O35082	Kl	Extracellular; Cytoplasmic	Helical		True	True		True
O35083	Agpat1	Lumenal; Cytoplasmic	Helical		True	True		True
O35084	Cyp27b1								True	literature, targetP signal, mito protein domain	MIM
O35089	Cnih2	Cytoplasmic; Lumenal	Helical			True		True
O35111	Kcnk3	Cytoplasmic	Helical	Pore-forming		True	True	True
O35114	Scarb2	Cytoplasmic; Lumenal	Helical			True		True
O35118	Gfra3				True
O35129	Phb2								True	literature, yeast mito homolog++, Rickettsial homolog, mito protein domain, induction, coexpression, MS/MS++	MIM
O35136	Ncam2	Extracellular; Cytoplasmic	Helical		True	True		True
O35143	Atp5if1								True	literature, APEX_matrix, targetP signal, yeast mito homolog++, mito protein domain+, MS/MS++	Matrix
O35149	Slc30a4	Cytoplasmic; Lumenal	Helical			True		True
O35161	Celsr1	Extracellular; Cytoplasmic	Helical		True	True		True
O35166	Gosr2	Cytoplasmic; Vesicular	Helical; Anchor for type IV membrane protein			True		True
O35173	Kcns1	Cytoplasmic; Extracellular	Helical; Helical; Voltage-sensor	Helical		True	True	True
O35174	Kcns2	Cytoplasmic; Extracellular	Helical; Helical; Voltage-sensor	Helical		True	True	True
O35181	Nrg3	Extracellular; Cytoplasmic	Helical; Note=Internal signal sequence			True		True
O35188	Cx3cl1	Extracellular; Cytoplasmic	Helical		True	True		True
O35205	Gzmk				True
O35206	Col15a1				True
O35219	Kcnh2	Cytoplasmic; Extracellular	Helical; Helical; Voltage-sensor	Pore-forming		True	True	True
O35227	Adam7	Extracellular; Cytoplasmic	Helical		True	True		True
O35235	Tnfsf11	Cytoplasmic; Extracellular	Helical; Signal-anchor for type II membrane protein			True		True
O35245	Pkd2	Cytoplasmic; Extracellular	Helical	Pore-forming		True	True	True
O35291	Rnase2				True
O35298	Aoah				True
O35304	Slc18a3	Cytoplasmic; Lumenal, vesicle	Helical			True		True
O35305	Tnfrsf11a	Extracellular; Cytoplasmic	Helical		True	True		True
O35310	Hs3st1				True
O35316	Slc6a6	Cytoplasmic; Extracellular	Helical			True		True
O35375	Nrp2	Extracellular; Cytoplasmic	Helical		True	True		True
O35379	Abcc1	Extracellular; Cytoplasmic	Helical			True		True
O35386	Phyh								True	targetP signal, induction, MS/MS++	Matrix
O35393	Efnb3	Extracellular; Cytoplasmic	Helical		True	True		True
O35405	Pld3	Cytoplasmic; Lumenal	Helical; Signal-anchor for type II membrane protein			True		True
O35409	Folh1	Cytoplasmic; Extracellular	Helical; Signal-anchor for type II membrane protein			True		True
O35417	Pdyn				True
O35423	Agxt								True	literature, targetP signal, yeast mito homolog, Rickettsial homolog, mito protein domain, MS/MS	Matrix
O35425	Bok		Helical			True			True	manual, mito protein domain	MOM
O35426	Xbp1	Cytoplasmic; Lumenal	Helical; Signal-anchor for type II membrane protein			True		True
O35435	Dhodh	Mitochondrial matrix; Mitochondrial intermembrane	Helical			True		True	True	literature, mito protein domain, MS/MS++	MIM
O35445	Rnf5		Helical			True
O35449	Prrt1	Cytoplasmic; Extracellular	Helical	Helical		True	True	True
O35451	Atf6b	Cytoplasmic; Lumenal	Helical; Signal-anchor for type II membrane protein			True		True
O35453	Hpn	Cytoplasmic; Extracellular	Helical; Signal-anchor for type II membrane protein			True		True
O35454	Clcn6	Cytoplasmic	Helical	Helical; Note=Loop between two helices		True	True	True
O35457	Ccrl2	Extracellular; Cytoplasmic	Helical			True		True
O35464	Sema6a	Extracellular; Cytoplasmic	Helical		True	True		True
O35465	Fkbp8		Helical			True			True	literature, yeast mito homolog, mito protein domain, coexpression, MS/MS	MOM
O35468	Wnt9b				True
O35469	Hsd3b6		Helical			True
O35488	Slc27a2	Lumenal; Cytoplasmic	Helical			True		True
O35516	Notch2	Extracellular; Cytoplasmic	Helical		True	True		True
O35526	Stx1a	Cytoplasmic; Extracellular	Helical; Anchor for type IV membrane protein			True		True
O35544	Slc1a6	Cytoplasmic	Helical	Discontinuously helical		True	True	True
O35565	Fgf10				True
O35566	Cd151	Cytoplasmic; Extracellular	Helical			True		True
O35595	Ptch2	Cytoplasmic; Extracellular	Helical			True		True
O35598	Adam10	Extracellular; Cytoplasmic	Helical		True	True		True
O35599	Opn1mw	Extracellular; Cytoplasmic	Helical			True		True
O35600	Abca4	Cytoplasmic; Extracellular	Helical			True		True
O35604	Npc1	Lumenal; Cytoplasmic	Helical		True	True		True
O35607	Bmpr2	Extracellular; Cytoplasmic	Helical		True	True		True
O35608	Angpt2				True
O35622	Fgf15				True
O35632	Hyal2				True
O35633	Slc32a1	Cytoplasmic; Lumenal, vesicle	Helical			True		True
O35657	Neu1				True
O35659	Glp1r	Extracellular; Cytoplasmic	Helical		True	True		True
O35664	Ifnar2	Extracellular; Cytoplasmic	Helical		True	True		True
O35674	Adam19	Extracellular; Cytoplasmic	Helical		True	True		True
O35681	Syt3	Vesicular; Cytoplasmic	Helical			True		True
O35696	St8sia2	Cytoplasmic; Lumenal	Helical; Signal-anchor for type II membrane protein			True		True
O35701	Matn3				True
O35704	Sptlc1	Lumenal; Cytoplasmic	Helical			True		True
O35710	Noct								True	literature,targetP signal, mito protein domain	Matrix
O35714	Tnfrsf18	Extracellular; Cytoplasmic	Helical		True	True		True
O35744	Chil3				True
O35855	Bcat2								True	literature, APEX_matrix, targetP signal, Rickettsial homolog, mito protein domain, coexpression, MS/MS++	Matrix
O35874	Slc1a4	Cytoplasmic; Extracellular	Helical	Discontinuously helical		True	True	True
O35902	Dsg3	Extracellular; Cytoplasmic	Helical		True	True		True
O35903	Ccl25				True
O35930	Gp1ba	Extracellular; Cytoplasmic	Helical		True	True		True
O35943	Fxn								True	literature, APEX_matrix, targetP signal+, yeast mito homolog++, Rickettsial homolog, mito protein domain, coexpression, MS/MS+	Matrix
O35945	Aldh1a7								True	yeast mito homolog+, mito protein domain, coexpression, MS/MS	unknown
O35949	Elovl3		Helical			True
O35975	Art2b				True
O35980	Nthl1								True	literature, targetP signal, yeast mito homolog, Rickettsial homolog, mito protein domain	unknown
O35988	Sdc4	Extracellular; Cytoplasmic	Helical		True	True		True
O54689	Ccr6	Extracellular; Cytoplasmic	Helical			True		True
O54693	Eda	Cytoplasmic; Extracellular	Helical; Signal-anchor for type II membrane protein			True		True
O54707	Klrd1	Cytoplasmic; Extracellular	Helical; Signal-anchor for type II membrane protein			True		True
O54709	Klrk1	Cytoplasmic; Extracellular	Helical; Signal-anchor for type II membrane protein			True		True
O54732	Mmp15	Extracellular; Cytoplasmic	Helical		True	True		True
O54775	Ccn4				True
O54794	Aqp7	Cytoplasmic; Extracellular	Helical	Discontinuously helical		True	True	True
O54799	Nmbr	Extracellular; Cytoplasmic	Helical			True		True
O54803	P2rx6	Cytoplasmic; Extracellular	Helical			True		True
O54827	Atp10a	Cytoplasmic; Exoplasmic loop	Helical			True		True
O54851	Gjd2	Cytoplasmic; Extracellular	Helical			True		True
O54885	Tyrobp	Extracellular; Cytoplasmic	Helical		True	True		True
O54890	Itgb3	Extracellular; Cytoplasmic	Helical		True	True		True
O54901	Cd200	Extracellular; Cytoplasmic	Helical		True	True		True
O54904	B3galt1	Cytoplasmic; Lumenal	Helical; Signal-anchor for type II membrane protein			True		True
O54905	B3galt2	Cytoplasmic; Lumenal	Helical; Signal-anchor for type II membrane protein			True		True
O54907	Tnfsf12	Cytoplasmic; Extracellular	Helical; Signal-anchor for type II membrane protein			True		True
O54908	Dkk1				True
O54909	Rdh16		Helical			True
O54918	Bcl2l11								True	manual, targetP signal	MOM
O54942	Cldn5	Cytoplasmic; Extracellular	Helical			True		True
O54951	Sema6b	Extracellular; Cytoplasmic	Helical		True	True		True
O54957	Lat	Extracellular; Cytoplasmic	Helical; Signal-anchor for type III membrane protein			True		True
O54965	Rnf13	Lumenal; Cytoplasmic	Helical		True	True		True
O54982	Kcnu1	Extracellular; Cytoplasmic	Helical; Helical; Voltage-sensor	Pore-forming		True	True	True
O54990	Prom1	Extracellular; Cytoplasmic	Helical		True	True		True
O54991	Cntnap1	Extracellular; Cytoplasmic	Helical		True	True		True
O54998	Fkbp7				True
O55003	Bnip3		Helical			True			True	literature, mito protein domain+, MS/MS	MOM
O55017	Cacna1b	Cytoplasmic; Extracellular	Helical			True		True
O55022	Pgrmc1	Lumenal; Cytoplasmic	Helical			True		True
O55026	Entpd2	Cytoplasmic; Extracellular	Helical			True		True
O55028	Bckdk								True	literature, APEX_matrix, targetP signal, yeast mito homolog+, Rickettsial homolog, mito protein domain+, MS/MS++	Matrix
O55038	Cxcl13				True
O55040	Nmur1	Extracellular; Cytoplasmic	Helical			True		True
O55070	Dnase1l3				True
O55100	Syngr1	Cytoplasmic; Lumenal	Helical			True		True
O55102	Bloc1s1								True	mito protein domain, coexpression++, MS/MS	unknown
O55111	Dsg2	Extracellular; Cytoplasmic	Helical		True	True		True
O55123	Mmp10				True
O55134	Pcdh12	Extracellular; Cytoplasmic	Helical		True	True		True
O55143	Atp2a2	Cytoplasmic; Lumenal	Helical			True		True
O55183	Stc1				True
O55186	Cd59a				True
O55188	Dmp1				True
O55192	Slc6a2	Cytoplasmic; Extracellular	Helical			True		True
O55225	Otog				True
O55233	Cer1				True
O55237	Cd70	Cytoplasmic; Extracellular	Helical; Signal-anchor for type II membrane protein			True		True
O55240	Rdh5	Lumenal; Cytoplasmic	Helical			True		True
O55241	Hcrt				True
O55242	Sigmar1	Lumenal; Cytoplasmic	Helical			True		True
O70131	Ninj1	Extracellular; Cytoplasmic	Helical			True		True
O70138	Mmp8				True
O70157	Top3a								True	APEX_matrix, targetP signal, Rickettsial homolog, mito protein domain	Matrix
O70165	Fcn1				True
O70174	Chrna4	Extracellular; Cytoplasmic	Helical		True	True		True
O70176	Adcyap1				True
O70228	Atp9a	Cytoplasmic; Extracellular	Helical			True		True
O70252	Hmox2	Cytoplasmic	Helical; Anchor for type IV membrane protein			True		True
O70255	Mpzl2	Extracellular; Cytoplasmic	Helical		True	True		True
O70258	Sgce	Extracellular; Cytoplasmic	Helical			True		True
O70281	Tpst1	Cytoplasmic; Lumenal	Helical; Signal-anchor for type II membrane protein			True		True
O70283	Wnt2b				True
O70309	Itgb5	Extracellular; Cytoplasmic	Helical		True	True		True
O70324	Slc16a2	Cytoplasmic; Extracellular	Helical			True		True
O70326	Grem1				True
O70337	Bik		Helical			True			True	manual, mito protein domain+	MOM
O70342	Npy5r	Extracellular; Cytoplasmic	Helical			True		True
O70355	Btnl2	Cytoplasmic; Extracellular	Helical; Signal-anchor for type II membrane protein			True		True
O70362	Gpld1				True
O70370	Ctss				True
O70394	Il27ra	Extracellular; Cytoplasmic	Helical		True	True		True
O70404	Vamp8	Cytoplasmic; Vesicular	Helical; Anchor for type IV membrane protein			True		True
O70421	Fzd1	Extracellular; Cytoplasmic	Helical		True	True		True
O70423	Aoc3	Cytoplasmic; Extracellular	Helical; Signal-anchor for type II membrane protein			True		True
O70439	Stx7	Cytoplasmic; Vesicular	Helical; Anchor for type IV membrane protein			True		True
O70451	Slc16a7	Cytoplasmic; Extracellular	Helical			True		True
O70458	Osmr	Extracellular; Cytoplasmic	Helical		True	True		True
O70460	Ccl19				True
O70480	Vamp4	Cytoplasmic; Vesicular	Helical; Anchor for type IV membrane protein			True		True
O70491	Stra6	Extracellular; Cytoplasmic	Helical	Helical		True	True	True
O70496	Clcn7	Cytoplasmic	Helical	Helical; Note=Loop between two helices		True	True	True
O70497	Fcn2				True
O70503	Hsd17b12		Helical			True
O70507	Hcn4	Cytoplasmic; Extracellular	Helical; Helical; Voltage-sensor	Pore-forming		True	True	True
O70514	Fgfbp1				True
O70570	Pigr	Extracellular; Cytoplasmic	Helical		True	True		True
O70571	Pdk4								True	literature, targetP signal, yeast mito homolog+, mito protein domain+, induction, coexpression, MS/MS++	MIM
O70572	Smpd2		Helical			True
O70577	Slc22a2	Cytoplasmic; Extracellular	Helical			True		True
O70578	Cacng1	Cytoplasmic; Extracellular	Helical			True		True
O70579	Slc25a17	Cytoplasmic; Lumenal	Helical			True		True
O70622	Rtn2		Helical			True
O70624	Myoc				True
O88174	Cd46	Extracellular; Cytoplasmic	Helical		True	True		True
O88188	Ly86				True
O88199	Chst3	Cytoplasmic; Lumenal	Helical; Signal-anchor for type II membrane protein			True		True
O88207	Col5a1				True
O88273	Grem2				True
O88307	Sorl1	Lumenal; Cytoplasmic	Helical		True	True		True
O88310	Itln1				True
O88312	Agr2				True
O88319	Ntsr1	Extracellular; Cytoplasmic	Helical			True		True
O88322	Nid2				True
O88324	Cd83	Extracellular; Cytoplasmic	Helical		True	True		True
O88335	Kcnj1	Cytoplasmic; Extracellular	Helical	Helical; Pore-forming; Pore-forming		True	True	True
O88343	Slc4a4	Cytoplasmic; Extracellular	Helical; Discontinuously helical	Discontinuously helical		True	True	True
O88384	Vti1b	Cytoplasmic; Vesicular	Helical; Anchor for type IV membrane protein			True		True
O88393	Tgfbr3	Extracellular; Cytoplasmic	Helical		True	True		True
O88410	Cxcr3	Extracellular; Cytoplasmic	Helical			True		True
O88427	Cacna1h	Cytoplasmic; Extracellular	Helical			True		True
O88444	Adcy1	Cytoplasmic	Helical			True		True
O88452	Stc2				True
O88454	Kcnk4	Cytoplasmic; Extracellular	Helical	Helical		True	True	True
O88455	Dhcr7		Helical			True
O88495	Gpr50	Extracellular; Cytoplasmic	Helical			True		True
O88507	Cntfr				True
O88516	Dll3	Extracellular; Cytoplasmic	Helical		True	True		True
O88531	Ppt1				True
O88536	Fpr2	Extracellular; Cytoplasmic	Helical			True		True
O88551	Cldn1	Cytoplasmic; Extracellular	Helical			True		True
O88552	Cldn2	Cytoplasmic; Extracellular	Helical			True		True
O88561	Slc27a3		Helical			True
O88572	Lrp6	Extracellular; Cytoplasmic	Helical		True	True		True
O88575	Slc6a20b	Cytoplasmic; Extracellular	Helical			True		True
O88576	Slc6a18	Cytoplasmic; Extracellular	Helical			True		True
O88587	Comt	Cytoplasmic; Extracellular	Helical; Signal-anchor for type II membrane protein			True		True	True	GFP, induction, coexpression	Membrane
O88593	Pglyrp1				True
O88602	Cacng2		Helical			True
O88627	Slc28a2		Helical			True
O88630	Gosr1	Cytoplasmic	Helical; Anchor for type IV membrane protein			True		True
O88632	Sema3f				True
O88634	F2rl3	Extracellular; Cytoplasmic	Helical		True	True		True
O88662	Emp2		Helical			True
O88668	Creg1				True
O88676	Mmp23	Cytoplasmic; Lumenal	Helical			True		True
O88689	Pcdha4	Extracellular; Cytoplasmic	Helical		True	True		True
O88693	Ugcg	Lumenal; Cytoplasmic	Helical			True		True
O88696	Clpp								True	literature, APEX_matrix, targetP signal, Rickettsial homolog, mito protein domain, induction, coexpression+, MS/MS++	Matrix
O88703	Hcn2	Cytoplasmic; Extracellular	Helical; Helical; Voltage-sensor	Pore-forming		True	True	True
O88704	Hcn1	Cytoplasmic; Extracellular	Helical; Helical; Voltage-sensor	Pore-forming		True	True	True
O88705	Hcn3	Cytoplasmic; Extracellular	Helical; Helical; Voltage-sensor	Pore-forming		True	True	True
O88713	Klrg1	Cytoplasmic; Extracellular	Helical; Signal-anchor for type II membrane protein			True		True
O88721	Avpr2	Extracellular; Cytoplasmic	Helical			True		True
O88728	Ifitm5	Extracellular; Cytoplasmic	Helical			True		True
O88736	Hsd17b7	Extracellular; Cytoplasmic	Helical			True		True
O88741	Gdap1		Helical			True			True	APEX_IMS, mito protein domain, MS/MS++	MOM
O88783	F5				True
O88786	Il13ra2	Extracellular; Cytoplasmic	Helical		True	True		True
O88792	F11r	Extracellular; Cytoplasmic	Helical		True	True		True
O88799	Zan	Extracellular; Cytoplasmic	Helical		True	True		True
O88819	Fut9	Cytoplasmic; Lumenal	Helical; Signal-anchor for type II membrane protein			True		True
O88822	Sc5d		Helical			True
O88824	Jtb	Extracellular; Cytoplasmic	Helical		True	True		True
O88829	St3gal5	Cytoplasmic; Lumenal	Helical; Signal-anchor for type II membrane protein			True		True
O88833	Cyp4a10		Helical			True
O88839	Adam15	Extracellular; Cytoplasmic	Helical		True	True		True
O88845	Akap10								True	literature, mito protein domain	MOM
O88856	Tpst2	Cytoplasmic; Lumenal	Helical; Signal-anchor for type II membrane protein			True		True
O88870	Best1	Cytoplasmic; Extracellular	Helical			True		True
O88875	Cd160				True
O88876	Dhrs3		Helical			True
O88908	Soat2	Cytoplasmic; Lumenal	Helical			True		True
O88909	Slc22a8	Cytoplasmic; Extracellular	Helical			True		True
O88932	Kcnj15	Cytoplasmic; Extracellular	Helical	Helical; Pore-forming		True	True	True
O88947	F10				True
O88962	Cyp8b1		Helical			True
O88967	Yme1l1	Mitochondrial matrix; Mitochondrial intermembrane	Helical			True		True	True	literature, APEX_IMS, yeast mito homolog, Rickettsial homolog, mito protein domain+, MS/MS+	MIM
O88983	Stx8	Cytoplasmic; Vesicular	Helical; Anchor for type IV membrane protein			True		True
O88992	C1ql1				True
O88998	Olfm1				True
O89001	Cpd	Extracellular; Cytoplasmic	Helical		True	True		True
O89016	Abcd4		Helical			True
O89017	Lgmn				True
O89020	Afm				True
O89023	Tpp1				True
O89026	Robo1	Extracellular; Cytoplasmic	Helical		True	True		True
O89051	Itm2b	Cytoplasmic; Lumenal	Helical; Signal-anchor for type II membrane protein			True		True
O89093	Ccl20				True
O89098	Cst7				True
O89101	Fgf18				True
O89103	Cd93	Extracellular; Cytoplasmic	Helical		True	True		True
O89106	Fhit								True	targetP signal, yeast mito homolog, mito protein domain, MS/MS++	Matrix
O89109	Kcnn4		Helical	Pore-forming		True	True
O89110	Casp8								True	literature, mito protein domain	MOM
O89116	Vti1a	Cytoplasmic; Vesicular	Helical; Anchor for type IV membrane protein			True		True
P00015	Cyct								True	literature, yeast mito homolog+, Rickettsial homolog, mito protein domain+, MS/MS++	IMS
P00158	Mt-Cyb		Helical			True			True	literature, yeast mito homolog++, Rickettsial homolog, mito protein domain	MIM
P00397	Mtco1	Mitochondrial matrix; Mitochondrial intermembrane	Helical			True		True	True	literature, APEX_IMS, yeast mito homolog++, Rickettsial homolog, mito protein domain, MS/MS	MIM
P00405	Mt-co2	Mitochondrial intermembrane; Mitochondrial matrix	Helical			True		True	True	literature, APEX_IMS, APEX_matrix, yeast mito homolog++, Rickettsial homolog, mito protein domain+, MS/MS+	MIM
P00416	mt-Co3	Mitochondrial matrix; Mitochondrial intermembrane	Helical			True		True	True	literature, yeast mito homolog++, Rickettsial homolog, mito protein domain	MIM
P00687	Amy1				True
P00688	Amy2a5				True
P00755	Klk1b1				True
P00756	Klk1b3				True
P00757	Klk1b4				True
P00796	Ren2				True
P01027	C3				True
P01029	C4b				True
P01132	Egf	Extracellular; Cytoplasmic	Helical		True	True		True
P01139	Ngf				True
P01193	Pomc				True
P01216	Cga				True
P01325	Ins1				True
P01326	Ins2				True
P01572	Ifna1				True
P01575	Ifnb1				True
P01580	Ifng				True
P01586	Il3				True
P01587	Csf2				True
P01590	Il2ra	Extracellular; Cytoplasmic	Helical		True	True		True
P01592	Jchain				True
P01731	Cd8a	Extracellular; Cytoplasmic	Helical		True	True		True
P01831	Thy1				True
P01865	Ighg2a	Cytoplasmic	Helical			True		True
P01867	Ighg2b	Cytoplasmic	Helical			True		True
P01869	Ighg1	Cytoplasmic	Helical			True		True
P01887	B2m				True
P01895	H2-D1	Extracellular; Cytoplasmic	Helical			True		True
P01897	H2-L	Extracellular; Cytoplasmic	Helical		True	True		True
P01898	H2-Q10	Extracellular	Helical		True	True		True
P01899	H2-D1	Extracellular; Cytoplasmic	Helical		True	True		True
P01901	H2-K1	Extracellular; Cytoplasmic	Helical		True	True		True
P01902	H2-K1	Extracellular; Cytoplasmic	Helical		True	True		True
P01904	H2-Ea	Extracellular; Cytoplasmic	Helical		True	True		True
P01910	H2-Aa	Extracellular; Cytoplasmic	Helical		True	True		True
P01921	H2-Ab1	Extracellular; Cytoplasmic	Helical		True	True		True
P02463	Col4a1				True
P02468	Lamc1				True
P02469	Lamb1				True
P02716	Chrnd	Extracellular; Cytoplasmic	Helical		True	True		True
P02762	Mup6				True
P02772	Afp				True
P03888	Mtnd1		Helical			True			True	literature, Rickettsial homolog, mito protein domain, MS/MS	MIM
P03893	mt-Nd2		Helical			True			True	literature, Rickettsial homolog, mito protein domain+, MS/MS+	MIM
P03911	Mtnd4		Helical			True			True	literature, APEX_IMS, APEX_matrix, Rickettsial homolog, mito protein domain+, MS/MS+	MIM
P03925	Mtnd6		Helical			True			True	literature, Rickettsial homolog, mito protein domain	MIM
P03953	Cfd				True
P04095	Prl2c2				True
P04186	Cfb				True
P04187	Gzmb				True
P04202	Tgfb1				True
P04223	H2-K1	Extracellular; Cytoplasmic	Helical		True	True		True
P04224		Extracellular; Cytoplasmic	Helical		True	True		True
P04230	H2-Eb1	Extracellular; Cytoplasmic	Helical		True	True		True
P04235	Cd3d	Extracellular; Cytoplasmic	Helical		True	True		True
P04351	Il2				True
P04401	Il5				True
P04426	Wnt1				True
P04441	Cd74	Cytoplasmic; Extracellular	Helical; Signal-anchor for type II membrane protein			True		True
P04756	Chrna1	Extracellular; Cytoplasmic	Helical		True	True		True
P04760	Chrng	Extracellular; Cytoplasmic	Helical		True	True		True
P04768	Prl2c3				True
P04919	Slc4a1	Cytoplasmic; Extracellular	Helical; Discontinuously helical	Discontinuously helical		True	True	True
P04925	Prnp				True
P04938	Mup11				True
P04939	Mup3				True
P05017	Igf1				True
P05125	Nppa				True
P05132	Prkaca								True	literature,mito protein domain, coexpression	MIM
P05202	Got2								True	literature, APEX_IMS, APEX_matrix, targetP signal, mito protein domain, MS/MS++	MIM
P05208	Cela2a				True
P05524	Fgf3				True
P05532	Kit	Extracellular; Cytoplasmic	Helical		True	True		True
P05533	Ly6a				True
P05555	Itgam	Extracellular; Cytoplasmic	Helical		True	True		True
P05622	Pdgfrb	Extracellular; Cytoplasmic	Helical		True	True		True
P06281	Ren1				True
P06332	Cd4	Extracellular; Cytoplasmic	Helical		True	True		True
P06339	H2-T23	Extracellular; Cytoplasmic	Helical		True	True		True
P06683	C9		Beta stranded		True	True
P06684	C5				True
P06728	Apoa4				True
P06795	Abcb1b	Cytoplasmic; Extracellular	Helical			True		True
P06797	Ctsl				True
P06800	Ptprc	Extracellular; Cytoplasmic	Helical		True	True		True
P06802	Enpp1	Cytoplasmic; Extracellular	Helical; Signal-anchor for type II membrane protein			True		True
P06804	Tnf	Cytoplasmic; Extracellular	Helical; Signal-anchor for type II membrane protein			True		True
P06869	Plau				True
P06879	Prl				True
P06880	Gh1				True
P06909	Cfh				True
P07141	Csf1	Extracellular; Cytoplasmic	Helical		True	True		True
P07146	Prss2				True
P07147	Tyrp1	Lumenal, melanosome; Cytoplasmic	Helical		True	True		True
P07214	Sparc				True
P07309	Ttr				True
P07321	Epo				True
P07628	Klk1b8				True
P07724	Alb				True
P07750	Il4				True
P07758	Serpina1a				True
P07759	Serpina3k				True
P08003	Pdia4				True
P08071	Ltf				True
P08074	Cbr2								True	targetP signal, Rickettsial homolog, mito protein domain, MS/MS+	Matrix
P08101	Fcgr2	Extracellular; Cytoplasmic	Helical		True	True		True
P08113	Hsp90b1				True
P08121	Col3a1				True
P08122	Col4a2				True
P08226	Apoe				True
P08228	Sod1								True	literature, yeast mito homolog, mito protein domain, induction, coexpression	IMS
P08249	Mdh2								True	literature, APEX_matrix, targetP signal, yeast mito homolog++, Rickettsial homolog, mito protein domain, induction, coexpression++, MS/MS++	Matrix
P08505	Il6				True
P08508	Fcgr3	Extracellular; Cytoplasmic	Helical		True	True		True
P08607	C4bpa				True
P08680	Alas2								True	literature, targetP signal, yeast mito homolog+, Rickettsial homolog, mito protein domain+, coexpression	Matrix
P08882	Gzmc				True
P08883	Gzmf				True
P08884	Gzme				True
P08905	Lyz2				True
P08920	Cd2	Extracellular; Cytoplasmic	Helical		True	True		True
P08923	Ltk	Extracellular; Cytoplasmic	Helical		True	True		True
P09036	Spink1				True
P09055	Itgb1	Extracellular; Cytoplasmic	Helical		True	True		True
P09056	Lif				True
P09103	P4hb				True
P09225	Lta				True
P09240	Cck				True
P09242	Alpl				True
P09470	Ace	Extracellular; Cytoplasmic	Helical		True	True		True
P09528	Fth1								True	mito protein domain, MS/MS++	unknown
P09535	Igf2				True
P09581	Csf1r	Extracellular; Cytoplasmic	Helical		True	True		True
P09671	Sod2								True	literature, APEX_matrix, targetP signal, yeast mito homolog++, Rickettsial homolog, mito protein domain, induction, MS/MS++	Matrix
P09690	Chrnb1	Extracellular; Cytoplasmic	Helical		True	True		True
P09793	Ctla4	Extracellular; Cytoplasmic	Helical		True	True		True
P09803	Cdh1	Extracellular; Cytoplasmic	Helical		True	True		True
P09813	Apoa2				True
P09920	Csf3				True
P0C191	Gp6	Extracellular; Cytoplasmic	Helical		True	True		True
P0C192	Lrrc4b		Helical		True	True
P0C5E4	Ptprq	Extracellular; Cytoplasmic	Helical		True	True		True
P0C673	Igsf11	Extracellular; Cytoplasmic	Helical		True	True		True
P0C7A3	Mboat4	Lumenal; Cytoplasmic	Helical			True		True
P0CB42	Alkbh1								True	literature, APEX_matrix, mito protein domain	Matrix
P0CW70	Dpy19l2	Nuclear; Perinuclear space	Helical			True		True
P0DI97	Nrxn1		Helical		True	True
P0DJF3	Tmem95	Extracellular; Cytoplasmic	Helical		True	True		True
P0DM40	Fer1l5	Cytoplasmic; Extracellular	Helical; Anchor for type IV membrane protein			True		True
P0DMC4	Apela				True
P0DN83	Strit1		Helical			True
P0DP43	Catspere	Extracellular; Cytoplasmic	Helical		True	True		True
P0DP60	Lynx1				True
P0DP99	Stmp1		Helical			True
P0DPD9	Eef1akmt4-Ece2	Cytoplasmic; Lumenal	Helical; Signal-anchor for type II membrane protein			True		True
P10146	Ccl1				True
P10148	Ccl2				True
P10168	Il7				True
P10287	Cdh3	Extracellular; Cytoplasmic	Helical		True	True		True
P10300	Cd8b	Extracellular; Cytoplasmic	Helical		True	True		True
P10404		Extracellular; Cytoplasmic	Helical		True	True		True
P10417	Bcl2		Helical			True			True	literature, mito protein domain	MOM
P10493	Nid1				True
P10605	Ctsb				True
P10761	Zp3	Extracellular; Cytoplasmic	Helical		True	True		True
P10810	Cd14				True
P10820	Prf1		Beta stranded		True	True
P10852	Slc3a2	Cytoplasmic; Extracellular	Helical; Signal-anchor for type II membrane protein			True		True
P10855	Ccl3				True
P10889	Cxcl2				True
P10923	Spp1				True
P11032	Gzma				True
P11087	Col1a1				True
P11152	Lpl				True
P11214	Plat				True
P11247	Mpo				True
P11276	Fn1				True
P11344	Tyr	Lumenal, melanosome; Cytoplasmic	Helical		True	True		True
P11352	Gpx1								True	literature, APEX_matrix, targetP signal, yeast mito homolog, mito protein domain, coexpression, MS/MS+	Matrix
P11403	Fgf4				True
P11438	Lamp1	Lumenal; Cytoplasmic	Helical		True	True		True
P11477	Defa1				True
P11588	Mup1				True
P11589	Mup2				True
P11590	Mup4				True
P11609	Cd1d1	Extracellular; Cytoplasmic	Helical		True	True		True
P11610	Cd1d2	Extracellular; Cytoplasmic	Helical		True	True		True
P11627	L1cam	Extracellular; Cytoplasmic	Helical		True	True		True
P11672	Lcn2				True
P11688	Itga5	Extracellular; Cytoplasmic	Helical		True	True		True
P11725	Otc								True	literature, targetP signal, mito protein domain, MS/MS+	Matrix
P11835	Itgb2	Extracellular; Cytoplasmic	Helical		True	True		True
P11859	Agt				True
P11881	Itpr1	Cytoplasmic; Lumenal	Helical			True		True
P11911	Cd79a	Extracellular; Cytoplasmic	Helical		True	True		True
P11930	Nudt19								True	APEX_matrix, targetP signal+, mito protein domain, induction	Matrix
P11942	Cd3g	Extracellular; Cytoplasmic	Helical		True	True		True
P12023	App	Extracellular; Cytoplasmic	Helical		True	True		True
P12025	Mdk				True
P12032	Timp1				True
P12242	Ucp1	Mitochondrial intermembrane; Mitochondrial matrix	Helical			True		True	True	literature, yeast mito homolog+, mito protein domain+, coexpression, MS/MS	MIM
P12246	Apcs				True
P12265	Gusb				True
P12388	Serpinb2				True
P12657	Chrm1	Extracellular; Cytoplasmic	Helical			True		True
P12710	Fabp1								True	mito protein domain, MS/MS++	unknown
P12804	Fgl2				True
P12850	Cxcl1				True
P12960	Cntn1				True
P12961	Scg5				True
P12968	Iapp				True
P13011	Scd2	Cytoplasmic; Lumenal	Helical			True		True
P13020	Gsn				True
P13372	Vpreb1a				True
P13379	Cd5	Extracellular; Cytoplasmic	Helical		True	True		True
P13504	Il1r1	Extracellular; Cytoplasmic	Helical		True	True		True
P13516	Scd1	Cytoplasmic; Lumenal	Helical			True		True
P13562	Gnrh1				True
P13595	Ncam1	Extracellular; Cytoplasmic	Helical		True	True		True
P13597	Icam1	Extracellular; Cytoplasmic	Helical		True	True		True
P13609	Srgn				True
P13808	Slc4a2	Cytoplasmic; Extracellular	Helical			True		True
P14094	Atp1b1	Cytoplasmic; Extracellular	Helical; Signal-anchor for type II membrane protein			True		True
P14097	Ccl4				True
P14106	C1qb				True
P14142	Slc2a4	Cytoplasmic; Extracellular	Helical			True		True
P14211	Calr				True
P14231	Atp1b2	Cytoplasmic; Extracellular	Helical; Signal-anchor for type II membrane protein			True		True
P14246	Slc2a2	Cytoplasmic; Extracellular	Helical			True		True
P14426	H2-D1	Extracellular; Cytoplasmic	Helical		True	True		True
P14427	H2-D1	Extracellular; Cytoplasmic	Helical		True	True		True
P14429	H2-Q7	Extracellular	Helical		True	True		True
P14430	H2-Q8	Extracellular	Helical		True	True		True
P14431	H2-Q9	Extracellular			True			True
P14432	H2-T3	Extracellular; Cytoplasmic	Helical		True	True		True
P14483	H2-Ab1	Extracellular; Cytoplasmic	Helical		True	True		True
P14719	Il1rl1	Extracellular; Cytoplasmic	Helical		True	True		True
P14753	Epor	Extracellular; Cytoplasmic	Helical		True	True		True
P14847	Crp				True
P14901	Hmox1	Cytoplasmic	Helical; Anchor for type IV membrane protein			True		True
P15116	Cdh2	Extracellular; Cytoplasmic	Helical		True	True		True
P15208	Insr	Extracellular; Cytoplasmic	Helical		True	True		True
P15209	Ntrk2	Extracellular; Cytoplasmic	Helical		True	True		True
P15247	Il9				True
P15261	Ifngr1	Extracellular; Cytoplasmic	Helical		True	True		True
P15306	Thbd	Extracellular; Cytoplasmic	Helical		True	True		True
P15379	Cd44	Extracellular; Cytoplasmic	Helical		True	True		True
P15388	Kcnc1	Cytoplasmic	Helical; Helical; Voltage-sensor			True		True
P15409	Rho	Extracellular; Cytoplasmic	Helical			True		True
P15499	Prph2	Cytoplasmic; Lumenal	Helical			True		True
P15530	Cd79b	Extracellular; Cytoplasmic	Helical		True	True		True
P15535	B4galt1	Cytoplasmic; Lumenal	Helical; Signal-anchor for type II membrane protein			True		True
P15539	Cyp11b2								True	literature, targetP signal, mito protein domain, coexpression	MIM
P15702	Spn	Extracellular; Cytoplasmic	Helical		True	True		True
P15920	Atp6v0a2	Cytoplasmic; Vacuolar	Helical			True		True
P15945	Klk1b5				True
P15946	Klk1b11				True
P15947	Klk1				True
P15948	Klk1b22				True
P15949	Klk1b9				True
P16043	Ghrh				True
P16056	Met	Extracellular; Cytoplasmic	Helical		True	True		True
P16092	Fgfr1	Extracellular; Cytoplasmic	Helical		True	True		True
P16125	Ldhb								True	Rickettsial homolog, mito protein domain, induction	unknown
P16283	Slc4a3	Cytoplasmic	Helical			True		True
P16294	F9				True
P16297	Il2rb	Extracellular; Cytoplasmic	Helical		True	True		True
P16301	Lcat				True
P16305	Gabra6	Extracellular; Cytoplasmic	Helical		True	True		True
P16332	Mmut								True	literature, APEX_matrix, targetP signal, mito protein domain+, coexpression, MS/MS++	Matrix
P16382	Il4r	Extracellular; Cytoplasmic	Helical		True	True		True
P16388	Kcna1	Cytoplasmic; Extracellular	Helical; Helical; Voltage-sensor	Helical		True	True	True
P16390	Kcna3	Cytoplasmic; Extracellular	Helical; Helical; Voltage-sensor			True		True
P16406	Enpep	Cytoplasmic; Extracellular	Helical; Signal-anchor for type II membrane protein			True		True
P16646	Pmp22	Cytoplasmic; Extracellular	Helical			True		True
P16675	Ctsa				True
P16872	Il7r	Extracellular; Cytoplasmic	Helical		True	True		True
P16882	Ghr	Extracellular; Cytoplasmic	Helical		True	True		True
P17047	Lamp2	Lumenal; Cytoplasmic	Helical		True	True		True
P17125	Tgfb3				True
P17439	Gba1				True
P17515	Cxcl10				True
P17534	Defa-rs2				True
P17553	Wnt3				True
P17564	Ppp1r15a	Cytoplasmic		Helical			True	True
P17665	Cox7c	Mitochondrial matrix; Mitochondrial intermembrane	Helical			True		True	True	literature, APEX_IMS, targetP signal, yeast mito homolog++, mito protein domain+, MS/MS++	MIM
P17809	Slc2a1	Cytoplasmic; Extracellular	Helical			True		True
P17892	Pnliprp2				True
P17897	Lyz1				True
P17981	Art2a				True
P18052	Ptpra	Extracellular; Cytoplasmic	Helical		True	True		True
P18155	Mthfd2								True	literature, APEX_matrix, targetP signal, yeast mito homolog+, Rickettsial homolog, mito protein domain, MS/MS	Matrix
P18181	Cd48				True
P18242	Ctsd				True
P18293	Npr1	Extracellular; Cytoplasmic	Helical		True	True		True
P18337	Sell	Extracellular; Cytoplasmic	Helical		True	True		True
P18340	Cxcl9				True
P18406	Ccn1				True
P18572	Bsg	Extracellular; Cytoplasmic	Helical		True	True		True
P18581	Slc7a2	Cytoplasmic; Extracellular	Helical			True		True
P18761	Ca6				True
P18762	Adrb2	Extracellular; Cytoplasmic	Helical			True		True
P18828	Sdc1	Extracellular; Cytoplasmic	Helical		True	True		True
P18893	Il10				True
P19070	Cr2	Extracellular; Cytoplasmic	Helical		True	True		True
P19096	Fasn								True	yeast mito homolog, Rickettsial homolog, mito protein domain, coexpression	IMS
P19137	Lama1				True
P19221	F2				True
P19258	Mpv17		Helical			True			True	literature, targetP signal, yeast mito homolog+, mito protein domain, coexpression, MS/MS++	MIM
P19324	Serpinh1				True
P19437	Ms4a1	Cytoplasmic; Extracellular	Helical			True		True
P19783	Cox4i1	Mitochondrial matrix; Mitochondrial intermembrane	Helical			True		True	True	literature, APEX_IMS, APEX_matrix, targetP signal, mito protein domain+, coexpression++, MS/MS++	MIM
P20029	Hspa5				True
P20033	Pdgfa				True
P20060	Hexb				True
P20108	Prdx3								True	literature, APEX_IMS, APEX_matrix, targetP signal+, Rickettsial homolog, mito protein domain, induction, coexpression++, MS/MS++	Matrix
P20109	Il13				True
P20181	Ntf3				True
P20239	Zp2	Extracellular; Cytoplasmic	Helical		True	True		True
P20334	Tnfrsf9	Extracellular; Cytoplasmic	Helical		True	True		True
P20352	F3	Extracellular; Cytoplasmic	Helical		True	True		True
P20489	Fcer1a	Extracellular; Cytoplasmic	Helical		True	True		True
P20490	Ms4a2	Cytoplasmic; Extracellular	Helical			True		True
P20491	Fcer1g	Extracellular; Cytoplasmic	Helical		True	True		True
P20693	Fcer2	Cytoplasmic; Extracellular	Helical; Signal-anchor for type II membrane protein			True		True
P20722	Bmp6				True
P20782	Chrne	Extracellular; Cytoplasmic	Helical		True	True		True
P20826	Kitlg	Extracellular; Cytoplasmic	Helical		True	True		True
P20863	Gdf1				True
P20917	Mag	Extracellular; Cytoplasmic	Helical		True	True		True
P20918	Plg				True
P20937	Klra1	Cytoplasmic; Extracellular	Helical; Signal-anchor for type II membrane protein			True		True
P21180	C2				True
P21183	Il5ra	Extracellular; Cytoplasmic	Helical		True	True		True
P21237	Bdnf				True
P21274	Bmp2				True
P21275	Bmp4				True
P21300	Akr1b7								True	induction, coexpression, MS/MS++	unknown
P21440	Abcb4	Cytoplasmic; Extracellular	Helical			True		True
P21447	Abcb1a	Cytoplasmic; Extracellular	Helical			True		True
P21460	Cst3				True
P21552	Wnt2				True
P21570	Ang				True
P21614	Gc				True
P21661	Pcsk2				True
P21729	Grpr	Extracellular; Cytoplasmic	Helical			True		True
P21803	Fgfr2	Extracellular; Cytoplasmic	Helical		True	True		True
P21812	Mcpt4				True
P21836	Ache				True
P21844	Cma1				True
P21845	Tpsb2				True
P21855	Cd72	Cytoplasmic; Extracellular	Helical; Signal-anchor for type II membrane protein			True		True
P21956	Mfge8				True
P21958	Tap1	Cytoplasmic; Lumenal	Helical			True		True
P21995	Emb	Extracellular; Cytoplasmic	Helical		True	True		True
P22005	Penk				True
P22272	Il6ra	Extracellular; Cytoplasmic	Helical		True	True		True
P22387	Edn1				True
P22389	Edn2				True
P22437	Ptgs1				True
P22599	Serpina1b				True
P22646	Cd3e	Extracellular; Cytoplasmic	Helical		True	True		True
P22723	Gabrg2	Extracellular; Cytoplasmic	Helical		True	True		True
P22724	Wnt4				True
P22725	Wnt5a				True
P22726	Wnt5b				True
P22727	Wnt6				True
P22777	Serpine1				True
P22858	Pthlh				True
P22933	Gabrd	Extracellular; Cytoplasmic	Helical		True	True		True
P23188	Furin	Lumenal; Cytoplasmic	Helical		True	True		True
P23242	Gja1	Cytoplasmic; Extracellular	Helical			True		True
P23275	Or2c1	Extracellular; Cytoplasmic	Helical			True		True
P23299	Kcne1	Cytoplasmic	Helical			True		True
P23336	Ggta1	Cytoplasmic; Lumenal	Helical; Signal-anchor for type II membrane protein			True		True
P23359	Bmp7				True
P23578	Acr				True
P23589	Ca5a								True	literature, targetP signal, mito protein domain, MS/MS	Matrix
P23780	Glb1				True
P23818	Gria1	Extracellular; Cytoplasmic	Helical	Helical; Pore-forming	True	True	True	True
P23819	Gria2	Extracellular; Cytoplasmic	Helical	Helical; Pore-forming	True	True	True	True
P23953	Ces1c				True
P23979	Htr3a	Extracellular; Cytoplasmic	Helical		True	True		True
P24063	Itgal	Extracellular; Cytoplasmic	Helical		True	True		True
P24161	Cd247	Extracellular; Cytoplasmic	Helical		True	True		True
P24270	Cat								True	yeast mito homolog++, mito protein domain, coexpression	IMS
P24369	Ppib				True
P24383	Wnt7a				True
P24668	M6pr	Lumenal; Cytoplasmic	Helical		True	True		True
P24721	Asgr2	Cytoplasmic; Extracellular	Helical; Signal-anchor for type II membrane protein			True		True
P24807	Cd24				True
P24815	Hsd3b1		Helical			True
P24822	Iap				True
P24823	Alpg				True
P25085	Il1rn				True
P25118	Tnfrsf1a	Extracellular; Cytoplasmic	Helical		True	True		True
P25119	Tnfrsf1b	Extracellular; Cytoplasmic	Helical		True	True		True
P25318	Col8a2				True
P25446	Fas	Extracellular; Cytoplasmic	Helical		True	True		True
P25785	Timp2				True
P25918	Cd19	Extracellular; Cytoplasmic	Helical		True	True		True
P25962	Adrb3	Extracellular; Cytoplasmic	Helical			True		True
P26011	Itgb7	Extracellular; Cytoplasmic	Helical		True	True		True
P26048	Gabra2	Extracellular; Cytoplasmic	Helical		True	True		True
P26049	Gabra3	Extracellular; Cytoplasmic	Helical		True	True		True
P26149	Hsd3b2		Helical			True
P26150	Hsd3b3		Helical			True
P26151	Fcgr1	Extracellular; Cytoplasmic	Helical		True	True		True
P26262	Klkb1				True
P26339	Chga				True
P26361	Cftr	Cytoplasmic; Extracellular	Helical; Discontinuously helical			True		True
P26443	Glud1								True	literature, APEX_matrix, targetP signal, yeast mito homolog, Rickettsial homolog, mito protein domain, coexpression, MS/MS++	Matrix
P26618	Pdgfra	Extracellular; Cytoplasmic	Helical		True	True		True
P26928	Mst1				True
P26952	Il3ra	Extracellular; Cytoplasmic	Helical		True	True		True
P26954	Csf2rb2	Extracellular; Cytoplasmic	Helical		True	True		True
P26955	Csf2rb	Extracellular; Cytoplasmic	Helical		True	True		True
P27038	Acvr2a	Extracellular; Cytoplasmic	Helical		True	True		True
P27040	Acvr2b	Extracellular; Cytoplasmic	Helical		True	True		True
P27046	Man2a1	Cytoplasmic; Lumenal	Helical; Signal-anchor for type II membrane protein			True		True
P27090	Tgfb2				True
P27106	Amh				True
P27467	Wnt3a				True
P27512	Cd40	Extracellular; Cytoplasmic	Helical		True	True		True
P27545	Cers1		Helical			True
P27548	Cd40lg	Cytoplasmic; Extracellular	Helical; Signal-anchor for type II membrane protein			True		True
P27573	Mpz	Extracellular; Cytoplasmic	Helical		True	True		True
P27656	Lipc				True
P27681	Gabrg3	Extracellular; Cytoplasmic	Helical		True	True		True
P27773	Pdia3				True
P27784	Ccl6				True
P27808	Mgat1	Cytoplasmic; Lumenal	Helical; Signal-anchor for type II membrane protein			True		True
P27812	Klrb1b	Cytoplasmic; Extracellular	Helical; Signal-anchor for type II membrane protein			True		True
P27814	Klrb1c	Cytoplasmic; Extracellular	Helical; Signal-anchor for type II membrane protein			True		True
P27931	Il1r2	Extracellular; Cytoplasmic	Helical		True	True		True
P28047	Wnt7b				True
P28078	H2-DMa	Lumenal; Cytoplasmic	Helical		True	True		True
P28229	Gjc1	Cytoplasmic; Extracellular	Helical			True		True
P28230	Gjb1	Cytoplasmic; Extracellular	Helical			True		True
P28231	Gjb3	Cytoplasmic; Extracellular	Helical			True		True
P28236	Gja8	Cytoplasmic; Extracellular	Helical			True	True	True
P28293	Ctsg				True
P28301	Lox				True
P28309	Defa2				True
P28310	Defa3				True
P28311	Defa4				True
P28312	Defa5				True
P28334	Htr1b	Extracellular; Cytoplasmic	Helical			True		True
P28352	Apex1								True	literature,Rickettsial homolog, mito protein domain	Matrix
P28481	Col2a1				True
P28571	Slc6a9	Cytoplasmic; Extracellular	Helical			True		True
P28649	Cyp19a1		Helical			True
P28653	Bgn				True
P28654	Dcn				True
P28660	Nckap1		Helical			True
P28661	Septin4								True	literature, mito protein domain	MOM
P28665	Mug1				True
P28798	Grn				True
P28825	Mep1a	Extracellular; Cytoplasmic	Helical		True	True		True
P28828	Ptprm	Extracellular; Cytoplasmic	Helical		True	True		True
P28843	Dpp4	Cytoplasmic; Extracellular	Helical; Signal-anchor for type II membrane protein			True		True
P28862	Mmp3				True
P29121	Pcsk4				True
P29268	Ccn2				True
P29319	Epha3	Extracellular; Cytoplasmic	Helical		True	True		True
P29416	Hexa				True
P29533	Vcam1	Extracellular; Cytoplasmic	Helical		True	True		True
P29699	Ahsg				True
P29752	Lalba				True
P29754	Agtr1a	Extracellular; Cytoplasmic	Helical			True		True
P29755	Agtr1b	Extracellular; Cytoplasmic	Helical			True		True
P29788	Vtn				True
P29812	Dct	Lumenal, melanosome; Cytoplasmic	Helical		True	True		True
P29974	Cnga1	Cytoplasmic; Extracellular	Helical			True		True
P30204	Msr1	Cytoplasmic; Extracellular	Helical; Signal-anchor for type II membrane protein			True		True
P30275	Ckmt1								True	literature, targetP signal, mito protein domain, MS/MS++	MIM
P30355	Alox5ap	Lumenal; Cytoplasmic	Helical			True	True	True
P30545	Adra2b	Extracellular; Cytoplasmic	Helical			True		True
P30548	Tacr1	Extracellular; Cytoplasmic	Helical			True		True
P30549	Tacr2	Extracellular; Cytoplasmic	Helical			True		True
P30554	Mas1	Extracellular; Cytoplasmic	Helical			True		True
P30557	Ptger3	Extracellular; Cytoplasmic	Helical			True		True
P30558	F2r	Extracellular; Cytoplasmic	Helical		True	True		True
P30728	Drd3	Extracellular; Cytoplasmic	Helical			True		True
P30730	Lhcgr	Extracellular; Cytoplasmic	Helical		True	True		True
P30731	Gpr83	Extracellular; Cytoplasmic	Helical		True	True		True
P30873	Sstr1	Extracellular; Cytoplasmic	Helical			True		True
P30875	Sstr2	Extracellular; Cytoplasmic	Helical			True		True
P30882	Ccl5				True
P30935	Sstr3	Extracellular; Cytoplasmic	Helical			True		True
P30966	Htr5a	Extracellular; Cytoplasmic	Helical			True		True
P30987	Tbxa2r	Extracellular; Cytoplasmic	Helical			True		True
P30993	C5ar1	Extracellular; Cytoplasmic	Helical			True		True
P31041	Cd28	Extracellular; Cytoplasmic	Helical		True	True		True
P31240	Pdgfb				True
P31428	Dpep1				True
P31482	Pla2g2a				True
P31648	Slc6a1	Cytoplasmic; Extracellular	Helical			True		True
P31649	Slc6a13	Cytoplasmic; Extracellular	Helical			True		True
P31650	Slc6a11	Cytoplasmic; Extracellular	Helical			True		True
P31651	Slc6a12	Cytoplasmic; Extracellular	Helical			True		True
P31695	Notch4	Extracellular; Cytoplasmic	Helical		True	True		True
P31786	Dbi								True	targetP signal, mito protein domain, induction, coexpression	unknown
P31809	Ceacam1	Extracellular; Cytoplasmic	Helical		True	True		True
P31955	Areg		Helical		True	True
P31996	Cd68	Extracellular; Cytoplasmic	Helical		True	True		True
P32020	Scp2								True	targetP signal, Rickettsial homolog, mito protein domain+	MIM
P32037	Slc2a3	Cytoplasmic; Extracellular	Helical			True		True
P32082	Ghrhr	Extracellular; Cytoplasmic	Helical		True	True		True
P32211	Chrm4	Extracellular; Cytoplasmic	Helical			True		True
P32240	Ptger4	Extracellular; Cytoplasmic	Helical			True		True
P32261	Serpinc1				True
P32299	Bdkrb2	Extracellular; Cytoplasmic	Helical			True		True
P32300	Oprd1	Extracellular; Cytoplasmic	Helical			True		True
P32304	Htr7	Extracellular; Cytoplasmic	Helical			True		True
P32507	Nectin2	Extracellular; Cytoplasmic	Helical		True	True		True
P32648	Vip				True
P32958	Rom1	Cytoplasmic; Lumenal	Helical			True		True
P32972	Tnfsf8	Cytoplasmic; Extracellular	Helical; Signal-anchor for type II membrane protein			True		True
P33033	Mc3r	Extracellular; Cytoplasmic	Helical			True		True
P33146	Cdh15	Extracellular; Cytoplasmic	Helical		True	True		True
P33434	Mmp2				True
P33435	Mmp13				True
P33534	Oprk1	Extracellular; Cytoplasmic	Helical			True		True
P33587	Proc				True
P33622	Apoc3				True
P33766	Fpr1	Extracellular; Cytoplasmic	Helical			True		True
P33896	Ifnar1	Extracellular; Cytoplasmic	Helical		True	True		True
P34821	Bmp8a				True
P34902	Il2rg	Extracellular; Cytoplasmic	Helical		True	True		True
P34914	Ephx2								True	Rickettsial homolog, mito protein domain, coexpression	unknown
P34927	Asgr1	Cytoplasmic; Extracellular	Helical; Signal-anchor for type II membrane protein			True		True
P34928	Apoc1				True
P34960	Mmp12				True
P34968	Htr2c	Extracellular; Cytoplasmic	Helical		True	True		True
P34971	Adrb1	Extracellular; Cytoplasmic	Helical			True		True
P35230	Reg3b				True
P35242	Sftpa1				True
P35290	Rab24								True	yeast mito homolog, mito protein domain, induction, coexpression, MS/MS	MOM
P35329	Cd22	Extracellular; Cytoplasmic	Helical		True	True		True
P35330	Icam2	Extracellular; Cytoplasmic	Helical		True	True		True
P35343	Cxcr2	Extracellular; Cytoplasmic	Helical			True		True
P35347	Crhr1	Extracellular; Cytoplasmic	Helical		True	True		True
P35363	Htr2a	Extracellular; Cytoplasmic	Helical			True		True
P35374	Agtr2	Extracellular; Cytoplasmic	Helical			True		True
P35375	Ptger1	Extracellular; Cytoplasmic	Helical			True		True
P35377	Oprl1	Extracellular; Cytoplasmic	Helical			True		True
P35378	Fshr	Extracellular; Cytoplasmic	Helical		True	True		True
P35383	P2ry2	Extracellular; Cytoplasmic	Helical			True		True
P35412	Gpr12	Extracellular; Cytoplasmic	Helical			True		True
P35413	Gpr3	Extracellular; Cytoplasmic	Helical			True		True
P35419	Tpo	Extracellular; Cytoplasmic	Helical		True	True		True
P35436	Grin2a	Extracellular; Cytoplasmic	Helical	Discontinuously helical	True	True	True	True
P35438	Grin1	Extracellular; Cytoplasmic	Helical	Discontinuously helical	True	True	True	True
P35441	Thbs1				True
P35454	Oxt				True
P35455	Avp				True
P35456	Plaur				True
P35486	Pdha1								True	literature, APEX_matrix, targetP signal+, yeast mito homolog+, Rickettsial homolog, mito protein domain+, induction, coexpression++, MS/MS++	Matrix
P35546	Ret	Extracellular; Cytoplasmic	Helical		True	True		True
P35561	Kcnj2	Cytoplasmic; Extracellular	Helical	Helical; Pore-forming; Pore-forming		True	True	True
P35564	Canx	Lumenal; Cytoplasmic	Helical		True	True		True
P35576	G6pc1	Lumenal; Cytoplasmic	Helical			True		True
P35737	H2-DMb1	Lumenal; Cytoplasmic	Helical		True	True		True
P35762	Cd81	Cytoplasmic; Extracellular	Helical			True		True
P35802	Gpm6a	Cytoplasmic; Extracellular	Helical			True		True
P35803	Gpm6b		Helical			True
P35822	Ptprk	Extracellular; Cytoplasmic	Helical		True	True		True
P35846	Folr1				True
P35917	Flt4	Extracellular; Cytoplasmic	Helical		True	True		True
P35918	Kdr	Extracellular; Cytoplasmic	Helical		True	True		True
P35951	Ldlr	Extracellular; Cytoplasmic	Helical		True	True		True
P35969	Flt1	Extracellular; Cytoplasmic	Helical		True	True		True
P36363	Fgf7				True
P36368	Egfbp2				True
P36369	Klk1b26				True
P36371	Tap2	Lumenal; Cytoplasmic	Helical			True		True
P36423	Tbxas1	Cytoplasmic; Lumenal	Helical			True		True
P36552	Cpox								True	literature, APEX_IMS, APEX_matrix, targetP signal, Rickettsial homolog, mito protein domain, coexpression, MS/MS++	MIM
P36895	Bmpr1a	Extracellular; Cytoplasmic	Helical		True	True		True
P36898	Bmpr1b	Extracellular; Cytoplasmic	Helical		True	True		True
P37040	Por	Lumenal; Cytoplasmic	Helical			True		True
P37172	Acvr1	Extracellular; Cytoplasmic	Helical		True	True		True
P37217	Cd69	Cytoplasmic; Extracellular	Helical; Signal-anchor for type II membrane protein			True		True
P37237	Fgf8				True
P37889	Fbln2				True
P38060	Hmgcl								True	literature, APEX_matrix, targetP signal+, mito protein domain, coexpression, MS/MS++	Matrix
P38647	Hspa9								True	APEX_matrix, targetP signal, yeast mito homolog, Rickettsial homolog, mito protein domain, induction, coexpression, MS/MS++	Matrix
P38649	Abo	Cytoplasmic; Lumenal	Helical; Signal-anchor for type II membrane protein			True		True
P39038	Cdh4	Extracellular; Cytoplasmic	Helical		True	True		True
P39039	Mbl1				True
P39061	Col18a1				True
P39087	Grik2	Extracellular; Cytoplasmic	Helical	Helical	True	True	True	True
P39098	Man1a2	Cytoplasmic; Lumenal	Helical; Signal-anchor for type II membrane protein			True		True
P39876	Timp3				True
P40223	Csf3r	Extracellular; Cytoplasmic	Helical		True	True		True
P40224	Cxcl12				True
P40226	Thpo				True
P40237	Cd82	Cytoplasmic; Extracellular	Helical			True		True
P40240	Cd9	Cytoplasmic; Extracellular	Helical			True		True
P40630	Tfam								True	literature, APEX_matrix, targetP signal, mito protein domain, induction, MS/MS++	Matrix
P40749	Syt4	Vesicular; Cytoplasmic	Helical			True		True
P40753	Nppb				True
P41047	Faslg	Cytoplasmic; Extracellular	Helical; Signal-anchor for type II membrane protein			True		True
P41149	Mc5r	Extracellular; Cytoplasmic	Helical			True		True
P41155	Ltb	Cytoplasmic; Extracellular	Helical; Signal-anchor for type II membrane protein			True		True
P41160	Lep				True
P41216	Acsl1	Cytoplasmic	Helical; Signal-anchor for type III membrane protein			True		True	True	yeast mito homolog, Rickettsial homolog, mito protein domain, coexpression	MOM
P41233	Abca1	Extracellular	Helical			True		True
P41234	Abca2		Helical			True
P41245	Mmp9				True
P41251	Slc11a1	Cytoplasmic; Extracellular	Helical			True		True
P41272	Cd27	Extracellular; Cytoplasmic	Helical		True	True		True
P41274	Tnfsf9	Cytoplasmic; Extracellular	Helical; Signal-anchor for type II membrane protein			True		True
P41317	Mbl2				True
P41438	Slc19a1	Cytoplasmic; Extracellular	Helical			True		True
P41539	Tac1				True
P41593	Pth1r	Extracellular; Cytoplasmic	Helical		True	True		True
P41731	Cd63	Cytoplasmic; Extracellular	Helical			True		True
P42082	Cd86	Extracellular; Cytoplasmic	Helical		True	True		True
P42125	Eci1								True	literature, APEX_matrix, targetP signal+, mito protein domain, coexpression+, MS/MS++	Matrix
P42703	Lifr	Extracellular; Cytoplasmic	Helical		True	True		True
P42866	Oprm1	Extracellular; Cytoplasmic	Helical			True		True
P42867	Dpagt1	Lumenal; Cytoplasmic	Helical			True		True
P43006	Slc1a2	Cytoplasmic	Helical	Discontinuously helical		True	True	True
P43021	Nodal				True
P43023	Cox6a2	Mitochondrial matrix; Mitochondrial intermembrane	Helical			True		True	True	literature, yeast mito homolog+, mito protein domain+, induction, coexpression	MIM
P43027	Gdf5				True
P43028	Gdf6				True
P43029	Gdf7				True
P43137	Reg1				True
P43142	Ackr5	Extracellular; Cytoplasmic	Helical			True		True
P43252	Ptgir	Extracellular; Cytoplasmic	Helical			True		True
P43406	Itgav	Extracellular; Cytoplasmic	Helical		True	True		True
P43407	Sdc2	Extracellular; Cytoplasmic	Helical		True	True		True
P43431	Il12a				True
P43432	Il12b				True
P43488	Tnfsf4	Cytoplasmic; Extracellular	Helical; Signal-anchor for type II membrane protein			True		True
P45700	Man1a1	Cytoplasmic; Lumenal	Helical; Signal-anchor for type II membrane protein			True		True
P45952	Acadm								True	literature, APEX_matrix, targetP signal, mito protein domain+, induction, coexpression++, MS/MS++	Matrix
P46096	Syt1	Vesicular; Cytoplasmic	Helical			True		True
P46097	Syt2	Vesicular; Cytoplasmic	Helical			True		True
P46412	Gpx3				True
P46694	Ier3	Cytoplasmic; Extracellular	Helical; Signal-anchor for type II membrane protein			True		True
P46978	Stt3a	Cytoplasmic; Lumenal	Helical			True		True
P47199	Cryz								True	APEX_matrix, mito protein domain, MS/MS	Matrix
P47212	Gal				True
P47738	Aldh2								True	literature, APEX_matrix, targetP signal, yeast mito homolog+, mito protein domain, coexpression, MS/MS++	Matrix
P47740	Aldh3a2	Cytoplasmic	Helical			True		True	True	targetP signal+, yeast mito homolog, mito protein domain, coexpression	Membrane
P47741	Tnfrsf4	Extracellular; Cytoplasmic	Helical		True	True		True
P47743	Grm8	Extracellular; Cytoplasmic	Helical		True	True		True
P47746	Cnr1	Extracellular; Cytoplasmic	Helical			True		True
P47750	Tshr	Extracellular; Cytoplasmic	Helical		True	True		True
P47759	Nsg2	Cytoplasmic; Lumenal	Helical; Signal-anchor for type II membrane protein			True		True
P47774	Ccr7	Extracellular; Cytoplasmic	Helical		True	True		True
P47791	Gsr								True	literature, APEX_matrix, targetP signal+, yeast mito homolog, Rickettsial homolog, mito protein domain, MS/MS++	Matrix
P47873	Il11				True
P47877	Igfbp2				True
P47878	Igfbp3				True
P47879	Igfbp4				True
P47931	Fst				True
P47932	Rln1				True
P47934	Crat								True	literature, APEX_matrix, targetP signal, yeast mito homolog+, mito protein domain, induction, coexpression, MS/MS++	MIM
P47936	Cnr2	Extracellular; Cytoplasmic	Helical			True		True
P47937	Tacr3	Extracellular; Cytoplasmic	Helical			True		True
P47993	Xcl1				True
P48030	Tgfa	Extracellular; Cytoplasmic	Helical		True	True		True
P48168	Glrb	Extracellular; Cytoplasmic	Helical		True	True		True
P48298	Ccl11				True
P48299	Edn3				True
P48302	Ednrb	Extracellular; Cytoplasmic	Helical		True	True		True
P48346	Il15				True
P48356	Lepr	Extracellular; Cytoplasmic	Helical		True	True		True
P48410	Abcd1		Helical			True			True	targetP signal, Rickettsial homolog, mito protein domain, induction	Membrane
P48441	Idua				True
P48540	Gdnf				True
P48542	Kcnj6	Cytoplasmic; Extracellular	Helical	Helical; Pore-forming; Pore-forming		True	True	True
P48543	Kcnj9	Cytoplasmic; Extracellular	Helical	Helical; Pore-forming; Pore-forming		True	True	True
P48545	Kcnj5	Cytoplasmic; Extracellular	Helical	Helical; Pore-forming; Pore-forming		True	True	True
P48614	Wnt10b				True
P48615	Wnt11				True
P48744	Ndp				True
P48756	Gip				True
P48759	Ptx3				True
P48760	Fpgs								True	APEX_matrix, GFP, targetP signal, yeast mito homolog, Rickettsial homolog	Matrix
P48771	Cox7a2	Mitochondrial matrix; Mitochondrial intermembrane	Helical			True		True	True	literature, targetP signal, mito protein domain+, induction, coexpression++, MS/MS++	MIM
P48772	Cox8b	Mitochondrial matrix; Mitochondrial intermembrane	Helical			True		True	True	literature, targetP signal, mito protein domain+, induction, coexpression+, MS/MS++	MIM
P48794	Spam1				True
P48962	Slc25a4	Mitochondrial intermembrane; Mitochondrial matrix	Helical			True		True	True	literature, yeast mito homolog+, mito protein domain+, induction, coexpression, MS/MS++	MIM
P49003	Bmp5				True
P49070	Camlg	Cytoplasmic; Lumenal	Helical			True		True
P49182	Serpind1				True
P49183	Dnase1				True
P49282	Slc11a2	Cytoplasmic; Extracellular	Helical			True		True
P49290	Epx				True
P49300	Clec10a	Cytoplasmic; Extracellular	Helical; Signal-anchor for type II membrane protein			True		True
P49446	Ptpre	Extracellular; Cytoplasmic	Helical		True	True		True
P49582	Chrna7	Extracellular; Cytoplasmic	Helical		True	True		True
P49650	P2ry1	Extracellular; Cytoplasmic	Helical			True		True
P49764	Pgf				True
P49766	Vegfb				True
P49769	Psen1	Cytoplasmic; Lumenal	Helical			True		True
P49772	Flt3lg	Extracellular; Cytoplasmic	Helical		True	True		True
P49817	Cav1	Cytoplasmic		Helical			True	True
P49935	Ctsh				True
P50171	Hsd17b8								True	APEX_matrix, targetP signal, Rickettsial homolog, mito protein domain, coexpression, MS/MS++	Matrix
P50172	Hsd11b1	Cytoplasmic; Lumenal	Helical; Signal-anchor for type II membrane protein			True		True
P50228	Cxcl5				True
P50284	Ltbr	Extracellular; Cytoplasmic	Helical		True	True		True
P50285	Fmo1	Lumenal; Cytoplasmic	Helical			True		True
P50404	Sftpd				True
P50427	Sts	Lumenal; Cytoplasmic	Helical		True	True		True
P50428	Arsa				True
P50429	Arsb				True
P50544	Acadvl								True	literature, APEX_matrix, targetP signal+, mito protein domain+, coexpression+, MS/MS++	MIM
P50571	Gabrb1	Extracellular; Cytoplasmic	Helical		True	True		True
P50592	Tnfsf10	Cytoplasmic; Extracellular	Helical; Signal-anchor for type II membrane protein			True		True
P50636	Rnf19a		Helical			True
P50637	Tspo	Mitochondrial intermembrane; Cytoplasmic	Helical			True		True	True	literature, mito protein domain, MS/MS++	MOM
P50704	Defa6; Defa12				True
P50715	Defa31				True
P50992	Atp4b	Cytoplasmic; Extracellular	Helical; Signal-anchor for type II membrane protein			True		True
P51174	Acadl								True	literature, targetP signal+, mito protein domain+, induction, coexpression+, MS/MS++	MIM
P51175	Ppox								True	literature, APEX_matrix, yeast mito homolog++, mito protein domain, coexpression, MS/MS	MIM
P51180	Mip	Cytoplasmic; Extracellular	Helical	Discontinuously helical		True	True	True
P51436	Drd4	Extracellular; Cytoplasmic	Helical			True		True
P51437	Camp				True
P51491	Opn1sw	Extracellular; Cytoplasmic	Helical			True		True
P51557	Star								True	literature, targetP signal, mito protein domain, coexpression, MS/MS	MOM | IMS
P51569	Gla				True
P51576	P2rx1	Cytoplasmic; Extracellular	Helical			True		True
P51637	Cav3	Cytoplasmic		Helical			True	True
P51655	Gpc4				True
P51658	Hsd17b2		Helical; Signal-anchor for type II membrane protein			True
P51660	Hsd17b4								True	Rickettsial homolog, mito protein domain+, induction, coexpression	unknown
P51670	Ccl9				True
P51675	Ccr1	Extracellular; Cytoplasmic	Helical			True		True
P51676	Ccr1l1	Extracellular; Cytoplasmic	Helical			True		True
P51678	Ccr3	Extracellular; Cytoplasmic	Helical			True		True
P51680	Ccr4	Extracellular; Cytoplasmic	Helical			True		True
P51682	Ccr5	Extracellular; Cytoplasmic	Helical			True		True
P51683	Ccr2	Extracellular; Cytoplasmic	Helical			True		True
P51791	Clcn3	Cytoplasmic	Helical	Helical; Note=Loop between two helices		True	True	True
P51829	Adcy7	Cytoplasmic	Helical			True		True
P51830	Adcy9	Cytoplasmic; Extracellular	Helical			True		True
P51865	Cripto				True
P51881	Slc25a5	Mitochondrial intermembrane; Mitochondrial matrix	Helical			True		True	True	literature, yeast mito homolog+, mito protein domain+, induction, MS/MS++	MIM
P51885	Lum				True
P51906	Slc1a1	Cytoplasmic; Extracellular	Helical	Discontinuously helical		True	True	True
P51910	Apod				True
P51912	Slc1a5	Cytoplasmic; Extracellular	Helical	Discontinuously helical		True	True	True
P51942	Matn1				True
P52019	Sqle	Cytoplasmic					True	True
P52187	Kcnj12	Cytoplasmic; Extracellular	Helical	Helical; Pore-forming		True	True	True
P52189	Kcnj4	Cytoplasmic; Extracellular	Helical	Helical; Pore-forming; Pore-forming		True	True	True
P52194	Clgn	Lumenal; Cytoplasmic	Helical		True	True		True
P52196	Tst								True	literature, APEX_matrix, targetP signal, Rickettsial homolog, mito protein domain, coexpression, MS/MS++	Matrix
P52430	Pon1				True
P52503	Ndufs6								True	literature, APEX_matrix, targetP signal+, mito protein domain+, coexpression++, MS/MS++	MIM
P52592	S1pr2	Extracellular; Cytoplasmic	Helical			True		True
P52760	Rida								True	APEX_matrix, yeast mito homolog++, mito protein domain, coexpression, MS/MS+	Matrix
P52785	Gucy2e	Extracellular; Cytoplasmic	Helical		True	True		True
P52787	Cblif				True
P52793	Efna1				True
P52795	Efnb1	Extracellular; Cytoplasmic	Helical		True	True		True
P52800	Efnb2	Extracellular; Cytoplasmic	Helical		True	True		True
P52801	Efna2				True
P52825	Cpt2	Mitochondrial matrix		Note=Mitochondrial inner membrane			True	True	True	literature, APEX_matrix, targetP signal, yeast mito homolog++, mito protein domain, induction, coexpression+, MS/MS++	MIM
P52850	Ndst2	Cytoplasmic; Lumenal	Helical; Signal-anchor for type II membrane protein			True		True
P52875	Tmem165	Lumenal; Cytoplasmic	Helical		True	True		True
P53347	Osm				True
P53395	Dbt								True	literature, APEX_matrix, targetP signal+, yeast mito homolog+, Rickettsial homolog, mito protein domain+, induction, coexpression+, MS/MS++	Matrix
P53690	Mmp14	Extracellular; Cytoplasmic	Helical		True	True		True
P53798	Fdft1		Helical			True
P53986	Slc16a1	Cytoplasmic; Extracellular	Helical			True		True
P54071	Idh2								True	literature, APEX_matrix, targetP signal+, Rickettsial homolog, mito protein domain, induction, coexpression, MS/MS++	Matrix
P54116	Stom	Cytoplasmic					True	True	True	yeast mito homolog+, Rickettsial homolog, mito protein domain, MS/MS	Membrane
P54265	Dmpk	Cytoplasmic; Lumenal	Helical; Anchor for type IV membrane protein			True		True	True	literature, mito protein domain	MOM
P54320	Eln				True
P54615	Bglap3				True
P54751	St3gal1	Cytoplasmic; Lumenal	Helical; Signal-anchor for type II membrane protein			True		True
P54754	Ephb3	Extracellular; Cytoplasmic	Helical		True	True		True
P54761	Ephb4	Extracellular; Cytoplasmic	Helical		True	True		True
P54763	Ephb2	Extracellular; Cytoplasmic	Helical		True	True		True
P54818	Galc				True
P54830	Ptpn5		Helical			True
P54869	Hmgcs2								True	literature, targetP signal+, Rickettsial homolog, mito protein domain, MS/MS++	Matrix
P54987	Acod1								True	literature,yeast mito homolog, mito protein domain+	Matrix
P55002	Mfap2				True
P55012	Slc12a2	Cytoplasmic; Extracellular	Discontinuously helical; Helical			True		True
P55014	Slc12a1	Cytoplasmic; Extracellular	Helical			True		True
P55065	Pltp				True
P55066	Ncan				True
P55086	F2rl1	Extracellular; Cytoplasmic	Helical		True	True		True
P55088	Aqp4	Cytoplasmic; Extracellular	Helical	Discontinuously helical		True	True	True
P55095	Gcg				True
P55096	Abcd3		Helical			True			True	GFP, targetP signal, Rickettsial homolog, mito protein domain, induction, coexpression	Membrane
P55097	Ctsk				True
P55098	Pex2	Peroxisomal matrix; Cytoplasmic	Helical			True		True
P55105	Bmp8b				True
P55144	Tyro3	Extracellular; Cytoplasmic	Helical		True	True		True
P55284	Cdh5	Extracellular; Cytoplasmic	Helical		True	True		True
P55288	Cdh11	Extracellular; Cytoplasmic	Helical		True	True		True
P55292	Dsc2	Extracellular; Cytoplasmic	Helical		True	True		True
P55302	Lrpap1				True
P55772	Entpd1	Cytoplasmic; Extracellular	Helical			True		True
P55849	Dsc1	Extracellular; Cytoplasmic	Helical		True	True		True
P55850	Dsc3	Extracellular; Cytoplasmic	Helical		True	True		True
P56213	Gfer								True	literature, GFP, targetP signal, yeast mito homolog++, mito protein domain, coexpression, MS/MS	IMS
P56383	Atp5mc2		Helical			True			True	literature, targetP signal+, yeast mito homolog+, Rickettsial homolog, mito protein domain	MIM
P56384	Atp5mc3		Helical			True			True	literature, targetP signal, yeast mito homolog+, Rickettsial homolog, mito protein domain, coexpression++	MIM
P56388	Cartpt				True
P56392	Cox7a1	Mitochondrial matrix; Mitochondrial intermembrane	Helical			True		True	True	literature, targetP signal, mito protein domain+, induction, coexpression, MS/MS+	MIM
P56393	Cox7b	Mitochondrial matrix; Mitochondrial intermembrane	Helical			True		True	True	literature, targetP signal, mito protein domain+, induction, MS/MS+	MIM
P56394	Cox17								True	literature, APEX_IMS, yeast mito homolog, mito protein domain+, induction, coexpression++, MS/MS++	IMS
P56395	Cyb5a		Helical			True
P56402	Aqp2	Cytoplasmic; Extracellular	Helical	Discontinuously helical		True	True	True
P56404	Aqp8	Cytoplasmic; Extracellular	Helical			True		True
P56450	Mc4r	Extracellular; Cytoplasmic	Helical			True		True
P56473	Agrp				True
P56475	Gabrr1	Extracellular; Cytoplasmic	Helical		True	True		True
P56476	Gabrr2	Extracellular; Cytoplasmic	Helical		True	True		True
P56480	Atp5f1b								True	literature, APEX_matrix, targetP signal+, yeast mito homolog++, Rickettsial homolog, mito protein domain, coexpression++, MS/MS++	MIM
P56481	Cckbr	Extracellular; Cytoplasmic	Helical			True		True
P56484	Ccr8	Extracellular; Cytoplasmic	Helical			True		True
P56485	Ackr3	Extracellular; Cytoplasmic	Helical			True		True
P56501	Ucp3	Mitochondrial intermembrane; Mitochondrial matrix	Helical			True		True	True	literature, yeast mito homolog+, mito protein domain+, MS/MS	MIM
P56528	Cd38	Cytoplasmic; Extracellular	Helical; Signal-anchor for type II membrane protein			True		True
P56542	Dnase2				True
P56563	Lim2	Cytoplasmic; Extracellular	Helical			True		True
P56564	Slc1a3	Cytoplasmic; Extracellular	Helical	Discontinuously helical		True	True	True
P56654	Cyp2c37				True
P56655	Cyp2c38				True
P56656	Cyp2c39				True
P56657	Cyp2c40				True
P56677	St14	Cytoplasmic; Extracellular	Helical; Signal-anchor for type II membrane protein			True		True
P56695	Wfs1	Lumenal	Helical			True		True
P56726	Smo	Extracellular; Cytoplasmic	Helical		True	True		True
P56818	Bace1	Extracellular; Cytoplasmic	Helical		True	True		True
P56857	Cldn18	Cytoplasmic; Extracellular	Helical			True		True
P56942	Pmch				True
P56974	Nrg2	Extracellular; Cytoplasmic	Helical; Note=Internal signal sequence			True		True
P57680	Evc	Extracellular; Cytoplasmic	Helical			True		True
P57716	Ncstn	Lumenal; Cytoplasmic	Helical		True	True		True
P57748	Mmp20				True
P57757	Ctns	Lumenal; Cytoplasmic	Helical		True	True		True
P57774	Npy				True
P57787	Slc16a3	Cytoplasmic; Extracellular	Helical			True		True
P57791	Rce1		Helical			True
P58019	Cd59b				True
P58022	Loxl2				True
P58044	Idi1								True	targetP signal, mito protein domain, MS/MS+	Matrix
P58158	B3gat3	Cytoplasmic; Lumenal	Helical; Signal-anchor for type II membrane protein			True		True
P58242	Smpdl3b				True
P58281	Opa1	Mitochondrial matrix; Mitochondrial intermembrane	Helical			True	True	True	True	literature, APEX_IMS, yeast mito homolog++, mito protein domain, induction, coexpression++, MS/MS++	MIM
P58308	Hcrtr2	Extracellular; Cytoplasmic	Helical			True		True
P58355	Slc45a2	Cytoplasmic; Extracellular	Helical			True		True
P58390	Kcnn2		Helical	Pore-forming		True	True
P58391	Kcnn3		Helical	Pore-forming		True	True
P58406	Hrh3	Extracellular; Cytoplasmic	Helical			True		True
P58459	Adamts10				True
P58681	Tlr7	Extracellular; Cytoplasmic	Helical		True	True		True
P58682	Tlr8	Extracellular; Cytoplasmic	Helical		True	True		True
P58735	Slc26a1		Helical			True
P59017	Bcl2l13		Helical			True			True	literature, mito protein domain, coexpression, MS/MS+	MOM
P59158	Slc12a3	Cytoplasmic; Extracellular	Discontinuously helical; Helical			True		True
P59266	Fitm2	Cytoplasmic; Lumenal	Helical			True		True
P59267	Zdhhc2	Cytoplasmic; Lumenal	Helical			True		True
P59268	Zdhhc9	Cytoplasmic; Lumenal	Helical			True		True
P59270	B3gat2	Cytoplasmic; Lumenal	Helical; Signal-anchor for type II membrane protein			True		True
P59384	Adamts15				True
P59509	Adamts19				True
P59511	Adamts20				True
P59648	Fxyd7	Extracellular; Cytoplasmic	Helical			True		True
P59823	Il1rapl1	Extracellular; Cytoplasmic	Helical		True	True		True
P60041	Sst				True
P60202	Plp1	Cytoplasmic; Extracellular	Helical			True		True
P60755	Mdga2				True
P60882	Megf8	Extracellular; Cytoplasmic	Helical		True	True		True
P61014	Pln	Cytoplasmic	Helical			True		True
P61166	Tmem258		Helical			True
P61168	Drd2	Extracellular; Cytoplasmic	Helical			True		True
P61264	Stx1b	Cytoplasmic	Helical; Anchor for type IV membrane protein			True		True
P61364	Ostn				True
P61620	Sec61a1	Cytoplasmic; Lumenal	Helical			True		True
P61622	Itga11	Extracellular; Cytoplasmic	Helical		True	True		True
P61793	Lpar1	Extracellular; Cytoplasmic	Helical			True		True
P61922	Abat								True	literature, APEX_matrix, targetP signal, mito protein domain, MS/MS++	Matrix
P62342	Selenot		Helical		True	True
P62812	Gabra1	Extracellular; Cytoplasmic	Helical		True	True		True
P62897	Cycs								True	literature, APEX_IMS, yeast mito homolog+, Rickettsial homolog, mito protein domain+, MS/MS++	IMS
P63024	Vamp3	Cytoplasmic; Vesicular	Helical; Anchor for type IV membrane protein			True		True
P63038	Hspd1								True	literature, APEX_matrix, targetP signal+, yeast mito homolog++, Rickettsial homolog, mito protein domain, MS/MS++	Matrix
P63044	Vamp2	Cytoplasmic; Vesicular	Helical; Anchor for type IV membrane protein			True		True
P63080	Gabrb3	Extracellular; Cytoplasmic	Helical		True	True		True
P63082	Atp6v0c	Lumenal; Cytoplasmic	Helical			True		True
P63089	Ptn				True
P63115	Slc7a10		Helical			True
P63137	Gabrb2	Extracellular; Cytoplasmic	Helical		True	True		True
P63141	Kcna2	Cytoplasmic; Extracellular	Helical; Helical; Voltage-sensor	Helical		True	True	True
P63239	Pcsk1				True
P63250	Kcnj3	Cytoplasmic; Extracellular	Helical	Helical; Pore-forming; Pore-forming		True	True	True
P63277	Amelx				True
P67778	Phb1								True	literature, yeast mito homolog+, Rickettsial homolog, mito protein domain, induction, coexpression++, MS/MS++	MIM
P68500	Cntn5				True
P69744	Trpv5	Cytoplasmic; Extracellular	Helical	Pore-forming		True	True	True
P70126	St8sia5	Cytoplasmic; Lumenal	Helical; Signal-anchor for type II membrane protein			True		True
P70158	Smpdl3a				True
P70160	Calca				True
P70170	Abcc9	Extracellular; Cytoplasmic	Helical			True		True
P70172	Slc10a2	Extracellular; Cytoplasmic	Helical			True		True
P70174	Hrh1	Extracellular; Cytoplasmic	Helical			True		True
P70180	Npr3	Extracellular; Cytoplasmic	Helical		True	True		True
P70186	Epyc				True
P70187	Slc71a1	Extracellular; Cytoplasmic	Helical			True		True
P70193	Lrig1	Extracellular; Cytoplasmic	Helical		True	True		True
P70194	Clec4f	Cytoplasmic; Extracellular	Helical; Signal-anchor for type II membrane protein			True		True
P70205	Adcyap1r1	Extracellular; Cytoplasmic	Helical		True	True		True
P70206	Plxna1	Extracellular; Cytoplasmic	Helical		True	True		True
P70207	Plxna2	Extracellular; Cytoplasmic	Helical		True	True		True
P70208	Plxna3	Extracellular; Cytoplasmic	Helical		True	True		True
P70211	Dcc	Extracellular; Cytoplasmic	Helical		True	True		True
P70224	Gimap1	Cytoplasmic; Lumenal	Helical; Anchor for type IV membrane protein			True		True
P70227	Itpr3	Cytoplasmic; Extracellular	Helical			True		True
P70232	Chl1	Extracellular; Cytoplasmic	Helical		True	True		True
P70245	Ebp		Helical			True
P70259	Gpr143	Extracellular; Cytoplasmic	Helical			True		True
P70263	Ptgdr	Extracellular; Cytoplasmic	Helical			True		True
P70269	Ctse				True
P70274	Selenop				True
P70275	Sema3e				True
P70277	St6galnac2	Cytoplasmic; Lumenal	Helical; Signal-anchor for type II membrane protein			True		True
P70280	Vamp7	Cytoplasmic; Vesicular	Helical; Anchor for type IV membrane protein			True		True
P70289	Ptprv	Extracellular; Cytoplasmic	Helical		True	True		True
P70302	Stim1	Extracellular; Cytoplasmic	Helical		True	True		True
P70310	Ntsr2	Extracellular; Cytoplasmic	Helical			True		True
P70312	Has2	Cytoplasmic; Extracellular	Helical			True		True
P70345	Bcl2l2								True	literature, mito protein domain	MOM
P70349	Hint1								True	Rickettsial homolog, mito protein domain, coexpression	unknown
P70352	Art5				True
P70375	F7				True
P70387	Hfe	Extracellular; Cytoplasmic	Helical		True	True		True
P70406	Ucp2	Mitochondrial intermembrane; Mitochondrial matrix	Helical			True		True	True	literature, yeast mito homolog+, mito protein domain+	MIM
P70407	Cdh9	Extracellular; Cytoplasmic	Helical		True	True		True
P70408	Cdh10	Extracellular; Cytoplasmic	Helical		True	True		True
P70412	Cuzd1	Lumenal; Cytoplasmic	Helical		True	True		True
P70414	Slc8a1	Extracellular; Cytoplasmic	Helical		True	True		True
P70419	Galnt3	Cytoplasmic; Lumenal	Helical; Signal-anchor for type II membrane protein			True		True
P70423	Slc7a3	Cytoplasmic; Extracellular	Helical			True		True
P70424	Erbb2	Extracellular; Cytoplasmic	Helical		True	True		True
P70428	Ext2	Cytoplasmic; Lumenal	Helical; Signal-anchor for type II membrane protein			True		True
P70444	Bid								True	literature, mito protein domain, coexpression	MOM
P70452	Stx4	Cytoplasmic; Extracellular	Helical; Anchor for type IV membrane protein			True		True
P70458	Serpina5				True
P70658	Cxcr4	Extracellular; Cytoplasmic	Helical			True		True
P70665	Siae				True
P70669	Phex	Cytoplasmic; Extracellular	Helical; Signal-anchor for type II membrane protein			True		True
P70677	Casp3								True	literature,mito protein domain	IMS
P70689	Gjb6	Cytoplasmic; Extracellular	Helical			True		True
P70699	Gaa				True
P70701	Wnt10a				True
P70704	Atp8a1	Cytoplasmic; Exoplasmic loop	Helical			True		True
P80560	Ptprn2	Extracellular; Cytoplasmic	Helical		True	True		True
P81117	Nucb2				True
P81615	Ucn				True
P82198	Tgfbi				True
P82347	Sgcd	Cytoplasmic; Extracellular	Helical; Signal-anchor for type II membrane protein			True		True
P82348	Sgcg	Cytoplasmic; Extracellular	Helical; Signal-anchor for type II membrane protein			True		True
P82349	Sgcb	Cytoplasmic; Extracellular	Helical; Signal-anchor for type II membrane protein			True		True
P82350	Sgca	Extracellular; Cytoplasmic	Helical		True	True		True
P83093	Stim2	Extracellular; Cytoplasmic	Helical		True	True		True
P83503	Nyx				True
P84084	Arf5								True	targetP signal, mito protein domain, coexpression, MS/MS	unknown
P84309	Adcy5	Cytoplasmic; Extracellular	Helical			True		True
P84444	Ccl21a				True
P86044	Ano9	Cytoplasmic; Extracellular	Helical			True		True
P86046	Kcnj13	Cytoplasmic; Extracellular	Helical	Helical; Pore-forming		True	True	True
P86176	Tigit	Extracellular; Cytoplasmic	Helical		True	True		True
P86546	Bglap				True
P86547	Bglap2				True
P86792	Ccl21b				True
P97287	Mcl1		Helical			True			True	manual, targetP signal, mito protein domain	MOM
P97288	Htr4	Extracellular; Cytoplasmic	Helical			True		True
P97291	Cdh8	Extracellular; Cytoplasmic	Helical		True	True		True
P97292	Hrh2	Extracellular; Cytoplasmic	Helical			True		True
P97295	Npy2r	Extracellular; Cytoplasmic	Helical			True		True
P97297	Adm				True
P97298	Serpinf1				True
P97299	Sfrp2				True
P97300	Nptn	Extracellular; Cytoplasmic	Helical		True	True		True
P97321	Fap	Cytoplasmic; Extracellular	Helical; Signal-anchor for type II membrane protein			True		True
P97325	St3gal3	Cytoplasmic; Lumenal	Helical; Signal-anchor for type II membrane protein			True		True
P97326	Cdh6	Extracellular; Cytoplasmic	Helical		True	True		True
P97333	Nrp1	Extracellular; Cytoplasmic	Helical		True	True		True
P97353	Sec1	Cytoplasmic; Lumenal	Helical; Signal-anchor for type II membrane protein			True		True
P97361	Bpifa1				True
P97363	Sptlc2		Helical			True			True	GFP, Rickettsial homolog, mito protein domain	Membrane
P97370	Atp1b3	Cytoplasmic; Extracellular	Helical; Signal-anchor for type II membrane protein			True		True
P97378	Il12rb2	Extracellular; Cytoplasmic	Helical		True	True		True
P97391	Pla2g5				True
P97399	Dspp				True
P97401	Frzb				True
P97402	Gcnt2	Cytoplasmic; Lumenal	Helical; Signal-anchor for type II membrane protein			True		True
P97414	Kcnq1	Cytoplasmic; Extracellular	Helical; Helical; Voltage-sensor	Pore-forming		True	True	True
P97430	Slpi				True
P97432	Nbr1								True	APEX_IMS, coexpression	IMS
P97438	Kcnk2	Cytoplasmic	Helical	Pore-forming		True	True	True
P97441	Slc30a3	Cytoplasmic; Lumenal	Helical			True		True
P97445	Cacna1a	Cytoplasmic; Extracellular	Helical			True		True
P97449	Anpep	Cytoplasmic; Extracellular	Helical; Signal-anchor for type II membrane protein			True		True
P97463	Nrtn				True
P97464	Ext1	Cytoplasmic; Lumenal	Helical; Signal-anchor for type II membrane protein			True		True
P97466	Nog				True
P97467	Pam	Intragranular; Cytoplasmic	Helical		True	True		True
P97468	Cmklr1	Extracellular; Cytoplasmic	Helical			True		True
P97478	Coq7								True	literature, targetP signal, yeast mito homolog++, Rickettsial homolog, mito protein domain+, coexpression++, MS/MS++	MIM
P97484	Pirb	Extracellular; Cytoplasmic	Helical		True	True		True
P97490	Adcy8	Cytoplasmic	Helical			True		True
P97501	Fmo3		Helical			True
P97714	Adra1d	Extracellular; Cytoplasmic	Helical			True		True
P97717	Adra1b	Extracellular; Cytoplasmic	Helical			True		True
P97718	Adra1a	Extracellular; Cytoplasmic	Helical			True		True
P97737	Gdf10				True
P97742	Cpt1a	Cytoplasmic; Mitochondrial intermembrane	Helical			True		True	True	literature, yeast mito homolog+, mito protein domain, induction, coexpression, MS/MS++	MOM
P97766	Cfc1				True
P97772	Grm1	Extracellular; Cytoplasmic	Helical		True	True		True
P97784	Cry1								True	literature, yeast mito homolog, mito protein domain, coexpression	unknown
P97785	Gfra1				True
P97792	Cxadr	Extracellular; Cytoplasmic	Helical		True	True		True
P97793	Alk	Extracellular; Cytoplasmic	Helical		True	True		True
P97794	Kcnj8	Cytoplasmic; Extracellular	Helical	Helical; Pore-forming; Pore-forming		True	True	True
P97797	Sirpa	Extracellular; Cytoplasmic	Helical		True	True		True
P97798	Neo1	Extracellular; Cytoplasmic	Helical		True	True		True
P97802	Ang3				True
P97807	Fh								True	literature, APEX_matrix, targetP signal+, yeast mito homolog, Rickettsial homolog, mito protein domain, induction, coexpression++, MS/MS++	Matrix
P97808	Fxyd5	Extracellular; Cytoplasmic	Helical		True	True		True
P97812	Ihh				True
P97819	Pla2g6		Helical			True
P97821	Ctsc				True
P97823	Lypla1								True	Rickettsial homolog, mito protein domain, coexpression, MS/MS++	unknown
P97857	Adamts1				True
P97872	Fmo5		Helical			True
P97873	Loxl1				True
P97926	Oxtr	Extracellular; Cytoplasmic	Helical			True		True
P97927	Lama4				True
P97931	Ung								True	literature, targetP signal, yeast mito homolog, mito protein domain, induction	Matrix
P97946	Vegfd				True
P97952	Scn1b	Extracellular; Cytoplasmic	Helical		True	True		True
P97953	Vegfc				True
P98063	Bmp1				True
P98064	Masp1				True
P98086	C1qa				True
P98156	Vldlr	Extracellular; Cytoplasmic	Helical		True	True		True
P98191	Cds1		Helical			True
P98197	Atp11a	Cytoplasmic; Extracellular	Helical			True		True
P98199	Atp8b2	Cytoplasmic; Exoplasmic loop	Helical			True		True
P98200	Atp8a2	Cytoplasmic; Exoplasmic loop	Helical			True		True
P99028	Uqcrh								True	literature, APEX_IMS, yeast mito homolog++, mito protein domain+, induction, coexpression++, MS/MS++	MIM
P99029	Prdx5								True	literature, APEX_matrix, targetP signal, mito protein domain, induction, MS/MS++	Matrix
Q00262	Stx2	Cytoplasmic	Helical; Anchor for type IV membrane protein			True		True
Q00342	Flt3	Extracellular; Cytoplasmic	Helical		True	True		True
Q00493	Cpe				True
Q00560	Il6st	Extracellular; Cytoplasmic	Helical		True	True		True
Q00609	Cd80	Extracellular; Cytoplasmic	Helical		True	True		True
Q00623	Apoa1				True
Q00651	Itga4	Extracellular; Cytoplasmic	Helical		True	True		True
Q00690	Sele	Extracellular; Cytoplasmic	Helical		True	True		True
Q00724	Rbp4				True
Q00780	Col8a1				True
Q00896	Serpina1c				True
Q00897	Serpina1d				True
Q00898	Serpina1e				True
Q00941	Csf2ra	Extracellular; Cytoplasmic	Helical		True	True		True
Q00977	Gjb2	Cytoplasmic; Extracellular	Helical			True	True	True
Q00993	Axl	Extracellular; Cytoplasmic	Helical		True	True		True
Q01097	Grin2b	Extracellular; Cytoplasmic	Helical	Discontinuously helical	True	True	True	True
Q01098	Grin2c	Extracellular; Cytoplasmic	Helical	Discontinuously helical	True	True	True	True
Q01102	Selp	Extracellular; Cytoplasmic	Helical		True	True		True
Q01114	Il9r	Extracellular; Cytoplasmic	Helical		True	True		True
Q01149	Col1a2				True
Q01231	Gja5	Cytoplasmic; Extracellular	Helical			True		True
Q01237	Hmgcr	Cytoplasmic; Lumenal	Helical			True		True
Q01279	Egfr	Extracellular; Cytoplasmic	Helical		True	True		True
Q01337	Adra2c	Extracellular; Cytoplasmic	Helical			True		True
Q01338	Adra2a	Extracellular; Cytoplasmic	Helical			True		True
Q01339	Apoh				True
Q01341	Adcy6	Cytoplasmic; Extracellular	Helical			True		True
Q01705	Notch1	Extracellular; Cytoplasmic	Helical		True	True		True
Q01721	Gas1				True
Q01727	Mc1r	Extracellular; Cytoplasmic	Helical			True		True
Q01755	Tcp11		Helical			True
Q01815	Cacna1c	Cytoplasmic; Extracellular	Helical	Pore-forming		True	True	True
Q01887	Ryk	Extracellular; Cytoplasmic	Helical		True	True		True
Q01965	Ly9	Extracellular; Cytoplasmic	Helical		True	True		True
Q02013	Aqp1	Cytoplasmic; Extracellular	Helical			True	True	True
Q02105	C1qc				True
Q02152	Htr2b	Extracellular; Cytoplasmic	Helical			True		True
Q02242	Pdcd1	Extracellular; Cytoplasmic	Helical		True	True		True
Q02496	Muc1	Extracellular; Cytoplasmic	Helical		True	True		True
Q02596	Glycam1				True
Q02738	Gjb4	Cytoplasmic; Extracellular	Helical			True	True	True
Q02788	Col6a2				True
Q02789	Cacna1s	Cytoplasmic; Extracellular	Helical	Pore-forming		True	True	True
Q02819	Nucb1				True
Q02844	Tpsab1				True
Q02853	Mmp11				True
Q02858	Tek	Extracellular; Cytoplasmic	Helical		True	True		True
Q03137	Epha4	Extracellular; Cytoplasmic	Helical		True	True		True
Q03142	Fgfr4	Extracellular; Cytoplasmic	Helical		True	True		True
Q03145	Epha2	Extracellular; Cytoplasmic	Helical		True	True		True
Q03146	Ddr1	Extracellular; Cytoplasmic	Helical		True	True		True
Q03157	Aplp1	Extracellular; Cytoplasmic	Helical		True	True		True
Q03265	Atp5f1a								True	literature, APEX_matrix, targetP signal+, yeast mito homolog++, Rickettsial homolog, mito protein domain, induction, coexpression++, MS/MS++	MIM
Q03288	Asip				True
Q03311	Bche				True
Q03350	Thbs2				True
Q03366	Ccl7				True
Q03391	Grin2d	Extracellular; Cytoplasmic	Helical	Discontinuously helical	True	True	True	True
Q03404	Tff2				True
Q03517	Scg2				True
Q03717	Kcnb1	Cytoplasmic; Extracellular	Helical; Helical; Voltage-sensor	Helical		True	True	True
Q03719	Kcnd1	Cytoplasmic; Extracellular	Helical; Helical; Voltage-sensor	Helical		True	True	True
Q04519	Smpd1				True
Q04573	Npy1r	Extracellular; Cytoplasmic	Helical			True		True
Q04592	Pcsk5	Extracellular; Cytoplasmic	Helical		True	True		True
Q04646	Fxyd2		Helical			True
Q04683	Cxcr5	Extracellular; Cytoplasmic	Helical			True		True
Q04857	Col6a1				True
Q04997	Inha				True
Q04998	Inhba				True
Q04999	Inhbb				True
Q05020	Apoc2				True
Q05117	Acp5				True
Q05306	Col10a1				True
Q05722	Col9a1				True
Q05769	Ptgs2				True
Q05793	Hspg2				True
Q05895	Thbs3				True
Q05909	Ptprg	Extracellular; Cytoplasmic	Helical		True	True		True
Q05910	Adam8	Extracellular; Cytoplasmic	Helical		True	True		True
Q05928	Btc	Extracellular; Cytoplasmic	Helical		True	True		True
Q059Y8	Dcst1	Cytoplasmic; Extracellular	Helical			True		True
Q05BQ1	Igsf9	Extracellular; Cytoplasmic	Helical		True	True		True
Q06186	Hbegf	Extracellular; Cytoplasmic	Helical		True	True		True
Q06194	F8				True
Q06318	Scgb1a1				True
Q06335	Aplp2	Extracellular; Cytoplasmic	Helical		True	True		True
Q06770	Serpina6				True
Q06806	Tie1	Extracellular; Cytoplasmic	Helical		True	True		True
Q06890	Clu				True
Q07079	Igfbp5				True
Q07104	Gdf3				True
Q07105	Gdf9				True
Q07113	Igf2r	Lumenal; Cytoplasmic	Helical		True	True		True
Q07235	Serpine2				True
Q07456	Ambp				True
Q07563	Col17a1	Cytoplasmic; Extracellular	Helical; Signal-anchor for type II membrane protein			True		True
Q07646	Mest		Helical			True
Q07763	Cd244	Extracellular; Cytoplasmic	Helical		True	True		True
Q07813	Bax		Helical			True			True	literature, mito protein domain, coexpression, MS/MS++	MOM
Q08048	Hgf				True
Q08351	Mpl	Extracellular; Cytoplasmic	Helical		True	True		True
Q08460	Kcnma1	Extracellular; Cytoplasmic	Helical; Helical; Voltage-sensor	Pore-forming		True	True	True
Q08481	Pecam1	Extracellular; Cytoplasmic	Helical		True	True		True
Q08501	Prlr	Extracellular; Cytoplasmic	Helical		True	True		True
Q08535	Sct				True
Q08857	Cd36	Cytoplasmic; Extracellular	Helical			True		True
Q08879	Fbln1				True
Q08890	Ids				True
Q09098	Pate4				True
Q09143	Slc7a1	Cytoplasmic; Extracellular	Helical			True		True
Q09163	Dlk1	Extracellular; Cytoplasmic	Helical		True	True		True
Q09199	B4galnt2	Cytoplasmic; Lumenal	Helical; Signal-anchor for type II membrane protein			True		True
Q09200	B4galnt1	Cytoplasmic; Lumenal	Helical; Signal-anchor for type II membrane protein			True		True
Q09324	Gcnt1	Cytoplasmic; Lumenal	Helical; Signal-anchor for type II membrane protein			True		True
Q09PK2	Asprv1		Helical			True
Q0GUM3	Gm12250		Helical			True
Q0P543	Gipr	Extracellular; Cytoplasmic	Helical		True	True		True
Q0P5V9	Slc45a4	Cytoplasmic; Extracellular	Helical			True		True
Q0PMG2	Mdga1				True
Q0VB07	Pglyrp4				True
Q0VBD0	Itgb8	Extracellular; Cytoplasmic	Helical		True	True		True
Q0VDU3	Gpr15	Extracellular; Cytoplasmic	Helical			True		True
Q0VF58	Col19a1				True
Q0VGU4	Vgf				True
Q10470	Mgat3	Cytoplasmic; Lumenal	Helical; Signal-anchor for type II membrane protein			True		True
Q10738	Mmp7				True
Q11127	Fut4	Cytoplasmic; Lumenal	Helical; Signal-anchor for type II membrane protein			True		True
Q11131	Fut7	Cytoplasmic; Lumenal	Helical; Signal-anchor for type II membrane protein			True		True
Q11204	St3gal2	Cytoplasmic; Lumenal	Helical; Signal-anchor for type II membrane protein			True		True
Q148R9	Rgs9bp	Cytoplasmic; Extracellular	Helical; Anchor for type IV membrane protein			True		True
Q148W0	Atp8b1	Cytoplasmic; Exoplasmic loop	Helical			True		True
Q149L7	Crtam	Extracellular; Cytoplasmic	Helical		True	True		True
Q14A28	Prok1				True
Q14AK4	Zdhhc11	Cytoplasmic; Lumenal	Helical			True		True
Q14AT5	Ano7	Cytoplasmic; Extracellular	Helical			True		True
Q14B02	Rnf133		Helical			True
Q14B62	ptchd1		Helical			True
Q14B80	Kcnc2	Cytoplasmic	Helical; Helical; Voltage-sensor			True		True
Q14BI2	Grm2	Extracellular; Cytoplasmic	Helical		True	True		True
Q14BT6	A4gnt	Cytoplasmic; Lumenal	Helical; Signal-anchor for type II membrane protein			True		True
Q14BU0	Ucma				True
Q14BX2	Prss55				True
Q14CH7	Aars2								True	literature, APEX_matrix, targetP signal, yeast mito homolog, Rickettsial homolog, mito protein domain, MS/MS	Matrix
Q14DK4	Gpat2	Cytoplasmic; Mitochondrial intermembrane	Helical			True		True	True	manual, mito protein domain	MOM
Q17ST2	Kcna7		Helical; Helical; Voltage-sensor			True
Q18PI6	Cd84	Extracellular; Cytoplasmic	Helical		True	True		True
Q1A3B0	Cers3	Cytoplasmic	Helical			True		True
Q1ERP8	Cd300lg	Extracellular; Cytoplasmic	Helical		True	True		True
Q1HCM0	Fgfbp3				True
Q1HFZ0	Nsun2								True	literature,mito protein domain	Matrix
Q1JRP2	Tmprss11c	Cytoplasmic; Extracellular	Helical; Signal-anchor for type II membrane protein			True		True
Q2EG98	Pkd1l3	Extracellular; Cytoplasmic	Helical		True	True		True
Q2EY15	Prtg	Extracellular; Cytoplasmic	Helical		True	True		True
Q2HJ10	Slc30a2	Cytoplasmic; Lumenal	Helical			True		True
Q2HXL6	Edem3				True
Q2MKA5	Chrna5	Cytoplasmic; Extracellular	Helical		True	True		True
Q2MV57	Tctn2	Extracellular; Cytoplasmic	Helical		True	True		True
Q2PZL6	Fat4	Extracellular; Cytoplasmic	Helical		True	True		True
Q2Q5T5	Mymx	Cytoplasmic; Extracellular	Helical			True		True
Q2QI47	Ush2A	Extracellular; Cytoplasmic	Helical		True	True		True
Q2QKR2	Fbxw7-as1	Extracellular; Cytoplasmic	Helical			True		True
Q2TB54	Fcamr	Extracellular; Cytoplasmic	Helical		True	True		True
Q2TJ95	Rspo3				True
Q2TV84	Trpm1	Cytoplasmic; Extracellular	Helical			True		True
Q2UY11	Col28a1				True
Q2VWQ2	Nell1				True
Q2WF71	Lrfn1	Extracellular; Cytoplasmic	Helical		True	True		True
Q31125	Slc39a7		Helical			True
Q32M21	Gsdma2		Beta stranded			True
Q32MD9	Cdon	Extracellular; Cytoplasmic	Helical		True	True		True
Q33DR2	Pdss1								True	APEX_matrix, targetP signal, yeast mito homolog+, Rickettsial homolog, mito protein domain, coexpression	MIM
Q33DR3	Pdss2								True	literature, APEX_matrix, targetP signal, yeast mito homolog+, Rickettsial homolog, mito protein domain, coexpression+	MIM
Q3KNA1	Mrgprb2	Extracellular; Cytoplasmic	Helical			True		True
Q3KNM2	Marchf5		Helical			True			True	literature, mito protein domain, coexpression, MS/MS	MOM
Q3LHH8	Esp1				True
Q3LRV9	Treml4	Extracellular; Cytoplasmic	Helical		True	True		True
Q3LS21	Kcnk9	Cytoplasmic; Extracellular	Helical	Pore-forming		True	True	True
Q3MI99	Ccbe1				True
Q3SXB8	Colec11				True
Q3T9M1	Mfsd2b		Helical			True
Q3T9X0	Slc2a9	Cytoplasmic; Extracellular	Helical			True		True
Q3TA59	Jmjd8				True
Q3TAS6	Emc10	Lumenal; Cytoplasmic	Helical		True	True		True
Q3TB92	Milr1	Extracellular; Cytoplasmic	Helical		True	True		True
Q3TBT3	Sting1	Cytoplasmic; Lumenal	Helical			True		True
Q3TBV4	Kcnk6	Cytoplasmic	Helical	Pore-forming		True	True	True
Q3TCN2	Plbd2				True
Q3TCT4	Entpd7	Cytoplasmic; Vesicular	Helical			True		True
Q3TD49	Sppl2b	Lumenal; Cytoplasmic	Helical		True	True		True
Q3TDN0	Disp1		Helical			True
Q3TDQ1	Stt3b	Cytoplasmic; Lumenal	Helical			True		True
Q3TFD2	Lpcat1	Cytoplasmic; Lumenal	Helical; Signal-anchor for type II membrane protein			True		True
Q3TH73	Ttyh2	Extracellular; Cytoplasmic	Helical			True		True
Q3TIU4	Pde12								True	APEX_matrix, targetP signal+, mito protein domain	Matrix
Q3TIW9	Enpp7	Extracellular; Cytoplasmic	Helical		True	True		True
Q3TL44	Nlrx1								True	APEX_matrix, targetP signal, MS/MS	Matrix
Q3TMP8	Tmem38a	Lumenal; Cytoplasmic	Helical;Name=1; Helical;Name=2; Helical;Name=3; Helical;Name=4; Helical;Name=5; Helical;Name=6; Helical;Name=7			True		True
Q3TMQ6	Ang4				True
Q3TMX7	Qsox2		Helical		True	True
Q3TNH5	Arb2a				True
Q3TP92	Ctdnep1		Helical			True
Q3TR08	Fndc4	Extracellular; Cytoplasmic	Helical		True	True		True
Q3TRM4	Pnpla6	Lumenal; Cytoplasmic	Helical			True		True
Q3TTE0	Adam5	Extracellular; Cytoplasmic	Helical		True	True		True
Q3TTY0	Plb1	Extracellular; Cytoplasmic	Helical		True	True		True
Q3TUA9	Pomk	Cytoplasmic; Lumenal	Helical; Signal-anchor for type II membrane protein			True		True
Q3TVA9	Ccdc136		Helical			True
Q3TWI9	Tmem63b	Extracellular; Cytoplasmic	Helical			True		True
Q3TWL2	Pip4p1		Helical			True
Q3TWN3	Cnnm2	Extracellular; Cytoplasmic	Helical	Helical		True	True	True
Q3TXX3	Zfyve27	Cytoplasmic; Lumenal	Helical	Helical		True	True	True
Q3TXX4	Slc17a7	Cytoplasmic; Extracellular	Helical			True		True
Q3TYD4	Arsg				True
Q3TYD6	Lmtk2	Cytoplasmic; Lumenal	Helical			True		True
Q3TZW0	Ecscr	Extracellular; Cytoplasmic	Helical		True	True		True
Q3TZX3	Slc25a33		Helical			True			True	literature, yeast mito homolog+, mito protein domain+	MIM
Q3TZZ7	Esyt2	Cytoplasmic; Lumenal	Helical			True		True
Q3U034	Mettl4								True	literature	Matrix
Q3U0B3	Dhrs11				True
Q3U0P5	Entpd6	Cytoplasmic; Lumenal	Helical			True		True
Q3U145	Tmem64		Helical			True
Q3U1F9	Pag1	Extracellular; Cytoplasmic	Helical; Signal-anchor for type III membrane protein			True		True
Q3U1J0	Slc38a5	Cytoplasmic; Extracellular	Helical			True		True
Q3U1N2	Srebf2	Cytoplasmic; Lumenal	Helical			True		True
Q3U213	Serac1		Helical			True			True	literature, APEX_IMS, targetP signal	MOM
Q3U284	Tmem231		Helical			True
Q3U2C5	Rnf149		Helical		True	True
Q3U2S8	Hvcn1	Cytoplasmic; Extracellular	Helical			True		True
Q3U2U7	Mettl17								True	GFP, targetP signal+, yeast mito homolog++, mito protein domain+	Matrix
Q3U3R4	Lmf1	Cytoplasmic; Lumenal	Helical			True		True
Q3U435	Mmp25		Helical			True
Q3U481	Mfsd12	Cytoplasmic; Lumenal	Helical			True		True
Q3U492	Kcp				True
Q3U497	Cd300lb	Extracellular; Cytoplasmic	Helical		True	True		True
Q3U4G3	Xxylt1	Cytoplasmic; Lumenal	Helical; Signal-anchor for type II membrane protein			True		True
Q3U507	Gpr174	Extracellular; Cytoplasmic	Helical			True		True
Q3U5F4	Yrdc								True	manual, targetP signal, Rickettsial homolog	Matrix
Q3U5Q7	Cmpk2								True	literature, targetP signal+, Rickettsial homolog, MS/MS	Matrix
Q3U6B2	Gpr183	Extracellular; Cytoplasmic	Helical			True		True
Q3U6K5	Spata6				True
Q3U7R1	Esyt1	Cytoplasmic; Lumenal	Helical			True		True
Q3U827	Rnf180	Cytoplasmic; Extracellular	Helical			True		True
Q3U962	Col5a2				True
Q3U9G9	Lbr	Nuclear	Helical			True		True
Q3U9N9	Slc16a10	Cytoplasmic; Extracellular	Helical			True		True
Q3UDW8	Hgsnat	Lumenal, vesicle; Cytoplasmic	Helical			True		True
Q3UEG6	Agxt2								True	literature, targetP signal, yeast mito homolog++, mito protein domain, MS/MS+	Matrix
Q3UEZ8	Slc10a4	Extracellular; Cytoplasmic	Helical			True		True
Q3UFB7	Ntrk1	Extracellular; Cytoplasmic	Helical		True	True		True
Q3UFD7	Ffar3	Extracellular; Cytoplasmic	Helical			True		True
Q3UFJ6	Tmem184a		Helical			True
Q3UFY8	Trmt10c								True	literature, APEX_matrix, GFP, targetP signal+, mito protein domain, coexpression	Matrix
Q3UGX3	Nat8l		Helical			True			True	literature	Membrane
Q3UH53	Sdk1	Extracellular; Cytoplasmic	Helical		True	True		True
Q3UH93	Plxnd1	Extracellular; Cytoplasmic	Helical		True	True		True
Q3UH99	Shisa6	Extracellular; Cytoplasmic	Helical		True	True		True
Q3UHD1	Adgrb1	Extracellular; Cytoplasmic	Helical		True	True		True
Q3UHK1	Slc2a13	Cytoplasmic; Extracellular	Helical			True		True
Q3UHK6	Tenm4	Cytoplasmic; Extracellular	Helical			True		True
Q3UHN9	Ndst1	Cytoplasmic; Lumenal	Helical; Signal-anchor for type II membrane protein			True		True
Q3UIJ9	Myzap				True
Q3UJD6	Usp19	Cytoplasmic; Lumenal	Helical			True		True
Q3UJU9	Rmdn3	Mitochondrial intermembrane; Cytoplasmic	Helical			True		True	True	literature, APEX_IMS, GFP, MS/MS++	MOM
Q3ULF4	Spg7	Mitochondrial matrix; Mitochondrial intermembrane	Helical			True		True	True	literature, targetP signal+, yeast mito homolog, Rickettsial homolog, mito protein domain+, coexpression+, MS/MS	MIM
Q3UMR5	Mcu	Mitochondrial matrix; Mitochondrial intermembrane	Helical			True		True	True	literature, GFP, targetP signal, mito protein domain+, MS/MS++	MIM
Q3UMW8	Cln5	Cytoplasmic; Lumenal	Helical; Signal-anchor for type II membrane protein			True		True
Q3UMZ3	Plpp5	Extracellular; Cytoplasmic	Helical			True		True
Q3UN02	Lclat1		Helical			True
Q3UN04	Usp30	Mitochondrial intermembrane; Cytoplasmic	Helical			True		True	True	literature,targetP signal+, mito protein domain	MOM
Q3UNX5	Acsm3								True	literature, targetP signal, yeast mito homolog, Rickettsial homolog, mito protein domain, MS/MS++	Matrix
Q3UP87	Elane				True
Q3UQ28	Pxdn				True
Q3UR32	P2rx3	Cytoplasmic; Extracellular	Helical			True		True
Q3UR78	Nicol1				True
Q3UR85	Myrf	Cytoplasmic; Lumenal	Helical			True		True
Q3URD3	Slmap	Cytoplasmic; Extracellular	Helical; Anchor for type IV membrane protein			True		True
Q3URS9	Ccdc51	Mitochondrial matrix; Mitochondrial intermembrane	Helical			True		True	True	APEX_matrix, targetP signal, MS/MS++	MIM
Q3UTY6	Thsd4				True
Q3UU35	A2ml1				True
Q3UU41	Scimp		Helical			True
Q3UUI3	Them4								True	literature, APEX_matrix, targetP signal, yeast mito homolog, mito protein domain, induction, MS/MS++	MIM
Q3UUQ7	Pgap1	Cytoplasmic; Lumenal	Helical			True		True
Q3UUY6	Prom2	Extracellular; Cytoplasmic	Helical		True	True		True
Q3UV74	Itgb2l	Extracellular; Cytoplasmic	Helical		True	True		True
Q3UVD5	Lgr6	Extracellular; Cytoplasmic	Helical		True	True		True
Q3UVK0	Ermp1	Cytoplasmic; Lumenal	Helical			True		True
Q3UVU3	Slc30a10	Cytoplasmic; Extracellular	Helical			True		True
Q3UVX5	Grm5	Extracellular; Cytoplasmic	Helical		True	True		True
Q3UW12	Cnga4	Cytoplasmic; Extracellular	Helical			True		True
Q3UWA6	Gucy2c	Extracellular; Cytoplasmic	Helical		True	True		True
Q3UZP0	Marveld2	Cytoplasmic; Extracellular	Helical			True		True
Q3UZV7	Elapor2	Extracellular; Cytoplasmic	Helical		True	True		True
Q3V050	Slc47a2	Cytoplasmic; Extracellular	Helical			True		True
Q3V0B4	Cfap65		Helical			True
Q3V0I2	Prr7	Extracellular; Cytoplasmic	Helical; Signal-anchor for type III membrane protein			True		True
Q3V0J1	Tmem237		Helical			True
Q3V0Q7	Tmprss12	Extracellular; Cytoplasmic	Helical		True	True		True
Q3V132	Slc25a31	Mitochondrial intermembrane; Mitochondrial matrix	Helical			True		True	True	literature, yeast mito homolog++, mito protein domain+, MS/MS++	MIM
Q3V140	Acrbp				True
Q3V188	Endou				True
Q3V1G4	Olfml2b				True
Q3V1H3	Hephl1	Extracellular; Cytoplasmic	Helical		True	True		True
Q3V1N9	A3galt2	Cytoplasmic; Lumenal	Helical; Signal-anchor for type II membrane protein			True		True
Q3V1T4	P3h1				True
Q3V3R1	Mthfd1l								True	literature, APEX_matrix, targetP signal+, yeast mito homolog+, Rickettsial homolog, mito protein domain, MS/MS++	Matrix
Q3V3R4	Itga1	Extracellular; Cytoplasmic	Helical		True	True		True
Q3V3Z3	Adgrg5	Extracellular; Cytoplasmic	Helical		True	True		True
Q3ZAS0	Slc9a2		Helical			True
Q3ZK22	Vezt		Helical			True
Q402U7	Prss44	Extracellular	Helical		True	True		True
Q497L9	Slc22a14	Cytoplasmic; Extracellular	Helical			True		True
Q499E0	Brinp3				True
Q49B93	Slc5a12	Extracellular; Cytoplasmic	Helical			True		True
Q4FZC9	Syne3	Cytoplasmic; Perinuclear space	Helical; Anchor for type IV membrane protein			True		True
Q4KL25	Lhfpl5	Cytoplasmic; Extracellular	Helical			True		True
Q4KMM3	Oxr1								True	literature, yeast mito homolog+, mito protein domain, MS/MS	MOM
Q4LDG0	Slc27a5	Cytoplasmic	Helical			True		True
Q4PZA2	Ece1	Cytoplasmic; Extracellular	Helical; Signal-anchor for type II membrane protein			True		True
Q4V9Z5	Sez6l2	Extracellular; Cytoplasmic	Helical		True	True		True
Q4VA61	Dscaml1	Extracellular; Cytoplasmic	Helical		True	True		True
Q4VAE3	Tmem65	Cytoplasmic; Extracellular	Helical			True		True	True	literature, APEX_matrix, targetP signal, coexpression, MS/MS++	MIM
Q4VBD2	Tapt1		Helical			True
Q4VBE4	Egflam				True
Q4ZJM7	Otol1				True
Q4ZJM9	C1ql4				True
Q4ZJN1	C1qtnf9				True
Q501P1	Fbln7				True
Q504P2	Clec12a	Cytoplasmic; Extracellular	Helical; Signal-anchor for type II membrane protein			True		True
Q505H4	Vwc2l				True
Q52KR2	Lrig2		Helical		True	True
Q56A07	Scn2b	Extracellular; Cytoplasmic	Helical		True	True		True
Q58NB6	Dhrs9				True
Q58Y75	ADGRF3	Extracellular; Cytoplasmic	Helical		True	True		True
Q5BKR2	Slc9b2	Cytoplasmic; Extracellular	Helical			True		True
Q5DID3	Umodl1	Extracellular; Cytoplasmic	Helical		True	True		True
Q5DTK1	Chsy3	Cytoplasmic; Lumenal	Helical; Signal-anchor for type II membrane protein			True		True
Q5DTL9	Slc4a10	Cytoplasmic; Extracellular	Helical			True		True
Q5DU41	Lrrc8b	Cytoplasmic; Extracellular	Helical			True		True
Q5F2F2	Abhd15				True
Q5F2L2	Pofut3	Cytoplasmic; Lumenal	Helical; Signal-anchor for type II membrane protein			True		True
Q5FW60	Mup20				True
Q5FW85	Ecm2				True
Q5FWH7	Slc39a12	Extracellular; Cytoplasmic	Helical			True		True
Q5FWI2	Sctr	Extracellular; Cytoplasmic	Helical		True	True		True
Q5FWI3	Cemip2	Cytoplasmic; Extracellular	Helical; Signal-anchor for type II membrane protein			True		True
Q5G5D5	Syna	Extracellular; Cytoplasmic	Helical		True	True		True
Q5GH67	Xkr4		Helical			True
Q5HZH7	Slc38a8		Helical			True
Q5I012	Slc38a10		Helical			True
Q5IRJ6	Slc30a9		Helical			True			True	APEX_matrix, targetP signal, yeast mito homolog++, mito protein domain, induction, MS/MS	MIM
Q5ISE2	Zfp36l3		Helical			True
Q5JCT0	Gcnt3	Cytoplasmic; Lumenal	Helical; Signal-anchor for type II membrane protein			True		True
Q5K6N0	Tmem232		Helical			True
Q5M8M9	Lrrc52	Extracellular; Cytoplasmic	Helical		True	True		True
Q5MJS3	Fam20c	Cytoplasmic; Lumenal	Helical; Signal-anchor for type II membrane protein			True		True
Q5MPP0	Fa2h		Helical			True
Q5NCH9	Grm6	Extracellular; Cytoplasmic	Helical		True	True		True
Q5NCP0	Rnf43	Extracellular; Cytoplasmic	Helical		True	True		True
Q5ND28	Scarf1	Extracellular; Cytoplasmic	Helical		True	True		True
Q5PT53	Slc10a7	Cytoplasmic; Extracellular	Helical			True		True
Q5QD04	Taar9	Extracellular; Cytoplasmic	Helical			True		True
Q5QD05	Taar8c	Extracellular; Cytoplasmic	Helical			True		True
Q5QD14	Taar5	Extracellular; Cytoplasmic	Helical			True		True
Q5QD15	Taar4	Extracellular; Cytoplasmic	Helical			True		True
Q5QNQ9	Col27a1				True
Q5QNS5	Havcr1	Extracellular; Cytoplasmic	Helical		True	True		True
Q5RJI4	Pkdcc				True
Q5RKR3	Islr2	Extracellular; Cytoplasmic	Helical		True	True		True
Q5RKZ7	Mocs1								True	APEX_matrix, targetP signal, mito protein domain+, MS/MS+	Matrix
Q5S248	Tmprss11e	Cytoplasmic; Extracellular	Helical; Signal-anchor for type II membrane protein			True		True
Q5SDA5	Gucy2f	Extracellular; Cytoplasmic	Helical		True	True		True
Q5SSE9	Abca13		Helical			True
Q5SSZ7	Znrf3	Extracellular; Cytoplasmic	Helical		True	True		True
Q5SUC9	Sco1	Mitochondrial matrix; Mitochondrial intermembrane	Helical			True		True	True	literature, APEX_IMS, APEX_matrix, targetP signal+, yeast mito homolog++, Rickettsial homolog, mito protein domain, MS/MS++	MIM
Q5SV80	Myo19								True	literature,yeast mito homolog, mito protein domain	MOM
Q5SW46	Lpo				True
Q5SWK7	Rnf145		Helical			True
Q5SWU9	Acaca								True	yeast mito homolog, Rickettsial homolog, mito protein domain, coexpression	Matrix
Q5SWY8	Slc5a10	Extracellular; Cytoplasmic	Helical			True		True
Q5SWZ9	Pld6	Mitochondrial intermembrane; Cytoplasmic	Helical			True		True	True	literature	MOM
Q5SZ93	Slc17a3		Helical			True
Q5SZV5	Kiaa0319	Extracellular; Cytoplasmic	Helical		True	True		True
Q5U405	Tmprss13	Cytoplasmic; Extracellular	Helical; Signal-anchor for type II membrane protein			True		True
Q5U430	Ubr3		Helical			True
Q5U431	Gpr39	Extracellular; Cytoplasmic	Helical			True		True
Q5U4D8	Slc5a6		Helical			True
Q5U4E0	Lhfpl4		Helical			True
Q5UKY4	Cd200r3	Extracellular; Cytoplasmic	Helical		True	True		True
Q5UW37	Cxcl17				True
Q5XF89	Atp13a3	Cytoplasmic; Lumenal	Helical			True	True	True
Q5XF90	Atp13a4	Cytoplasmic; Lumenal	Helical			True	True	True
Q5XJV6	Lmtk3		Helical		True	True
Q5XJY4	Parl	Mitochondrial matrix; Mitochondrial intermembrane	Helical			True		True	True	literature, targetP signal, yeast mito homolog++, mito protein domain, MS/MS	MIM
Q5XKN4	Jagn1	Cytoplasmic; Lumenal	Helical			True		True
Q5XPT3	Large2	Cytoplasmic; Lumenal	Helical; Signal-anchor for type II membrane protein			True		True
Q5Y4Y6	Gsdma3		Beta stranded			True
Q5Y5T1	Zdhhc20	Cytoplasmic; Lumenal	Helical			True		True
Q5Y5T2	Zdhhc18	Cytoplasmic; Lumenal	Helical			True		True
Q5Y5T5	Zdhhc8	Cytoplasmic; Lumenal	Helical			True		True
Q60519	Sema5b	Extracellular; Cytoplasmic	Helical		True	True		True
Q60571	Crhbp				True
Q60597	Ogdh								True	literature, APEX_matrix, targetP signal, yeast mito homolog+, Rickettsial homolog, mito protein domain+, induction, coexpression++, MS/MS++	Matrix
Q60603	Kcnh1	Cytoplasmic; Extracellular	Helical; Helical; Voltage-sensor	Pore-forming		True	True	True
Q60612	Adora1	Extracellular; Cytoplasmic	Helical			True		True
Q60613	Adora2a	Extracellular; Cytoplasmic	Helical			True		True
Q60614	Adora2b	Extracellular; Cytoplasmic	Helical			True		True
Q60625	Icam5	Extracellular; Cytoplasmic	Helical		True	True		True
Q60629	Epha5	Extracellular; Cytoplasmic	Helical		True	True		True
Q60648	Gm2a				True
Q60649	Clpb								True	APEX_IMS, targetP signal+, yeast mito homolog+, Rickettsial homolog, mito protein domain, MS/MS++	IMS
Q60651	Klra4	Cytoplasmic; Extracellular	Helical; Signal-anchor for type II membrane protein			True		True
Q60654	Klra7	Cytoplasmic; Extracellular	Helical; Signal-anchor for type II membrane protein			True		True
Q60664	Irag2	Cytoplasmic; Lumenal	Helical; Anchor for type IV membrane protein			True		True
Q60673	Ptprn	Lumenal; Cytoplasmic	Helical		True	True		True
Q60675	Lama2				True
Q60677	Itgae	Extracellular; Cytoplasmic	Helical		True	True		True
Q60682	Klra8	Cytoplasmic; Extracellular	Helical; Signal-anchor for type II membrane protein			True		True
Q60687	Fshb				True
Q60696	Pmel	Lumenal; Cytoplasmic	Helical		True	True		True
Q60714	Slc27a1	Extracellular; Cytoplasmic	Helical			True		True
Q60715	P4ha1				True
Q60716	P4ha2				True
Q60718	Adam2	Extracellular; Cytoplasmic	Helical		True	True		True
Q60720	Cyb561	Cytoplasmic; Vesicular	Helical			True		True
Q60736	Zp3r				True
Q60738	Slc30a1	Cytoplasmic; Extracellular	Helical			True		True
Q60748	Crhr2	Extracellular; Cytoplasmic	Helical		True	True		True
Q60750	Epha1	Extracellular; Cytoplasmic	Helical		True	True		True
Q60751	Igf1r	Extracellular; Cytoplasmic	Helical		True	True		True
Q60754	Marco	Cytoplasmic; Extracellular	Helical; Signal-anchor for type II membrane protein			True		True
Q60755	Calcr	Extracellular; Cytoplasmic	Helical		True	True		True
Q60759	Gcdh								True	literature, APEX_matrix, targetP signal+, mito protein domain+, coexpression, MS/MS++	Matrix
Q60771	Cldn11	Cytoplasmic; Extracellular	Helical			True		True
Q60805	Mertk	Extracellular; Cytoplasmic	Helical		True	True		True
Q60813	Adam1a	Extracellular; Cytoplasmic	Helical		True	True		True
Q60819	Il15ra	Extracellular; Cytoplasmic	Helical		True	True		True
Q60825	Slc34a1	Cytoplasmic; Extracellular	Helical			True		True
Q60837	Il12rb1	Extracellular; Cytoplasmic	Helical		True	True		True
Q60841	Reln				True
Q60846	Tnfrsf8	Extracellular; Cytoplasmic	Helical		True	True		True
Q60847	Col12a1				True
Q60856	Oas1b	Cytoplasmic; Extracellular	Helical; Anchor for type IV membrane protein			True		True
Q60857	Slc6a4	Cytoplasmic; Extracellular	Helical			True		True
Q60860	Ltc4s	Cytoplasmic; Lumenal	Helical			True		True
Q60870	Reep5	Cytoplasmic; Lumenal	Helical			True		True
Q60928	Ggt1	Cytoplasmic; Extracellular	Helical; Signal-anchor for type II membrane protein			True		True
Q60930	Vdac2	Cytoplasmic; Mitochondrial intermembrane	Beta stranded	Helical		True	True	True	True	literature, APEX_IMS, yeast mito homolog+, mito protein domain+, induction, coexpression, MS/MS++	MOM
Q60931	Vdac3		Beta stranded			True			True	literature, yeast mito homolog+, mito protein domain+, MS/MS++	MOM
Q60932	Vdac1		Beta stranded			True			True	literature, APEX_IMS, yeast mito homolog+, mito protein domain+, coexpression++, MS/MS++	MOM
Q60934	Grik1	Extracellular; Cytoplasmic	Helical		True	True		True
Q60935	Art1				True
Q60936	Coq8a		Helical			True			True	literature, APEX_matrix, yeast mito homolog+, Rickettsial homolog, mito protein domain, induction, coexpression+, MS/MS++	MIM
Q60943	Il17ra	Extracellular; Cytoplasmic	Helical		True	True		True
Q60963	Pla2g7				True
Q60991	Cyp7b1		Helical			True
Q60994	Adipoq				True
Q60997	Dmbt1		Helical		True	True
Q61001	Lama5				True
Q61003	Cd6	Extracellular; Cytoplasmic	Helical		True	True		True
Q61006	Musk	Extracellular; Cytoplasmic	Helical		True	True		True
Q61009	Scarb1	Cytoplasmic; Extracellular	Helical			True		True
Q61029	Tmpo	Lumenal	Helical; Signal-anchor for type II membrane protein			True		True
Q61038	Gpr65	Extracellular; Cytoplasmic	Helical			True		True
Q61056	Trpc1	Cytoplasmic; Extracellular	Helical	Discontinuously helical		True	True	True
Q61070	Ei24		Helical			True
Q61072	Adam9	Extracellular; Cytoplasmic	Helical		True	True		True
Q61086	Fzd3	Extracellular; Cytoplasmic	Helical		True	True		True
Q61087	Lamb3				True
Q61088	Fzd4	Extracellular; Cytoplasmic	Helical		True	True		True
Q61089	Fzd6	Extracellular; Cytoplasmic	Helical		True	True		True
Q61090	Fzd7	Extracellular; Cytoplasmic	Helical		True	True		True
Q61091	Fzd8	Extracellular; Cytoplasmic	Helical		True	True		True
Q61092	Lamc2				True
Q61093	Cybb	Cytoplasmic; Extracellular	Helical			True		True
Q61096	Prtn3				True
Q61098	Il18r1	Extracellular; Cytoplasmic	Helical		True	True		True
Q61102	Abcb7	Mitochondrial matrix; Mitochondrial intermembrane	Helical			True		True	True	literature, APEX_matrix, targetP signal, yeast mito homolog+, Rickettsial homolog, mito protein domain, coexpression+, MS/MS+	MIM
Q61112	Sdf4				True
Q61115	Ptch1	Cytoplasmic; Extracellular	Helical			True		True
Q61124	Cln3	Cytoplasmic; Lumenal	Helical			True		True
Q61129	Cfi				True
Q61137	Astn1	Extracellular; Cytoplasmic	Helical		True	True		True
Q61139	Pcsk7	Extracellular; Cytoplasmic	Helical		True	True		True
Q61143	Trpc6	Cytoplasmic; Extracellular	Helical			True		True
Q61144	Psen2	Cytoplasmic; Lumenal	Helical	Helical		True	True	True
Q61146	Ocln	Cytoplasmic; Extracellular	Helical			True		True
Q61147	Cp				True
Q61153	Dio1	Extracellular; Cytoplasmic	Helical; Signal-anchor for type III membrane protein			True		True
Q61165	Slc9a1	Extracellular; Cytoplasmic	Helical			True		True
Q61168	Laptm5		Helical			True
Q61171	Prdx2								True	GFP, Rickettsial homolog, mito protein domain, coexpression	unknown
Q61180	Scnn1a	Cytoplasmic; Extracellular	Helical			True		True
Q61207	Psap				True
Q61220	Nell2				True
Q61224	Htr1d	Extracellular; Cytoplasmic	Helical			True		True
Q61245	Col11a1				True
Q61247	Serpinf2				True
Q61263	Soat1	Cytoplasmic; Lumenal	Helical			True		True
Q61271	Acvr1b	Extracellular; Cytoplasmic	Helical		True	True		True
Q61282	Acan				True
Q61285	Abcd2		Helical			True			True	targetP signal, Rickettsial homolog, mito protein domain, coexpression, MS/MS+	Membrane
Q61288	Acvrl1	Extracellular; Cytoplasmic	Helical		True	True		True
Q61290	Cacna1e	Cytoplasmic; Extracellular	Helical			True		True
Q61292	Lamb2				True
Q61327	Slc6a3	Cytoplasmic; Extracellular	Discontinuously helical; Helical			True		True
Q61330	Cntn2				True
Q61335	Bcap31	Lumenal; Cytoplasmic	Helical			True		True
Q61337	Bad								True	literature, mito protein domain	MOM
Q61361	Bcan				True
Q61362	Chi3l1				True
Q61391	Mme	Cytoplasmic; Extracellular	Helical; Signal-anchor for type II membrane protein			True		True
Q61398	Pcolce				True
Q61400	Ceacam10				True
Q61409	Pde3b		Helical			True
Q61418	Clcn4	Cytoplasmic	Helical	Helical; Note=Loop between two helices		True	True	True
Q61420	Slc35a1	Cytoplasmic; Lumenal	Helical			True		True
Q61423	Kcna4	Cytoplasmic; Extracellular	Helical; Helical; Voltage-sensor	Helical		True	True	True
Q61425	Hadh								True	literature, APEX_matrix, targetP signal, Rickettsial homolog, mito protein domain, induction, coexpression++, MS/MS++	Matrix
Q61450	Lilrb4b	Extracellular; Cytoplasmic	Helical		True	True		True
Q61451	Cd53	Cytoplasmic; Extracellular	Helical			True		True
Q61462	Cyba	Cytoplasmic; Extracellular	Helical			True	True	True
Q61468	Msln				True
Q61469	Plpp1	Cytoplasmic; Extracellular	Helical			True		True
Q61470	Cd37	Cytoplasmic; Extracellular	Helical			True		True
Q61475	Cd55				True
Q61476	Cd55b	Extracellular; Cytoplasmic	Helical		True	True		True
Q61477	Nbl1				True
Q61483	Dll1	Extracellular; Cytoplasmic	Helical		True	True		True
Q61488	Dhh				True
Q61490	Alcam	Extracellular; Cytoplasmic	Helical		True	True		True
Q61495	Dsg1a	Extracellular; Cytoplasmic	Helical		True	True		True
Q61503	Nt5e				True
Q61508	Ecm1				True
Q61521	Ereg	Extracellular; Cytoplasmic	Helical		True	True		True
Q61526	Erbb3	Extracellular; Cytoplasmic	Helical		True	True		True
Q61527	Erbb4	Extracellular; Cytoplasmic			True	True		True
Q61542	Stard3	Cytoplasmic; Extracellular	Helical			True		True
Q61543	Glg1	Extracellular; Cytoplasmic	Helical		True	True		True
Q61549	Adgre1	Extracellular; Cytoplasmic	Helical		True	True		True
Q61554	Fbn1				True
Q61555	Fbn2				True
Q61559	Fcgrt	Extracellular; Cytoplasmic	Helical		True	True		True
Q61576	Fkbp10				True				True	APEX_IMS, mito protein domain	IMS
Q61581	Igfbp7				True
Q61586	Gpam	Cytoplasmic					True	True	True	literature, mito protein domain, coexpression	Membrane
Q61592	Gas6				True
Q61595	Ktn1	Cytoplasmic; Lumenal	Helical; Signal-anchor for type II membrane protein			True		True
Q61603	Glra4	Extracellular; Cytoplasmic	Helical		True	True		True
Q61606	Gcgr	Extracellular; Cytoplasmic	Helical		True	True		True
Q61609	Slc20a1		Helical			True
Q61614	Ednra	Extracellular; Cytoplasmic	Helical		True	True		True
Q61616	Drd1	Extracellular; Cytoplasmic	Helical			True		True
Q61618	Adora3	Extracellular; Cytoplasmic	Helical			True		True
Q61625	Grid2	Extracellular; Cytoplasmic	Helical		True	True		True
Q61626	Grik5	Extracellular; Cytoplasmic	Helical		True	True		True
Q61627	Grid1	Extracellular; Cytoplasmic	Helical		True	True		True
Q61646	Hp				True
Q61647	Has1	Cytoplasmic; Extracellular	Helical			True		True
Q61672	Slc29a2		Helical			True
Q61694	Hsd3b5		Helical			True
Q61712	Dnajc1	Lumenal; Cytoplasmic	Helical		True	True		True
Q61727	Il10ra	Extracellular; Cytoplasmic	Helical		True	True		True
Q61730	Il1rap	Extracellular; Cytoplasmic	Helical		True	True		True
Q61735	Cd47	Extracellular; Cytoplasmic	Helical		True	True		True
Q61738	Itga7	Extracellular; Cytoplasmic	Helical		True	True		True
Q61739	Itga6	Extracellular; Cytoplasmic	Helical		True	True		True
Q61743	Kcnj11	Cytoplasmic; Extracellular	Helical	Discontinuously helical; Pore-forming		True	True	True
Q61759	Klk1b21				True
Q61762	Kcna5	Cytoplasmic; Extracellular	Helical; Helical; Voltage-sensor	Helical		True	True	True
Q61767	Hsd3b4		Helical			True
Q61772	Epha7	Extracellular; Cytoplasmic	Helical		True	True		True
Q61789	Lama3				True
Q61790	Lag3	Extracellular; Cytoplasmic	Helical		True	True		True
Q61805	Lbp				True
Q61810	Ltbp3				True
Q61817	Creb3	Cytoplasmic; Lumenal	Helical; Signal-anchor for type II membrane protein			True		True
Q61824	Adam12	Extracellular; Cytoplasmic	Helical		True	True		True
Q61826	Madcam1	Extracellular; Cytoplasmic	Helical		True	True		True
Q61830	Mrc1	Extracellular; Cytoplasmic	Helical		True	True		True
Q61835	Fxyd3	Extracellular; Cytoplasmic	Helical		True	True		True
Q61838	Pzp				True
Q61839	Nppc				True
Q61847	Mep1b	Extracellular; Cytoplasmic	Helical		True	True		True
Q61851	Fgfr3	Extracellular; Cytoplasmic	Helical		True	True		True
Q61885	Mog	Extracellular; Cytoplasmic	Helical		True	True		True
Q61907	Pemt	Lumenal; Cytoplasmic	Helical	Helical		True	True	True
Q61923	Kcna6	Cytoplasmic; Extracellular	Helical; Helical; Voltage-sensor	Helical		True	True	True
Q61941	Nnt	Mitochondrial matrix; Cytoplasmic	Helical			True		True
Q61955	Klk8				True
Q61982	Notch3	Extracellular; Cytoplasmic	Helical		True	True		True
Q61985	Nfe2l1		Helical; Signal-anchor for type II membrane protein			True
Q62005	Zp1	Extracellular; Cytoplasmic	Helical		True	True		True
Q62007	Or10j5	Extracellular; Cytoplasmic	Helical			True		True
Q62009	Postn				True
Q62010	Ovgp1				True
Q62011	Pdpn	Extracellular; Cytoplasmic	Helical		True	True		True
Q62028	Pla2r1	Extracellular; Cytoplasmic	Helical		True	True		True
Q62035	Ptafr	Extracellular; Cytoplasmic	Helical			True		True
Q62052	Oca2	Cytoplasmic; Extracellular	Helical			True		True
Q62053	Ptger2	Extracellular; Cytoplasmic	Helical			True		True
Q62059	Vcan				True
Q62087	Pon3				True
Q62092	Nsg1	Cytoplasmic; Lumenal	Helical; Signal-anchor for type II membrane protein			True		True
Q62132	Ptprr	Extracellular; Cytoplasmic	Helical		True	True		True
Q62151	Ager	Extracellular; Cytoplasmic	Helical		True	True		True
Q62165	Dag1	Extracellular; Cytoplasmic	Helical		True	True		True
Q62170	Selplg	Extracellular; Cytoplasmic	Helical		True	True		True
Q62178	Sema4a	Extracellular; Cytoplasmic	Helical		True	True		True
Q62179	Sema4b	Extracellular; Cytoplasmic	Helical		True	True		True
Q62181	Sema3c				True
Q62190	Mst1r	Extracellular; Cytoplasmic	Helical		True	True		True
Q62192	Cd180	Extracellular; Cytoplasmic	Helical		True	True		True
Q62205	Scn9a	Cytoplasmic; Extracellular	Helical	Pore-forming		True	True	True
Q62217	Sema5a	Extracellular; Cytoplasmic	Helical		True	True		True
Q62226	Shh				True
Q62230	Siglec1	Extracellular; Cytoplasmic	Helical		True	True		True
Q62273	Slc26a2		Helical			True
Q62277	Syp	Cytoplasmic; Vesicular	Helical			True		True
Q62288	Spock1				True
Q62312	Tgfbr2	Extracellular; Cytoplasmic	Helical		True	True		True
Q62313	Tgoln1	Extracellular; Cytoplasmic	Helical		True	True		True
Q62314	Tgoln2	Extracellular; Cytoplasmic	Helical		True	True		True
Q62351	Tfrc	Cytoplasmic; Extracellular	Helical; Signal-anchor for type II membrane protein			True		True
Q62356	Fstl1				True
Q62361	Trh				True
Q62371	Ddr2	Extracellular; Cytoplasmic	Helical		True	True		True
Q62381	Tll1				True
Q62386	Il17a				True
Q62398	Cnga2	Cytoplasmic; Extracellular	Helical			True		True
Q62401	Ccl12				True
Q62413	Epha6	Extracellular; Cytoplasmic	Helical		True	True		True
Q62442	Vamp1	Cytoplasmic; Vesicular	Helical; Anchor for type IV membrane protein			True		True
Q62452	Ugt1a9		Helical		True	True
Q62463	Avpr1a	Extracellular; Cytoplasmic	Helical			True		True
Q62469	Itga2	Extracellular; Cytoplasmic	Helical		True	True		True
Q62470	Itga3	Extracellular; Cytoplasmic	Helical		True	True		True
Q62522	Zpbp				True
Q63870	Col7a1				True
Q63886	Ugt1a1		Helical		True	True
Q63912	Omg				True
Q63959	Kcnc3	Cytoplasmic	Helical; Helical; Voltage-sensor			True		True
Q63961	Eng	Extracellular; Cytoplasmic	Helical		True	True		True
Q63994	Cd33	Extracellular; Cytoplasmic	Helical		True	True		True
Q63ZW6	Col4a5				True
Q64018	Glra1	Extracellular; Cytoplasmic	Helical		True	True		True
Q640L3	Ccpg1	Cytoplasmic; Lumenal	Helical; Signal-anchor for type II membrane protein			True		True
Q640M6	Gdpd5	Cytoplasmic; Extracellular	Helical			True		True
Q640N1	Aebp1				True
Q640R3	Hepacam	Extracellular; Cytoplasmic	Helical		True	True		True
Q64133	Maoa	Cytoplasmic; Mitochondrial intermembrane	Helical; Anchor for type IV membrane protein			True		True	True	literature, mito protein domain, MS/MS+	MOM
Q64151	Sema4c	Extracellular; Cytoplasmic	Helical		True	True		True
Q64176	Ces1e				True
Q64191	Aga				True
Q64237	Dbh	Cytoplasmic; Intragranular	Helical; Signal-anchor for type II membrane protein			True		True
Q64253	Ly6e				True
Q64264	Htr1a	Extracellular; Cytoplasmic	Helical			True		True
Q64277	Bst1				True
Q64280	Lefty1				True
Q64281	Lilrb4a	Extracellular; Cytoplasmic	Helical		True	True		True
Q64285	Cel				True
Q64299	Ccn3				True
Q64310	Surf4		Helical			True
Q64314	Cd34	Extracellular; Cytoplasmic	Helical		True	True		True
Q64329	Klra3	Cytoplasmic; Extracellular	Helical; Signal-anchor for type II membrane protein			True		True
Q64343	Abcg1	Cytoplasmic; Extracellular	Helical			True		True
Q64347	Clcn1	Cytoplasmic; Extracellular	Helical	Note=Loop between two helices; Helical		True	True	True
Q64373	Bcl2l1		Helical			True			True	literature, mito protein domain	MOM
Q64385	Il11ra1	Extracellular; Cytoplasmic	Helical		True	True		True
Q64387	Pnoc				True
Q64430	Atp7a	Cytoplasmic; Extracellular	Helical			True		True
Q64435	Ugt1a6		Helical		True	True
Q64436	Atp4a	Cytoplasmic; Lumenal	Helical			True		True
Q64438	Ang2				True
Q64441	Cyp24a1								True	literature, targetP signal, mito protein domain	MIM
Q64444	Ca4				True
Q64446	Atp7b	Cytoplasmic; Extracellular	Helical			True		True
Q64449	Mrc2	Extracellular; Cytoplasmic	Helical		True	True		True
Q64455	Ptprj	Extracellular; Cytoplasmic	Helical		True	True		True
Q64458	Cyp2c29				True
Q64487	Ptprd	Extracellular; Cytoplasmic	Helical		True	True		True
Q64505	Cyp7a1		Helical			True
Q64516	Gk		Helical			True
Q64518	Atp2a3	Cytoplasmic; Lumenal	Helical			True		True
Q64519	Sdc3	Extracellular; Cytoplasmic	Helical		True	True		True
Q64520	Guk1								True	APEX_matrix, targetP signal, Rickettsial homolog, induction, coexpression, MS/MS	Matrix
Q64521	Gpd2								True	literature, APEX_IMS, yeast mito homolog++, mito protein domain, coexpression, MS/MS++	MIM
Q64527	Wnt8a				True
Q64676	Ugt8		Helical		True	True
Q64685	St6gal1	Cytoplasmic; Lumenal	Helical; Signal-anchor for type II membrane protein			True		True
Q64687	St8sia1	Cytoplasmic; Lumenal	Helical; Signal-anchor for type II membrane protein			True		True
Q64689	St8sia3	Cytoplasmic; Lumenal	Helical; Signal-anchor for type II membrane protein			True		True
Q64692	St8sia4	Cytoplasmic; Lumenal	Helical; Signal-anchor for type II membrane protein			True		True
Q64704	Stx3	Cytoplasmic; Extracellular	Helical; Anchor for type IV membrane protein			True		True
Q64729	Tgfbr1	Extracellular; Cytoplasmic	Helical		True	True		True
Q64735	Cr1l	Extracellular; Cytoplasmic	Helical		True	True		True
Q64739	Col11a2				True
Q64FW2	Retsat				True
Q66GT5	Ptpmt1								True	literature, APEX_matrix, mito protein domain, coexpression, MS/MS++	MIM
Q66JT1	Lrrc8e	Cytoplasmic; Extracellular	Helical			True		True
Q66JT7	Coq2	Mitochondrial matrix; Mitochondrial intermembrane	Helical			True		True	True	literature, targetP signal+, yeast mito homolog++, Rickettsial homolog, mito protein domain, coexpression+	MIM
Q66L44	Cbarp	Extracellular; Cytoplasmic	Helical; Signal-anchor for type III membrane protein			True		True
Q66PY1	Scube3				True
Q672J9	Nox3	Cytoplasmic; Extracellular	Helical			True		True
Q67BJ4	A4galt	Cytoplasmic; Lumenal	Helical; Signal-anchor for type II membrane protein			True		True
Q67BT3	Slc13a5	Cytoplasmic; Extracellular	Helical; Discontinuously helical	Discontinuously helical		True	True	True
Q67E05	Bpi				True
Q684R7	Frem1				True
Q68ED2	Grm7	Extracellular; Cytoplasmic	Helical		True	True		True
Q68EF4	Grm4	Extracellular; Cytoplasmic	Helical		True	True		True
Q68FE2	Atg9a	Cytoplasmic; Lumenal	Helical			True	True	True
Q68FF9	Srd5a1		Helical			True
Q68FM6	Elfn2	Extracellular; Cytoplasmic	Helical		True	True		True
Q68SA9	Adamts7				True
Q68SN8	Fcrl5	Extracellular; Cytoplasmic	Helical		True	True		True
Q69Z26	Cntn4				True
Q69Z28	Adamts16				True
Q69ZF7	Cnnm4	Extracellular; Cytoplasmic	Helical	Helical		True	True	True
Q69ZK9	Nlgn2	Extracellular; Cytoplasmic	Helical		True	True		True
Q69ZN6	Gnptab		Helical			True
Q69ZN7	Myof	Cytoplasmic; Extracellular	Helical; Anchor for type IV membrane protein			True		True
Q69ZP3	Pnkd								True	literature,targetP signal, mito protein domain, MS/MS	MIM
Q69ZQ1	Myorg	Cytoplasmic; Lumenal	Helical			True		True
Q69ZS6	Sv2c	Cytoplasmic; Extracellular	Helical			True		True
Q69ZU6	Thsd7a	Extracellular; Cytoplasmic	Helical		True	True		True
Q6A051	Atrnl1	Extracellular; Cytoplasmic	Helical		True	True		True
Q6A4L0	Slc22a13	Cytoplasmic; Extracellular	Helical			True		True
Q6AZB0	Boc	Extracellular; Cytoplasmic	Helical		True	True		True
Q6DFW5	Atp11b		Helical			True
Q6DFX2	Antxr2	Extracellular; Cytoplasmic	Helical		True	True		True
Q6DFY8	Brinp2				True
Q6DIB5	Megf10	Extracellular; Cytoplasmic	Helical		True	True		True
Q6DID7	Wls	Cytoplasmic; Lumenal	Helical			True		True
Q6DR98	Nrg1	Extracellular; Cytoplasmic	Helical; Note=Internal signal sequence			True		True
Q6DVA0	Lemd2		Helical			True
Q6DYE8	Enpp3	Cytoplasmic; Extracellular	Helical; Signal-anchor for type II membrane protein			True		True
Q6E1M8	Awat2		Helical			True
Q6EBV9	Atg9b	Cytoplasmic; Lumenal	Helical			True	True	True
Q6F3F9	Adgrg6	Extracellular; Cytoplasmic	Helical		True	True		True
Q6GQS1	Slc25a23	Mitochondrial intermembrane; Mitochondrial matrix	Helical			True		True	True	literature, yeast mito homolog+, mito protein domain+, MS/MS	MIM
Q6GQT1	A2m				True
Q6GQT6	Scap	Cytoplasmic; Lumenal	Helical			True		True
Q6GQW0	Abtb3		Helical			True
Q6H1V1	Best3	Cytoplasmic; Extracellular	Helical			True		True
Q6HA09	Astl				True
Q6IMP4	Panx2	Cytoplasmic; Extracellular	Helical			True		True
Q6IQX7	Chpf	Cytoplasmic; Lumenal	Helical; Signal-anchor for type II membrane protein			True		True
Q6IS41	Slc25a47		Helical			True			True	literature, yeast mito homolog+, mito protein domain+	MIM
Q6NS82	Retreg2		Helical			True
Q6NSQ9	G6pc3	Lumenal; Cytoplasmic	Helical			True		True
Q6NVD0	Frem2	Extracellular; Cytoplasmic	Helical		True	True		True
Q6NVE9	Pptc7								True	APEX_matrix, targetP signal, yeast mito homolog, mito protein domain+, induction, coexpression, MS/MS++	Matrix
Q6NVG1	Lpcat4		Helical			True
Q6NWW9	Fndc3b		Helical			True
Q6NXK7	Dpp10	Cytoplasmic; Extracellular	Helical; Signal-anchor for type II membrane protein			True		True
Q6NXK8	Asic1	Cytoplasmic; Extracellular	Helical; Discontinuously helical			True		True
Q6NZQ8	Marchf1		Helical			True
Q6P073	Ube2j2	Cytoplasmic; Lumenal	Helical; Anchor for type IV membrane protein			True		True
Q6P1B3	Pianp	Extracellular; Cytoplasmic	Helical		True	True		True
Q6P1C6	Lrig3		Helical		True	True
Q6P1D5	Sez6l	Extracellular; Cytoplasmic	Helical		True	True		True
Q6P1E7	Primpol								True	literature,mito protein domain	Matrix
Q6P1H1	Cyb561a3	Cytoplasmic; Lumenal	Helical			True		True
Q6P1H6	Ankle2	Extracellular; Cytoplasmic	Helical; Signal-anchor for type III membrane protein			True		True
Q6P1I6	Psd2		Helical			True
Q6P3A8	Bckdhb								True	literature, APEX_matrix, yeast mito homolog+, Rickettsial homolog, mito protein domain+, coexpression+, MS/MS++	MIM
Q6P4S8	Ints1		Helical			True
Q6P5E4	Uggt1				True
Q6P5F6	Slc39a10		Helical		True	True
Q6P5F7	Ttyh3	Extracellular; Cytoplasmic	Helical			True		True
Q6P8U6	Pnlip				True
Q6P9J9	Ano6	Cytoplasmic; Extracellular	Helical			True		True
Q6P9K9	Nrxn3	Extracellular; Cytoplasmic	Helical		True	True		True
Q6P9S7	Galnt10	Cytoplasmic; Lumenal	Helical; Signal-anchor for type II membrane protein			True		True
Q6PA06	Atl2	Cytoplasmic; Lumenal	Helical			True		True
Q6PAL1	Draxin				True
Q6PB66	Lrpprc								True	literature, APEX_matrix, targetP signal+, yeast mito homolog++, mito protein domain, induction, coexpression++, MS/MS++	Matrix
Q6PB93	Galnt2	Cytoplasmic; Lumenal	Helical; Signal-anchor for type II membrane protein			True		True
Q6PCP5	Mff	Cytoplasmic; Mitochondrial intermembrane	Helical; Anchor for type IV membrane protein			True		True	True	literature, induction, MS/MS	MOM
Q6PCX7	Rgma				True
Q6PE15	Abhd10								True	literature, APEX_IMS, APEX_matrix, targetP signal+, Rickettsial homolog, mito protein domain, MS/MS++	Matrix
Q6PE84	Stoml3	Cytoplasmic	Helical; Signal-anchor for type III membrane protein			True		True
Q6PEM8	Slc46a1	Cytoplasmic; Extracellular	Helical			True		True
Q6PFE7	Tmeff1	Extracellular; Cytoplasmic	Helical		True	True		True
Q6PGD0	Atraid	Extracellular; Cytoplasmic	Helical		True	True		True
Q6PGK7	Chst10	Cytoplasmic; Lumenal	Helical; Signal-anchor for type II membrane protein			True		True
Q6PGN1	Erfe				True
Q6PHS9	Cacna2d2	Extracellular; Cytoplasmic	Helical		True	True		True
Q6PHU5	Sort1	Extracellular; Cytoplasmic	Helical		True	True		True
Q6PIC6	Atp1a3	Cytoplasmic; Extracellular	Helical			True		True
Q6PIE5	Atp1a2	Cytoplasmic; Extracellular	Helical			True		True
Q6PIX5	Rhbdf1	Cytoplasmic; Lumenal	Helical			True		True
Q6PZE0	Muc19				True
Q6Q473	Clca4a		Helical		True	True
Q6Q477	Atp2b4	Cytoplasmic; Extracellular	Helical			True		True
Q6QIY3	Scn10a	Cytoplasmic; Extracellular	Helical; Helical; Voltage-sensor	Pore-forming		True	True	True
Q6QLQ4	Clec7a	Cytoplasmic; Extracellular	Helical; Signal-anchor for type II membrane protein			True		True
Q6QNU9	Tlr12	Extracellular; Cytoplasmic	Helical		True	True		True
Q6R5N8	Tlr13	Extracellular; Cytoplasmic	Helical		True	True		True
Q6R6I7	Rxfp1	Extracellular; Cytoplasmic	Helical			True		True
Q6RKD8	Flrt1	Extracellular; Cytoplasmic	Helical		True	True		True
Q6S5C2	Gnptg				True
Q6SJE0	Gfral	Extracellular; Cytoplasmic	Helical		True	True		True
Q6SJQ0	Cd300a	Extracellular; Cytoplasmic	Helical		True	True		True
Q6SJQ5	Cd300ld3	Extracellular; Cytoplasmic	Helical		True	True		True
Q6SJQ7	Cd300lf	Extracellular; Cytoplasmic	Helical		True	True		True
Q6T3U4	Npc1l1	Extracellular; Cytoplasmic	Helical		True	True		True
Q6T707	Scd4	Cytoplasmic; Lumenal	Helical			True		True
Q6TCG8	Paqr3	Cytoplasmic; Lumenal	Helical			True		True
Q6TEK5	Vkorc1l1	Cytoplasmic; Lumenal	Helical			True		True
Q6TL19	Gucy2g	Extracellular; Cytoplasmic	Helical		True	True		True
Q6U7R4	Timd4	Extracellular; Cytoplasmic	Helical		True	True		True
Q6UJY2	Slc9c1	Extracellular; Cytoplasmic	Helical			True		True
Q6UQ17	Atp8b3	Cytoplasmic; Exoplasmic loop	Helical			True		True
Q6V4S5	Sdk2	Extracellular; Cytoplasmic	Helical		True	True		True
Q6VMN6	Prlhr	Extracellular; Cytoplasmic	Helical			True		True
Q6VNS1	Ntrk3	Extracellular; Cytoplasmic	Helical		True	True		True
Q6VV64	Kcnk18	Cytoplasmic	Helical	Pore-forming		True	True	True
Q6VVW5	Npr2	Extracellular; Cytoplasmic	Helical		True	True		True
Q6VZZ7	Opn5	Extracellular; Cytoplasmic	Helical			True		True
Q6WQJ1	Dagla	Cytoplasmic; Extracellular	Helical			True		True
Q6X1Y6	Asic3	Cytoplasmic; Extracellular	Helical			True		True
Q6X786	Zpbp2				True
Q6X893	Slc44a1	Cytoplasmic; Mitochondrial intermembrane	Helical			True		True
Q6XJV4	Cd200r4	Extracellular; Cytoplasmic	Helical		True	True		True
Q6XQH0	Gal3st2	Cytoplasmic; Lumenal	Helical; Signal-anchor for type II membrane protein			True		True
Q6Y4S4	Kiss1				True
Q6YGZ1	Hpse				True
Q6ZPR4	Kcnt1	Cytoplasmic; Extracellular	Helical	Pore-forming		True	True	True
Q6ZPR5	Smpd4		Helical			True
Q6ZQ11	Chsy1	Cytoplasmic; Lumenal	Helical; Signal-anchor for type II membrane protein			True		True
Q6ZQ29	Taok2		Helical			True
Q6ZQ89	Marchf6	Cytoplasmic; Extracellular	Helical			True		True
Q6ZQE4	Nemp1		Helical		True	True
Q6ZQJ5	Dna2								True	literature, mito protein domain	Matrix
Q6ZQM8	Ugt1a7		Helical		True	True
Q6ZWQ0	Syne2	Cytoplasmic; Perinuclear space	Helical; Anchor for type IV membrane protein			True		True
Q6ZWR6	Syne1	Cytoplasmic; Perinuclear space	Helical; Anchor for type IV membrane protein			True		True
Q704Y3	Trpv1	Cytoplasmic; Extracellular	Helical	Pore-forming		True	True	True
Q70UZ7	Vwa2				True
Q71KT5	Tm7sf2		Helical			True
Q71KU9	Fgl1				True
Q71M36	Cspg5	Extracellular; Cytoplasmic	Helical		True	True		True
Q71RI9	Kyat3								True	APEX_matrix, yeast mito homolog, Rickettsial homolog, mito protein domain, MS/MS++	Matrix
Q75N73	Slc39a14	Extracellular; Cytoplasmic	Helical		True	True		True
Q75NR7	Recql4								True	targetP signal, Rickettsial homolog, mito protein domain, coexpression	Matrix
Q75UR0	Ano5	Cytoplasmic; Extracellular	Helical			True		True
Q761V0	Slc6a5	Cytoplasmic; Extracellular	Helical			True		True
Q765H6	Mgat5b	Cytoplasmic; Lumenal	Helical; Signal-anchor for type II membrane protein			True		True
Q769J6	Adamts13				True
Q76HL1	Prss43		Helical		True	True
Q76JU9	Ffar1	Extracellular; Cytoplasmic	Helical			True		True
Q76K27	St6gal2	Cytoplasmic; Lumenal	Helical; Signal-anchor for type II membrane protein			True		True
Q76KF0	Sema6d	Extracellular; Cytoplasmic	Helical		True	True		True
Q76LW6	Dand5				True
Q76M72	Slc22a27	Cytoplasmic; Extracellular	Helical			True		True
Q78DX7	Ros1	Extracellular; Cytoplasmic	Helical		True	True		True
Q78IQ7	Slc39a4	Extracellular; Cytoplasmic	Helical		True	True		True
Q78J03	Msrb2								True	APEX_matrix, targetP signal+, yeast mito homolog+, mito protein domain, coexpression, MS/MS++	Matrix
Q78KK3	Slc67a1		Helical			True
Q78PY7	Snd1								True	GFP, yeast mito homolog, mito protein domain	unknown
Q78YY6	Dnajc15	Mitochondrial intermembrane; Mitochondrial matrix	Helical			True		True	True	GFP, yeast mito homolog, mito protein domain, induction, coexpression, MS/MS+	MIM
Q791V5	Mtch2	Mitochondrial intermembrane; Cytoplasmic	Helical			True		True	True	literature, APEX_IMS, yeast mito homolog+, mito protein domain+, induction, coexpression+, MS/MS++	MOM
Q7M6Z0	Rtn4rl2				True
Q7M729	Scn4b	Extracellular; Cytoplasmic	Helical		True	True		True
Q7M732	Rtl1		Helical			True
Q7M750	Opalin	Extracellular; Cytoplasmic	Helical			True		True
Q7M761	Ovch2				True
Q7TMA4	Ffar4	Extracellular; Cytoplasmic	Helical			True		True
Q7TMD7	Dsg4	Extracellular; Cytoplasmic	Helical		True	True		True
Q7TME0	Plppr4		Helical			True
Q7TMF5	Serpina12				True
Q7TMM8	Parp16	Cytoplasmic; Lumenal	Helical			True		True
Q7TMR0	Prcp				True
Q7TMS5	Abcg2	Cytoplasmic; Extracellular	Helical			True		True
Q7TMV1	Rnf139		Helical			True
Q7TN16	Hhip				True
Q7TN37	Trpm4	Cytoplasmic; Extracellular	Helical	Pore-forming		True	True	True
Q7TN58	Tmc8	Cytoplasmic; Lumenal	Helical			True		True
Q7TN60	Tmc6	Lumenal; Cytoplasmic	Helical			True		True
Q7TNC8	Glra2	Extracellular; Cytoplasmic	Helical		True	True		True
Q7TNG8	Ldhd								True	literature, targetP signal+, yeast mito homolog+, mito protein domain, MS/MS++	MIM
Q7TNI7	Il17f				True
Q7TNJ0	Dcstamp	Cytoplasmic; Extracellular	Helical			True		True
Q7TNR6	Igsf21				True
Q7TNT2	Far2	Cytoplasmic; Peroxisomal	Helical			True		True
Q7TNV1	Tlcd3b		Helical			True
Q7TPD3	Robo2	Extracellular; Cytoplasmic	Helical		True	True		True
Q7TPG5	Tafa4				True
Q7TQ32	Hjv				True
Q7TQ33	Rgmb				True
Q7TQ95	Lnpk	Cytoplasmic; Lumenal	Helical			True		True
Q7TQA1	Igsf1	Extracellular; Cytoplasmic	Helical		True	True		True
Q7TQE6	Maco1		Helical			True
Q7TQH7	Lrp10	Extracellular; Cytoplasmic	Helical		True	True		True
Q7TQN3	Wfikkn2				True
Q7TQQ0	Or4e2	Extracellular; Cytoplasmic	Helical			True		True
Q7TS55	Tnfsf18	Cytoplasmic; Extracellular	Helical; Signal-anchor for type II membrane protein			True		True
Q7TSA3	Btla	Extracellular; Cytoplasmic	Helical		True	True		True
Q7TSF0	Dsg1c	Extracellular; Cytoplasmic	Helical		True	True		True
Q7TSF1	Dsg1b	Extracellular; Cytoplasmic	Helical		True	True		True
Q7TSH8	Tmem94	Cytoplasmic; Lumenal	Helical			True		True
Q7TSK2	Sez6	Extracellular; Cytoplasmic	Helical		True	True		True
Q7TSK3	Pcdh8	Extracellular; Cytoplasmic	Helical		True	True		True
Q7TSK7	Adamtsl2				True
Q7TSN2	Cd300c2	Extracellular; Cytoplasmic	Helical		True	True		True
Q7TSN7	Igsf5	Extracellular; Cytoplasmic	Helical		True	True		True
Q7TSP5	Vtcn1				True
Q7TST5	Lamp3	Lumenal; Cytoplasmic	Helical		True	True		True
Q7TSU7	Kirrel2	Extracellular; Cytoplasmic	Helical		True	True		True
Q7TT15	Galnt17	Cytoplasmic; Lumenal	Helical; Signal-anchor for type II membrane protein			True		True
Q80SU6	Slc34a3	Cytoplasmic; Extracellular	Helical			True		True
Q80SW1	Ahcyl1								True	mito protein domain+, induction	MOM
Q80SX8	Pif1								True	literature, yeast mito homolog, mito protein domain	Matrix
Q80T14	Fras1	Extracellular; Cytoplasmic	Helical		True	True		True
Q80T19	Hamp2				True
Q80T32	Adgrd1	Extracellular; Cytoplasmic	Helical		True	True		True
Q80T41	Gabbr2	Extracellular; Cytoplasmic	Helical		True	True		True
Q80TA1	Selenoi		Helical			True
Q80TG9	Lrfn2	Extracellular; Cytoplasmic	Helical		True	True		True
Q80TI0	Gramd1b		Helical			True
Q80TL1	Adcy2	Cytoplasmic	Helical			True		True
Q80TN5	Zdhhc17	Cytoplasmic; Lumenal	Helical			True		True
Q80TR1	Adgrl1	Extracellular; Cytoplasmic	Helical		True	True		True
Q80TR4	Slit1				True
Q80TS3	Adgrl3	Extracellular; Cytoplasmic	Helical		True	True		True
Q80U63	Mfn2	Cytoplasmic; Mitochondrial intermembrane	Helical			True		True	True	literature, mito protein domain+, induction, coexpression, MS/MS+	MOM
Q80UC6	Gpr62	Extracellular; Cytoplasmic	Helical			True		True
Q80UF9	Otop3	Cytoplasmic; Extracellular	Helical			True		True
Q80UG2	Plxna4	Extracellular; Cytoplasmic	Helical		True	True		True
Q80UG6	Alkal2				True
Q80UL9	Jaml	Extracellular; Cytoplasmic	Helical		True	True		True
Q80UM7	Mogs	Cytoplasmic; Lumenal	Helical; Signal-anchor for type II membrane protein			True		True
Q80UN9	Trit1								True	literature, APEX_matrix, targetP signal+, yeast mito homolog, Rickettsial homolog, mito protein domain, coexpression	Matrix
Q80UP8	Slc20a2	Extracellular; Cytoplasmic	Helical			True		True
Q80UU9	Pgrmc2		Helical			True
Q80UW0	Hs6st2	Cytoplasmic; Lumenal	Helical; Signal-anchor for type II membrane protein			True		True
Q80V26	Bpnt2	Cytoplasmic; Lumenal	Helical			True		True
Q80VA0	Galnt7	Cytoplasmic; Lumenal	Helical; Signal-anchor for type II membrane protein			True		True
Q80VJ8	Kash5	Cytoplasmic; Perinuclear space	Helical; Anchor for type IV membrane protein			True		True
Q80VL1	Tdrkh								True	GFP, mito protein domain, MS/MS	Membrane
Q80VM9	Otop1	Cytoplasmic; Extracellular	Helical			True		True
Q80VU4	Ntf4				True
Q80W54	Zmpste24	Lumenal; Nuclear	Helical			True		True
Q80W65	Pcsk9				True
Q80W68	Kirrel1	Extracellular; Cytoplasmic	Helical		True	True		True
Q80W94	Mogat2		Helical			True
Q80W99	Catsper3	Cytoplasmic; Extracellular	Helical	Helical; Pore-forming		True	True	True
Q80WG5	Lrrc8a	Cytoplasmic; Extracellular	Helical			True		True
Q80WJ7	Mtdh	Lumenal; Cytoplasmic	Helical			True		True
Q80WK2	Slc51b	Extracellular; Cytoplasmic	Helical			True		True
Q80WM4	Hapln4				True
Q80WM9	Tnfrsf14		Helical		True	True
Q80WQ6	Rhbdf2	Cytoplasmic; Lumenal	Helical			True		True
Q80WR1	Tspan18	Cytoplasmic; Extracellular	Helical			True		True
Q80WT0	Jph4	Cytoplasmic	Helical; Anchor for type IV membrane protein			True		True
Q80WT4	Gpr176	Extracellular; Cytoplasmic	Helical			True		True
Q80WV3	Chst2	Cytoplasmic; Lumenal	Helical; Signal-anchor for type II membrane protein			True		True
Q80WW9	Ddrgk1	Cytoplasmic	Helical			True		True
Q80X19	Col14a1				True
Q80X71	Tmem106b	Cytoplasmic; Lumenal	Helical			True		True
Q80X80	C2cd2l	Lumenal; Cytoplasmic	Helical			True		True
Q80X89	Ugt2a1	Extracellular; Cytoplasmic	Helical		True	True		True
Q80XD8	Prap1				True
Q80XF5	Il22ra2				True
Q80XG9	Lrrtm4	Extracellular; Cytoplasmic	Helical		True	True		True
Q80XH2	Impg2	Extracellular; Cytoplasmic	Helical		True	True		True
Q80XQ8	Fam168b	Cytoplasmic; Extracellular	Helical			True		True
Q80XR2	Atp2c1	Cytoplasmic; Extracellular	Helical			True		True
Q80XU8	Lrfn4	Extracellular; Cytoplasmic	Helical		True	True		True
Q80XZ4	Il22ra1	Extracellular; Cytoplasmic	Helical		True	True		True
Q80YA8	Crb2	Extracellular; Cytoplasmic	Helical		True	True		True
Q80YC5	F12				True
Q80YD1	Supv3l1								True	literature, APEX_matrix, targetP signal+, yeast mito homolog++, mito protein domain, induction, coexpression+, MS/MS+	Matrix
Q80YE4	Aatk		Helical			True
Q80YX1	Tnc				True
Q80Z10	Astn2	Lumenal; Cytoplasmic	Helical		True	True		True
Q80Z19	Muc2				True
Q80Z24	Negr1				True
Q80Z71	Tnn				True
Q80ZA4	Pkhd1l1	Extracellular; Cytoplasmic	Helical		True	True		True
Q80ZD3	Slc26a11	Extracellular; Cytoplasmic	Helical			True		True
Q80ZD8	Amigo1	Extracellular; Cytoplasmic	Helical		True	True		True
Q80ZE3	Siglec10	Extracellular; Cytoplasmic	Helical		True	True		True
Q80ZF2	Ifne				True
Q80ZF8	Adgrb3	Extracellular; Cytoplasmic	Helical		True	True		True
Q80ZQ0	Spaca4				True
Q810B7	Slitrk5	Extracellular; Cytoplasmic	Helical		True	True		True
Q810B8	Slitrk4	Extracellular; Cytoplasmic	Helical		True	True		True
Q810B9	Slitrk3	Extracellular; Cytoplasmic	Helical		True	True		True
Q810C0	Slitrk2	Extracellular; Cytoplasmic	Helical		True	True		True
Q810C1	Slitrk1	Extracellular; Cytoplasmic	Helical		True	True		True
Q810F0	Prima1	Extracellular; Cytoplasmic	Helical		True	True		True
Q810K3	Sgpp2		Helical			True
Q810M5	Zdhhc19		Helical			True
Q810S1	Mcub		Helical			True			True	literature, targetP signal+, mito protein domain+	MIM
Q810U3	Nfasc	Extracellular; Cytoplasmic	Helical		True	True		True
Q810U4	Nrcam	Extracellular; Cytoplasmic	Helical		True	True		True
Q811B1	Xylt1	Cytoplasmic; Lumenal	Helical; Signal-anchor for type II membrane protein			True		True
Q811B3	Adamts12				True
Q811U4	Mfn1	Cytoplasmic; Mitochondrial intermembrane	Helical			True		True	True	literature, yeast mito homolog++, mito protein domain+, induction, coexpression, MS/MS+	MOM
Q812C9	Aoc2	Cytoplasmic; Extracellular	Helical			True		True
Q812F3	Hyal5				True
Q812F8	Mgat4b	Cytoplasmic; Lumenal	Helical; Signal-anchor for type II membrane protein			True		True
Q812G0	Mgat4a	Cytoplasmic; Lumenal	Helical; Signal-anchor for type II membrane protein			True		True
Q8BFP9	Pdk1								True	literature, APEX_matrix, targetP signal+, yeast mito homolog+, mito protein domain+, MS/MS++	Matrix
Q8BFQ3	Gpr68	Extracellular; Cytoplasmic	Helical			True		True
Q8BFU0	Rspo2				True
Q8BFU8	Slc17a8	Cytoplasmic; Vesicular	Helical			True		True
Q8BFW6	Entpd3	Cytoplasmic; Extracellular	Helical			True		True
Q8BFY0	Pirt		Helical			True
Q8BG07	Pld4	Cytoplasmic; Lumenal	Signal-anchor for type II membrane protein			True		True
Q8BG16	Slc6a15	Cytoplasmic; Extracellular	Helical			True		True
Q8BG19	Tmtc4	Cytoplasmic; Extracellular	Helical			True		True
Q8BG21	Cacfd1	Cytoplasmic; Extracellular	Helical			True		True
Q8BG22	Clca2	Extracellular; Cytoplasmic	Helical		True	True		True
Q8BG39	Sv2b	Cytoplasmic; Extracellular	Helical			True		True
Q8BG47	Rnf152		Helical			True
Q8BG51	Rhot1	Cytoplasmic; Mitochondrial intermembrane	Helical; Anchor for type IV membrane protein			True		True	True	literature, targetP signal, yeast mito homolog, mito protein domain+, MS/MS+	MOM
Q8BG54	Sptlc3		Helical			True
Q8BG55	Gpr171	Extracellular; Cytoplasmic	Helical			True		True
Q8BG58	P4htm	Cytoplasmic; Lumenal	Helical; Signal-anchor for type II membrane protein			True		True
Q8BG84	Lair1	Extracellular; Cytoplasmic	Helical		True	True		True
Q8BGA3	Lrrtm2	Extracellular; Cytoplasmic	Helical		True	True		True
Q8BGC4	Ptgr3								True	targetP signal, mito protein domain, induction, coexpression+, MS/MS++	unknown
Q8BGD4	Slco4c1	Cytoplasmic; Extracellular	Helical			True		True
Q8BGD5	Cpt1c	Cytoplasmic; Lumenal	Helical			True		True	True	literature, yeast mito homolog+, mito protein domain	MOM
Q8BGD6	Slc38a9	Cytoplasmic; Lumenal	Helical			True		True
Q8BGF8	Slc35d3		Helical			True
Q8BGG0	Slc30a8	Cytoplasmic; Lumenal, vesicle	Helical			True		True
Q8BGH4	Reep1		Helical			True
Q8BGI3	Insig1	Cytoplasmic; Extracellular	Helical			True		True
Q8BGJ0	Zdhhc15	Cytoplasmic; Lumenal	Helical			True		True
Q8BGK6	Slc7a6	Cytoplasmic; Extracellular	Helical			True		True
Q8BGM5	Best2	Cytoplasmic; Extracellular	Helical			True		True
Q8BGN3	Enpp6				True
Q8BGQ4	Pomt2		Helical			True
Q8BGR2	Lrrc8d	Cytoplasmic; Extracellular	Helical			True		True
Q8BGS7	Cept1		Helical			True
Q8BGT0	Ostm1	Lumenal; Cytoplasmic	Helical		True	True		True
Q8BGT1	Flrt3	Extracellular; Cytoplasmic	Helical		True	True		True
Q8BGU2	Cbln2				True
Q8BGV3	Tacstd2	Extracellular; Cytoplasmic	Helical		True	True		True
Q8BGV8	Mief1	Mitochondrial intermembrane; Cytoplasmic	Helical			True		True	True	literature, mito protein domain, induction, coexpression	MOM | Matrix
Q8BGY9	Slc5a7	Extracellular; Cytoplasmic	Helical			True		True
Q8BH04	Pck2								True	literature, targetP signal+, mito protein domain, coexpression, MS/MS++	Matrix
Q8BH06	Il17re	Extracellular; Cytoplasmic	Helical		True	True		True
Q8BH26	Lyset		Helical			True
Q8BH31	Mfsd8	Cytoplasmic; Extracellular	Helical			True		True
Q8BH35	C8b		Beta stranded		True	True
Q8BH52	Creb3l2	Cytoplasmic; Lumenal	Helical; Signal-anchor for type II membrane protein			True		True
Q8BH59	Slc25a12	Mitochondrial intermembrane; Mitochondrial matrix	Helical			True		True	True	literature, yeast mito homolog+, mito protein domain+, induction, MS/MS++	MIM
Q8BH66	Atl1	Cytoplasmic; Lumenal	Helical			True		True
Q8BH95	Echs1								True	literature, APEX_matrix, targetP signal+, yeast mito homolog+, Rickettsial homolog, mito protein domain, induction, coexpression+, MS/MS++	Matrix
Q8BH97	Rcn3				True
Q8BH98	Mboat1		Helical			True
Q8BHB3	Lax1	Extracellular; Cytoplasmic	Helical; Signal-anchor for type III membrane protein			True		True
Q8BHB9	Clic6		Helical; Note=After insertion into the membrane			True
Q8BHC0	Lyve1	Extracellular; Cytoplasmic	Helical		True	True		True
Q8BHC7	Rhbdd1	Cytoplasmic; Lumenal	Helical			True		True
Q8BHE4	Tmem108		Helical			True
Q8BHG1	Nrdc				True				True	targetP signal, Rickettsial homolog, mito protein domain+	Matrix
Q8BHH1	Aqp11	Cytoplasmic; Lumenal	Helical			True		True
Q8BHI7	Elovl5		Helical			True
Q8BHJ7	Gabra5	Extracellular; Cytoplasmic	Helical		True	True		True
Q8BHK2	Scn3b	Extracellular; Cytoplasmic	Helical		True	True		True
Q8BHK3	Slc36a2	Cytoplasmic; Extracellular	Helical			True		True
Q8BHK6	Slamf7	Extracellular; Cytoplasmic	Helical		True	True		True
Q8BHL4	Gprc5a	Extracellular; Cytoplasmic	Helical			True		True
Q8BHN0	Ppm1l	Extracellular; Cytoplasmic	Helical			True		True
Q8BHN3	Ganab				True
Q8BHP7	Olfml2a				True
Q8BHS6	Armcx3	Mitochondrial intermembrane; Cytoplasmic	Helical; Signal-anchor			True		True	True	literature	MOM
Q8BHS8	Sybu		Helical			True
Q8BHT6	B3glct	Cytoplasmic; Lumenal	Helical; Signal-anchor for type II membrane protein			True		True
Q8BHY3	Ano1	Cytoplasmic; Extracellular	Helical			True		True
Q8BHY8	Snx14		Helical			True
Q8BI06	Cemip				True
Q8BI36	Jkamp	Lumenal; Cytoplasmic	Helical			True		True
Q8BI41	Synb	Extracellular; Cytoplasmic	Helical		True	True		True
Q8BI84	Mia3	Lumenal; Cytoplasmic	Helical		True	True	True	True
Q8BIF0	Cd99l2	Extracellular; Cytoplasmic	Helical		True	True		True
Q8BIK6	Tmprss7	Cytoplasmic; Extracellular	Helical; Signal-anchor for type II membrane protein			True		True
Q8BIX9	Ficd	Cytoplasmic; Lumenal	Helical; Signal-anchor for type II membrane protein			True		True
Q8BJ56	Pnpla2	Cytoplasmic; Extracellular	Helical			True		True
Q8BJ66	Kazald1				True
Q8BJ73	Rspo4				True
Q8BJA2	Slc41a1		Helical			True
Q8BJI1	Slc6a17	Cytoplasmic; Extracellular	Helical			True		True
Q8BJQ9	Csgalnact1	Cytoplasmic; Lumenal	Helical; Signal-anchor for type II membrane protein			True		True
Q8BJS4	Sun2	Nuclear; Perinuclear space	Helical			True		True
Q8BJU2	Tspan9	Cytoplasmic; Extracellular	Helical			True		True
Q8BJZ3	Tmbim1		Helical			True
Q8BK03	Miga2		Helical			True			True	literature,coexpression	MOM
Q8BK48	Ces2e				True
Q8BKD6	Rnf144b		Helical			True
Q8BKG3	Ptk7	Extracellular; Cytoplasmic	Helical		True	True		True
Q8BKG4	Fzd10	Extracellular; Cytoplasmic	Helical		True	True		True
Q8BKT6	Tspan12	Cytoplasmic; Extracellular	Helical			True		True
Q8BL03	Slc25a29		Helical			True			True	literature, yeast mito homolog+, mito protein domain+, MS/MS++	MIM
Q8BLA8	Trpa1	Cytoplasmic; Extracellular	Helical	Pore-forming		True	True	True
Q8BLC3	Lypd1				True
Q8BLD9	Drd5	Extracellular; Cytoplasmic	Helical			True		True
Q8BLE7	Slc17a6	Cytoplasmic; Vesicular	Helical			True		True
Q8BLF1	Nceh1	Cytoplasmic; Lumenal	Helical; Signal-anchor for type II membrane protein			True		True
Q8BLI4	Dse	Lumenal; Cytoplasmic	Helical		True	True		True
Q8BLN6	Unc80		Helical			True
Q8BLQ9	Cadm2	Extracellular; Cytoplasmic	Helical		True	True		True
Q8BLU0	Flrt2	Extracellular; Cytoplasmic	Helical		True	True		True
Q8BLV3	Slc9a7	Cytoplasmic; Lumenal	Helical			True		True
Q8BLY1	Smoc1				True
Q8BLY3	Lrfn3	Extracellular; Cytoplasmic	Helical		True	True		True
Q8BM13	Olfm2				True
Q8BM15	Stg				True
Q8BMD8	Slc25a24	Mitochondrial intermembrane; Mitochondrial matrix	Helical			True		True	True	literature, APEX_IMS, yeast mito homolog+, mito protein domain+, MS/MS++	MIM
Q8BME9	Cbln4				True
Q8BMF4	Dlat								True	literature, APEX_matrix, targetP signal, yeast mito homolog+, Rickettsial homolog, mito protein domain+, induction, coexpression++, MS/MS++	Matrix
Q8BMF5	Grik4	Extracellular; Cytoplasmic	Helical		True	True		True
Q8BMF8	Gldn	Cytoplasmic; Extracellular	Helical; Signal-anchor for type II membrane protein			True		True
Q8BMK4	Ckap4	Cytoplasmic; Extracellular	Helical			True		True
Q8BMN3	Chrnb3	Extracellular; Cytoplasmic	Helical		True	True		True
Q8BMP4	Gper1	Extracellular; Cytoplasmic	Helical			True		True
Q8BMS1	Hadha								True	literature, APEX_matrix, targetP signal+, yeast mito homolog+, Rickettsial homolog, mito protein domain, coexpression++, MS/MS++	MIM
Q8BMS2	Spon2				True
Q8BMS4	Coq3								True	APEX_matrix, targetP signal+, yeast mito homolog++, Rickettsial homolog, mito protein domain+, induction, coexpression+, MS/MS+	MIM
Q8BMT4	Nrros	Extracellular; Cytoplasmic	Helical		True	True		True
Q8BMT9	Hhat	Cytoplasmic; Lumenal	Helical			True	True	True
Q8BMY7	Spink2				True
Q8BN21	Vrk2		Helical; Anchor for type IV membrane protein			True
Q8BN82	Slc17a5	Cytoplasmic; Lumenal	Helical			True		True
Q8BNA6	Fat3	Extracellular; Cytoplasmic	Helical		True	True		True
Q8BND5	Qsox1		Helical		True	True
Q8BNI4	Derl2	Cytoplasmic; Lumenal	Helical			True		True
Q8BNJ2	Adamts4				True
Q8BNJ6	Neto2	Extracellular; Cytoplasmic	Helical		True	True		True
Q8BNQ3	Gpr137b	Lumenal; Cytoplasmic	Helical			True		True
Q8BPB5	Efemp1				True
Q8BPM6	Ric3	Lumenal; Cytoplasmic	Helical		True	True		True
Q8BPP5	Lypd6				True
Q8BPT6	Immp2l		Helical			True			True	literature, yeast mito homolog++, mito protein domain, coexpression, MS/MS	MIM
Q8BPX9	Slc15a3	Cytoplasmic; Extracellular	Helical			True		True
Q8BQ86	Chst8	Cytoplasmic; Lumenal	Helical; Signal-anchor for type II membrane protein			True		True
Q8BQS5	Adipor2	Cytoplasmic; Extracellular	Helical			True		True
Q8BQU6	Gjc2	Cytoplasmic; Extracellular	Helical			True		True
Q8BR76	Tmem67	Extracellular; Cytoplasmic	Helical; Discontinuously helical	Helical	True	True	True	True
Q8BR86	Kirrel3	Extracellular; Cytoplasmic	Helical		True	True		True
Q8BRH0	Tmtc3	Cytoplasmic; Extracellular	Helical			True		True
Q8BRK9	Man2a2	Cytoplasmic; Lumenal	Helical; Signal-anchor for type II membrane protein			True		True
Q8BRU4	Clec9a	Cytoplasmic; Extracellular	Helical; Signal-anchor for type II membrane protein			True		True
Q8BRU6	Slc18a2	Cytoplasmic; Extracellular	Helical			True		True
Q8BS95	Gpr89		Helical			True
Q8BSF4	Pisd	Mitochondrial matrix; Mitochondrial intermembrane	Helical			True		True	True	targetP signal, yeast mito homolog++, mito protein domain, MS/MS	MIM
Q8BSM7	Slc43a1		Helical			True
Q8BSU2	Cxcl16	Extracellular; Cytoplasmic	Helical		True	True		True
Q8BSY0	Asph	Cytoplasmic; Lumenal	Helical; Signal-anchor for type II membrane protein			True		True
Q8BT35	Mtln	Mitochondrial matrix; Mitochondrial intermembrane	Helical			True		True
Q8BTJ4	Enpp4	Extracellular; Cytoplasmic	Helical		True	True		True
Q8BTW8	Cdk5rap1								True	literature,targetP signal, Rickettsial homolog, mito protein domain	Matrix
Q8BTY2	Slc4a7	Extracellular; Cytoplasmic	Helical			True		True
Q8BU91	Slc26a9	Cytoplasmic; Extracellular	Helical	Helical		True	True	True
Q8BUD0	Gpr4	Extracellular; Cytoplasmic	Helical			True		True
Q8BUE1	Slc9a4	Cytoplasmic; Extracellular	Helical	Name=A/M1; Name=B/M2; Name=L		True	True	True
Q8BUE4	Aifm2		Helical			True			True	literature, yeast mito homolog, Rickettsial homolog, mito protein domain, coexpression	Membrane
Q8BUJ9	Lrp12	Extracellular; Cytoplasmic	Helical		True	True		True
Q8BUN9	Slc24a2	Cytoplasmic; Extracellular	Helical			True		True
Q8BUW1	Kcnk10	Cytoplasmic	Helical	Pore-forming		True	True	True
Q8BUX5	Rhbg	Cytoplasmic; Extracellular	Helical			True		True
Q8BV57	Ssc5d				True
Q8BVF7	Aph1a	Lumenal; Cytoplasmic	Helical			True		True
Q8BVG5	Galnt14	Cytoplasmic; Lumenal	Helical; Signal-anchor for type II membrane protein			True		True
Q8BVN3	Catsper4	Cytoplasmic; Extracellular	Helical	Helical; Pore-forming		True	True	True
Q8BVN4	Mterf4								True	APEX_matrix, targetP signal, mito protein domain+, coexpression	Matrix
Q8BVN7	Slc25a41		Helical			True			True	yeast mito homolog+, mito protein domain+	MIM
Q8BW41	Pomgnt2	Cytoplasmic; Lumenal	Helical; Signal-anchor for type II membrane protein			True		True
Q8BW75	Maob	Cytoplasmic; Mitochondrial intermembrane	Helical; Anchor for type IV membrane protein			True		True	True	literature, mito protein domain, MS/MS++	MOM
Q8BWB6	Steap2		Helical			True
Q8BWC0	Tpcn2	Cytoplasmic; Extracellular	Helical	Helical; Pore-forming		True	True	True
Q8BWF0	Aldh5a1								True	APEX_matrix, targetP signal, mito protein domain, MS/MS++	Matrix
Q8BWF2	Gimap5	Cytoplasmic; Mitochondrial intermembrane	Helical; Anchor for type IV membrane protein			True		True
Q8BWG9	Orai1	Cytoplasmic; Extracellular	Helical			True		True
Q8BWH0	Slc38a7		Helical			True
Q8BWM0	Ptges2	Lumenal; Cytoplasmic	Helical			True		True	True	literature, APEX_IMS, APEX_matrix, targetP signal, mito protein domain, induction, coexpression+, MS/MS++	MIM
Q8BWP8	B4gat1	Cytoplasmic; Lumenal	Helical; Signal-anchor for type II membrane protein			True		True
Q8BWT1	Acaa2								True	literature, APEX_matrix, targetP signal, Rickettsial homolog, mito protein domain, induction, coexpression+, MS/MS++	Matrix
Q8BWU1	Sprn				True
Q8BWY7	Slc39a11		Helical			True
Q8BX10	Pgam5	Mitochondrial matrix; Mitochondrial intermembrane	Helical			True		True	True	APEX_IMS, mito protein domain, coexpression, MS/MS++	MOM
Q8BX43	Relt	Extracellular; Cytoplasmic	Helical		True	True		True
Q8BX90	Fndc3a		Helical			True
Q8BXA0	Lrfn5	Extracellular; Cytoplasmic	Helical		True	True		True
Q8BXA6	Cldn17	Cytoplasmic; Extracellular	Helical			True		True
Q8BXB6	Slco2b1	Cytoplasmic; Extracellular	Helical			True		True
Q8BXK9	Clic5		Helical; Note=After insertion into the membrane			True
Q8BXN7	Ppm1k								True	literature, targetP signal, mito protein domain	Matrix
Q8BXN9	Tmem87a	Lumenal; Cytoplasmic	Helical		True	True		True
Q8BXQ2	Pigt	Lumenal; Cytoplasmic	Helical		True	True		True
Q8BXR1	Slc7a14		Helical			True
Q8BXR5	Nalcn	Cytoplasmic; Extracellular	Helical; Helical; Voltage-sensor	Pore-forming		True	True	True
Q8BY89	Slc44a2	Cytoplasmic; Extracellular	Helical			True		True
Q8BYB9	Poglut1				True
Q8BYF6	Slc5a8	Extracellular; Cytoplasmic	Helical			True		True
Q8BYI6	Lpcat2	Cytoplasmic; Lumenal	Helical; Signal-anchor for type II membrane protein			True		True
Q8BYI9	Tnr				True
Q8BYM5	Nlgn3	Extracellular; Cytoplasmic	Helical		True	True		True
Q8BYM8	Cars2								True	APEX_matrix, targetP signal+, Rickettsial homolog, mito protein domain, coexpression++, MS/MS	Matrix
Q8BYR8	Slc41a2	Extracellular; Cytoplasmic	Helical			True		True
Q8BZ00	Slc9a9	Lumenal; Cytoplasmic	Helical			True		True
Q8BZ39	Nmur2	Extracellular; Cytoplasmic	Helical			True		True
Q8BZ64	Tctn1				True
Q8BZB3	Tmem266	Cytoplasmic; Extracellular	Helical			True		True
Q8BZH0	Slc39a13	Lumenal; Cytoplasmic	Helical			True		True
Q8BZL1	Neu4								True	GFP, targetP signal+	MOM
Q8BZQ2	Crispld2				True
Q8BZT5	Lrrc19	Extracellular; Cytoplasmic	Helical		True	True		True
Q8BZT7	Pla2g3				True
Q8C025	Chpt1	Cytoplasmic; Lumenal	Helical			True		True	True	targetP signal, mito protein domain, induction, coexpression+	MIM
Q8C031	Lrrc4c		Helical		True	True
Q8C0G2	Traf3ip3	Cytoplasmic; Extracellular	Helical; Anchor for type IV membrane protein			True		True
Q8C0N2	Gpat3		Helical			True
Q8C0T0	Xkr8	Cytoplasmic; Extracellular	Helical			True		True
Q8C0T9	Adcy10								True	literature,mito protein domain	Membrane
Q8C0X2	Slc9b1		Helical			True
Q8C0X7	Slco6c1	Cytoplasmic; Extracellular	Helical			True		True
Q8C102	Galnt5	Cytoplasmic; Lumenal	Helical; Signal-anchor for type II membrane protein			True		True
Q8C110	Slitrk6	Extracellular; Cytoplasmic	Helical		True	True		True
Q8C119	Ndnf				True
Q8C129	Lnpep	Cytoplasmic; Extracellular	Helical; Signal-anchor for type II membrane protein			True		True
Q8C131	Hcar1	Extracellular; Cytoplasmic	Helical			True		True
Q8C138	Adtrp	Cytoplasmic; Extracellular	Helical			True		True
Q8C145	Slc39a6	Extracellular; Cytoplasmic	Helical		True	True		True
Q8C165	Pm20d1				True
Q8C167	Prepl								True	APEX_matrix, targetP signal, Rickettsial homolog	Matrix
Q8C170	Myo9a		Helical			True
Q8C172	Cers6	Lumenal; Cytoplasmic	Helical			True		True
Q8C196	Cps1								True	literature, APEX_matrix, targetP signal, yeast mito homolog, Rickettsial homolog, mito protein domain, MS/MS++	Matrix
Q8C1E7	Tmem120a	Cytoplasmic; Extracellular	Helical			True		True
Q8C1Q4	Metrn				True
Q8C1Q6	Uqcc5	Mitochondrial matrix; Mitochondrial intermembrane	Helical			True		True
Q8C255	Dpep2				True
Q8C310	Robo4				True
Q8C341	Suco		Helical		True	True
Q8C3K6	Slc5a1	Extracellular; Cytoplasmic	Helical			True		True
Q8C3Q5	Shisa7	Extracellular; Cytoplasmic	Helical		True	True		True
Q8C3Q9	Casp9								True	literature,mito protein domain	IMS
Q8C419	Gpr158	Extracellular; Cytoplasmic	Helical		True	True		True
Q8C4A0	Aqp6	Cytoplasmic; Extracellular	Helical	Discontinuously helical		True	True	True
Q8C4U3	Sfrp1				True
Q8C4X7	Minar2		Helical			True
Q8C5H1	Ano4	Cytoplasmic; Extracellular	Helical			True		True
Q8C5H8	Nadk2								True	APEX_matrix, targetP signal, mito protein domain, coexpression, MS/MS++	Matrix
Q8C5W0	Clmn		Helical; Anchor for type IV membrane protein			True
Q8C5Y2	Misfa	Mitochondrial intermembrane; Cytoplasmic	Helical			True		True
Q8C784	Mosmo		Helical			True
Q8C7E7	Stbd1	Extracellular; Cytoplasmic	Helical			True		True
Q8C7G5	Apoa5				True
Q8C7N7	Aph1b		Helical			True
Q8C7U7	Galnt6	Cytoplasmic; Lumenal	Helical; Signal-anchor for type II membrane protein			True		True
Q8C7V8	Ccdc134				True
Q8C838	Trarg1	Cytoplasmic; Extracellular	Helical	Helical		True	True	True
Q8C8N2	Scai		Helical			True
Q8C8N3	Vwc2				True
Q8C8S3	Tmem150c	Cytoplasmic; Extracellular	Helical			True		True
Q8C8T7	Elfn1	Extracellular; Cytoplasmic	Helical		True	True		True
Q8C985	Nrxn3	Extracellular; Cytoplasmic	Helical		True	True		True
Q8C996	Tmem163	Cytoplasmic; Extracellular	Helical			True		True
Q8C9E8	Calhm6	Cytoplasmic; Extracellular	Helical			True		True
Q8C9W3	Adamts2				True
Q8CA03	Slc46a2	Cytoplasmic; Extracellular	Helical			True		True
Q8CAE3	Kcnmb1	Cytoplasmic; Extracellular	Helical			True		True
Q8CAQ8	Immt	Mitochondrial matrix; Mitochondrial intermembrane	Helical			True		True	True	literature, targetP signal, yeast mito homolog, mito protein domain+, coexpression++, MS/MS++	MIM
Q8CBF3	Ephb1	Extracellular; Cytoplasmic	Helical		True	True		True
Q8CBG9	Rnf170	Lumenal; Cytoplasmic	Helical			True		True
Q8CBR1	Ildr1	Extracellular; Cytoplasmic	Helical		True	True		True
Q8CBR6	Tsku				True
Q8CBX0	Tmem63c	Extracellular; Cytoplasmic	Helical			True		True
Q8CC12	Cdan1		Helical			True
Q8CC88	Vwa8								True	APEX_matrix, targetP signal, yeast mito homolog, mito protein domain, coexpression+, MS/MS++	Matrix
Q8CD10	Micu2								True	literature, APEX_IMS, GFP, targetP signal+, mito protein domain, MS/MS+	MIM
Q8CD54	Piezo2	Cytoplasmic; Extracellular	Helical			True		True
Q8CD91	Smoc2				True
Q8CE08	Acp3				True
Q8CE23	Qrfp				True
Q8CE72	Cplane1		Helical			True
Q8CEG0	Panx3	Cytoplasmic; Extracellular	Helical			True		True
Q8CF31	Frey1		Helical			True
Q8CF93	Galnt13	Cytoplasmic; Lumenal	Helical; Signal-anchor for type II membrane protein			True		True
Q8CF98	Colec10				True
Q8CFE6	Slc38a2	Cytoplasmic; Extracellular	Helical			True		True
Q8CFG0	Sulf2				True
Q8CFG8	C1s2				True
Q8CFG9	C1rb				True
Q8CFR0	C1ql2				True
Q8CFV4	Nrn1				True
Q8CFV9	Rfk								True	targetP signal, yeast mito homolog++, MS/MS	Matrix
Q8CFW1	Ano2	Cytoplasmic; Extracellular	Helical			True		True
Q8CFX1	H6pd				True
Q8CFY5	Cox10		Helical			True			True	literature, targetP signal, yeast mito homolog, Rickettsial homolog, mito protein domain, induction, coexpression++	MIM
Q8CFZ4	Gpc3				True
Q8CFZ5	Slc22a12		Helical			True
Q8CG14	C1s1				True
Q8CG16	C1ra				True
Q8CG19	Ltbp1				True
Q8CG64	Fkrp	Cytoplasmic; Lumenal	Helical			True		True
Q8CG70	P3h3				True
Q8CG71	P3h2				True
Q8CG76	Akr7a2								True	APEX_matrix, targetP signal+, coexpression, MS/MS++	Matrix
Q8CGA3	Slc43a2		Helical			True
Q8CGK3	Lonp1								True	literature, APEX_matrix, targetP signal+, yeast mito homolog+, Rickettsial homolog, mito protein domain, induction, coexpression, MS/MS++	Matrix
Q8CGK5	Ifnlr1	Extracellular; Cytoplasmic	Helical		True	True		True
Q8CGM1	Adgrb2	Extracellular; Cytoplasmic	Helical		True	True		True
Q8CGQ8	Slc24a4	Extracellular; Cytoplasmic	Helical		True	True		True
Q8CGS6	Polq								True	literature,targetP signal, Rickettsial homolog, mito protein domain	Matrix
Q8CHK3	Mboat7	Cytoplasmic; Lumenal	Helical			True		True
Q8CHS7	Dhrs7c				True
Q8CHT0	Aldh4a1								True	literature, APEX_matrix, targetP signal+, yeast mito homolog++, mito protein domain, coexpression, MS/MS++	Matrix
Q8CHX6	Mbtps2	Cytoplasmic; Lumenal	Helical			True		True
Q8CI19	Pdgfc				True
Q8CI52	Gramd1c		Helical			True
Q8CI59	Steap3	Cytoplasmic; Vesicular	Helical			True		True
Q8CI85	Ca12	Extracellular; Cytoplasmic	Helical		True	True		True
Q8CID3	Fam20a				True
Q8CIF4	Btd				True
Q8CIF6	Sidt2	Extracellular; Cytoplasmic	Helical		True	True		True
Q8CII8	Syne4	Cytoplasmic; Perinuclear space	Helical; Anchor for type IV membrane protein			True		True
Q8CII9	Crlf2	Extracellular; Cytoplasmic	Helical		True	True		True
Q8CIP3	Mrgprx1	Extracellular; Cytoplasmic	Helical			True		True
Q8CIR4	Trpm6	Cytoplasmic; Extracellular	Helical	Pore-forming		True	True	True
Q8CIT0	Crh				True
Q8CIV2	Tmem259		Helical			True
Q8CIW5	Twnk								True	literature, APEX_matrix, targetP signal+, Rickettsial homolog, induction, coexpression	Matrix
Q8CIW6	Slc26a6	Cytoplasmic; Extracellular	Helical			True		True
Q8CIZ8	Vwf				True
Q8CIZ9	Nox1	Cytoplasmic; Extracellular	Helical			True		True
Q8CJ12	Adgrg2	Extracellular; Cytoplasmic	Helical		True	True		True
Q8CJ26	Nradd	Extracellular; Cytoplasmic	Helical; Signal-anchor for type III membrane protein			True		True
Q8CJ69	Bmper				True
Q8CJ91	Cd209b	Cytoplasmic; Extracellular	Helical; Signal-anchor for type II membrane protein			True		True
Q8CJC7	Klre1	Cytoplasmic; Extracellular	Helical; Signal-anchor for type II membrane protein			True		True
Q8CJH3	Plxnb1	Extracellular; Cytoplasmic	Helical		True	True		True
Q8HWB0	Mr1	Extracellular; Cytoplasmic	Helical		True	True		True
Q8HWE5	Mill2				True
Q8HWE7	Mill1				True
Q8JZL1	Il17rd	Extracellular; Cytoplasmic	Helical		True	True		True
Q8JZL2	Mchr1	Extracellular; Cytoplasmic	Helical			True		True
Q8JZM0	Tfb1m								True	literature, APEX_matrix, Rickettsial homolog, mito protein domain, MS/MS+	Matrix
Q8JZM4	Dner	Extracellular; Cytoplasmic	Helical		True	True		True
Q8JZM8	Muc4		Helical		True	True
Q8JZN5	Acad9								True	literature, APEX_matrix, targetP signal+, mito protein domain+, MS/MS++	MIM
Q8JZN7	Rhot2	Cytoplasmic; Mitochondrial intermembrane	Helical; Anchor for type IV membrane protein			True		True	True	literature, yeast mito homolog, mito protein domain+, induction, coexpression	MOM
Q8JZQ2	Afg3l2		Helical			True			True	literature, APEX_matrix, targetP signal, yeast mito homolog, Rickettsial homolog, mito protein domain+, induction, coexpression++, MS/MS++	MIM
Q8JZQ5	Aoc1				True
Q8JZR0	Acsl5	Cytoplasmic	Helical; Signal-anchor for type III membrane protein			True		True
Q8JZR4	Slc1a7	Cytoplasmic; Extracellular	Helical			True		True
Q8JZR6	Slc4a8	Extracellular; Cytoplasmic	Helical			True		True
Q8JZU2	Slc25a1		Helical			True			True	literature, yeast mito homolog++, mito protein domain+, coexpression, MS/MS++	MIM
Q8JZZ7	Adgrl2	Extracellular; Cytoplasmic	Helical		True	True		True
Q8K007	Sulf1				True
Q8K009	Aldh1l2								True	literature, APEX_matrix, targetP signal, yeast mito homolog, Rickettsial homolog, mito protein domain, coexpression, MS/MS	Matrix
Q8K021	Scamp1	Cytoplasmic; Lumenal	Helical			True		True
Q8K078	Slco4a1	Cytoplasmic; Extracellular	Helical			True		True
Q8K087	Cmklr2	Extracellular; Cytoplasmic	Helical			True		True
Q8K093	Trhde	Cytoplasmic; Extracellular	Helical; Signal-anchor for type II membrane protein			True		True
Q8K097	Faim2		Helical			True
Q8K099	Lrit1	Lumenal; Cytoplasmic	Helical		True	True		True
Q8K0B2	Lmbrd1	Extracellular; Cytoplasmic	Helical			True		True
Q8K0C4	Cyp51a1		Helical			True
Q8K0E8	Fgb				True
Q8K0H1	Slc47a1	Cytoplasmic; Extracellular	Helical			True		True
Q8K0L2	Entpd8	Cytoplasmic; Extracellular	Helical			True		True
Q8K0L3	Acsm2								True	yeast mito homolog, Rickettsial homolog, mito protein domain, MS/MS+	Matrix
Q8K0S5	Rtn4rl1		Helical		True	True
Q8K0T0	Rtn1		Helical			True
Q8K135	Kiaa0319l	Cytoplasmic; Extracellular	Helical			True		True
Q8K182	C8a		Beta stranded		True	True
Q8K1A0	Mettl5								True	Rickettsial homolog, mito protein domain+, induction, coexpression	Matrix
Q8K1A5	Tmem41b		Helical			True
Q8K1B9	Galnt18	Cytoplasmic; Lumenal	Helical; Signal-anchor for type II membrane protein			True		True
Q8K1C0	Angel2								True	APEX_matrix, mito protein domain, MS/MS	Matrix
Q8K1E0	Stx5	Cytoplasmic; Vesicular	Helical; Anchor for type IV membrane protein			True		True
Q8K1E3	Dlk2	Extracellular; Cytoplasmic	Helical		True	True		True
Q8K1F9	Lctl	Extracellular; Cytoplasmic	Helical		True	True		True
Q8K1G2	Evc2	Extracellular; Cytoplasmic	Helical		True	True		True
Q8K1H9	Obp2a				True
Q8K1J6	Trnt1								True	literature, targetP signal, yeast mito homolog, Rickettsial homolog, mito protein domain, induction, MS/MS	Matrix
Q8K1M6	Dnm1l								True	literature, yeast mito homolog+, mito protein domain, induction	MOM
Q8K1N1	Pnpla8		Helical			True			True	APEX_matrix, Rickettsial homolog, induction, coexpression++, MS/MS+	MIM
Q8K1R3	Pnpt1								True	literature, APEX_matrix, targetP signal, Rickettsial homolog, mito protein domain	Matrix|IMS
Q8K1S1	Lgi4				True
Q8K1S2	Unc5d	Extracellular; Cytoplasmic	Helical		True	True		True
Q8K1S3	Unc5b	Extracellular; Cytoplasmic	Helical		True	True		True
Q8K1S4	Unc5a	Extracellular; Cytoplasmic	Helical		True	True		True
Q8K1S7	Kremen2	Extracellular; Cytoplasmic	Helical		True	True		True
Q8K1T0	Tmprss3	Cytoplasmic; Extracellular	Helical; Signal-anchor for type II membrane protein			True		True
Q8K1T1	Lrrc25	Extracellular; Cytoplasmic	Helical		True	True		True
Q8K1T6	Ly6g6e				True
Q8K1X4	Nckap1l		Helical			True
Q8K1Z0	Coq9								True	APEX_matrix, targetP signal+, yeast mito homolog++, Rickettsial homolog, mito protein domain+, induction, coexpression, MS/MS++	MIM
Q8K1Z6	Gpr18	Extracellular; Cytoplasmic	Helical			True		True
Q8K209	Adgrg1	Extracellular; Cytoplasmic	Helical		True	True		True
Q8K211	Slc31a1	Extracellular; Cytoplasmic	Helical			True		True
Q8K273	Mmgt1	Cytoplasmic; Lumenal	Helical			True		True
Q8K299	Scara5	Cytoplasmic; Extracellular	Helical; Signal-anchor for type II membrane protein			True		True
Q8K2B0	P3h4				True
Q8K2B3	Sdha								True	literature, APEX_matrix, targetP signal, yeast mito homolog++, Rickettsial homolog, mito protein domain, induction, coexpression++, MS/MS++	MIM
Q8K2C6	Sirt5								True	literature, APEX_matrix, targetP signal, mito protein domain, induction, coexpression, MS/MS	Matrix
Q8K2C7	Os9				True
Q8K2C8	Gpat4		Helical		True	True
Q8K2C9	Hacd3	Cytoplasmic; Lumenal	Helical			True		True
Q8K2I3	Fmo2		Helical			True
Q8K2I4	Manba				True
Q8K2P7	Slc38a1	Cytoplasmic; Extracellular	Helical			True		True
Q8K2X1	Atp10d	Cytoplasmic; Exoplasmic loop	Helical			True		True
Q8K348	Acvr1c	Extracellular; Cytoplasmic	Helical		True	True		True
Q8K377	Lrrtm1	Extracellular; Cytoplasmic	Helical		True	True		True
Q8K3A0	Hscb								True	APEX_matrix, GFP, targetP signal, yeast mito homolog++, Rickettsial homolog, mito protein domain, MS/MS	Matrix
Q8K3F2	Mmp21				True
Q8K3F6	Kcnq3	Cytoplasmic; Extracellular	Helical; Helical; Voltage-sensor	Pore-forming		True	True	True
Q8K3I6	Il27				True
Q8K3J1	Ndufs8								True	literature, APEX_matrix, targetP signal, Rickettsial homolog, mito protein domain, induction, coexpression++, MS/MS++	MIM
Q8K3K7	Agpat2	Lumenal; Cytoplasmic	Helical		True	True		True
Q8K3P1	P2rx2	Cytoplasmic; Extracellular	Helical			True		True
Q8K406	Lgi3				True
Q8K409	Polb								True	literature	Matrix
Q8K410	Adam32	Extracellular; Cytoplasmic	Helical		True	True		True
Q8K411	Pitrm1								True	literature, APEX_matrix, targetP signal+, yeast mito homolog++, mito protein domain+, coexpression, MS/MS++	Matrix
Q8K424	Trpv3	Cytoplasmic; Extracellular	Helical	Pore-forming		True	True	True
Q8K440	Abca8b		Helical			True
Q8K442	Abca8a		Helical			True
Q8K445	Clrn1		Helical			True
Q8K448	Abca5		Helical			True
Q8K479	C1qtnf5				True
Q8K480	Mfrp	Cytoplasmic; Extracellular	Helical; Signal-anchor for type II membrane protein			True		True
Q8K482	Emilin2				True
Q8K4B4	Il23r	Extracellular; Cytoplasmic	Helical		True	True		True
Q8K4C2	Il17rc	Extracellular; Cytoplasmic	Helical		True	True		True
Q8K4C5	Il17c				True
Q8K4D3	Slc36a1	Cytoplasmic; Extracellular	Helical			True		True
Q8K4F0	Cd226	Extracellular; Cytoplasmic	Helical		True	True		True
Q8K4F5	Abhd11								True	literature, APEX_matrix, targetP signal+, yeast mito homolog++, Rickettsial homolog, mito protein domain, coexpression+, MS/MS++	Matrix
Q8K4G1	Ltbp4				True
Q8K4L6	Mepe				True
Q8K4Q8	Colec12	Cytoplasmic; Extracellular	Helical; Signal-anchor for type II membrane protein			True		True
Q8K4T1	St8sia6	Cytoplasmic; Lumenal	Helical; Signal-anchor for type II membrane protein			True		True
Q8K4X7	Agpat4		Helical			True			True	literature,mito protein domain, induction	MOM
Q8K4Z2	Fndc5		Helical			True
Q8K4Z3	Naxe								True	APEX_matrix, targetP signal, yeast mito homolog, mito protein domain, coexpression, MS/MS++	Matrix
Q8K4Z6	Gprc6a	Extracellular; Cytoplasmic	Helical		True	True		True
Q8K558	Treml1	Extracellular; Cytoplasmic	Helical		True	True		True
Q8K592	Amhr2	Extracellular; Cytoplasmic	Helical		True	True		True
Q8K595	Mcoln2	Cytoplasmic; Extracellular	Helical	Pore-forming		True	True	True
Q8K596	Slc8a2		Helical		True	True
Q8K5B1	Il31ra	Extracellular; Cytoplasmic	Helical		True	True		True
Q8QZS5	Rnf183	Cytoplasmic; Lumenal	Helical; Anchor for type IV membrane protein			True		True
Q8QZT1	Acat1								True	literature, APEX_matrix, targetP signal, Rickettsial homolog, mito protein domain, induction, coexpression+, MS/MS++	Matrix
Q8QZT4	Crb3	Extracellular; Cytoplasmic	Helical		True	True		True
Q8QZY6	Tspan14	Cytoplasmic; Extracellular	Helical			True		True
Q8R000	Slc51a	Extracellular; Cytoplasmic	Helical			True		True
Q8R007	Nectin4	Extracellular; Cytoplasmic	Helical		True	True		True
Q8R035	Mrpl58								True	APEX_matrix, GFP, targetP signal+, mito protein domain, induction, coexpression, MS/MS	Matrix
Q8R054	Srpx2				True
Q8R066	C1qtnf4				True
Q8R079	Bfar	Cytoplasmic; Extracellular	Helical			True		True
Q8R087	B4galt7	Cytoplasmic; Lumenal	Helical; Signal-anchor for type II membrane protein			True		True
Q8R090	Slc18a1	Cytoplasmic; Lumenal, vesicle	Helical			True		True
Q8R0A6	Vstm2a				True
Q8R0C3	Slc26a8	Cytoplasmic; Extracellular	Helical			True		True
Q8R0F3	Sumf1				True
Q8R0F8	Fahd1								True	literature, APEX_matrix, yeast mito homolog, mito protein domain, coexpression, MS/MS++	Matrix
Q8R0G7	Spns1		Helical			True
Q8R0I0	Ace2	Extracellular; Cytoplasmic	Helical		True	True		True
Q8R0N9	Zdhhc1	Cytoplasmic; Lumenal	Helical			True		True
Q8R0S9	Slc22a22	Cytoplasmic; Extracellular	Helical			True		True
Q8R0T6	Adgrg3	Extracellular; Cytoplasmic	Helical		True	True		True
Q8R0W6	Ndfip1	Cytoplasmic; Extracellular	Helical			True		True
Q8R0X7	Sgpl1	Lumenal; Cytoplasmic	Helical; Signal-anchor for type III membrane protein			True		True
Q8R0Y6	Aldh1l1								True	APEX_matrix, yeast mito homolog, Rickettsial homolog, mito protein domain, induction, coexpression, MS/MS	Matrix
Q8R104	Sirt3								True	literature, APEX_matrix, mito protein domain, induction, coexpression, MS/MS+	Matrix
Q8R107	Prelid1								True	literature, APEX_IMS, GFP, targetP signal, yeast mito homolog++, mito protein domain+	IMS
Q8R116	Notum				True
Q8R121	Serpina10				True
Q8R123	Flad1								True	APEX_matrix, mito protein domain, induction, coexpression	Matrix
Q8R138	Tmem119	Extracellular; Cytoplasmic	Helical		True	True		True
Q8R139	Slc29a4	Extracellular; Cytoplasmic	Helical			True		True
Q8R173	Zdhhc3	Cytoplasmic; Lumenal	Helical			True		True
Q8R180	Ero1a				True
Q8R182	Prrg2	Extracellular; Cytoplasmic	Helical		True	True		True
Q8R183	Timd2	Extracellular; Cytoplasmic	Helical		True	True		True
Q8R191	Syngr3		Helical			True
Q8R1C0	Kcnc4	Cytoplasmic	Helical; Helical; Voltage-sensor			True		True
Q8R1I1	Uqcr10	Mitochondrial matrix; Mitochondrial intermembrane	Helical			True		True	True	literature, yeast mito homolog++, mito protein domain+, induction, coexpression++, MS/MS++	MIM
Q8R1I2	Grp				True
Q8R1L8	Angptl8				True
Q8R1P5	Kcnk13	Cytoplasmic; Extracellular	Helical			True		True
Q8R1R3	Stard7								True	APEX_IMS, targetP signal, mito protein domain, induction, coexpression+	IMS
Q8R1R4	Il34				True
Q8R1S0	Coq6								True	literature, APEX_matrix, targetP signal, yeast mito homolog++, Rickettsial homolog, mito protein domain, induction, coexpression+, MS/MS+	MIM
Q8R1S9	Slc38a4	Extracellular; Cytoplasmic	Helical			True		True
Q8R1T4	Slc35a3		Helical			True
Q8R216	Sirt4								True	literature, targetP signal, mito protein domain	Matrix
Q8R242	Ctbs				True
Q8R2E9	Ero1b				True
Q8R2F2	Degs2		Helical			True
Q8R2G6	Ccdc80				True
Q8R2N1	Aqp3	Cytoplasmic; Extracellular	Helical	Discontinuously helical		True	True	True
Q8R2Q8	Bst2	Cytoplasmic; Extracellular	Helical; Signal-anchor for type II membrane protein			True		True
Q8R2R1	Pomt1		Helical			True
Q8R2S8	Cd177	Extracellular	Helical; Anchor for type IV membrane protein		True	True		True
Q8R2Y0	Abhd6	Extracellular; Cytoplasmic	Helical; Signal-anchor for type II membrane protein			True		True
Q8R2Y2	Mcam	Extracellular; Cytoplasmic	Helical		True	True		True
Q8R2Z0	C1qtnf12				True
Q8R2Z3	Slc26a7	Cytoplasmic; Extracellular	Helical			True		True
Q8R2Z5	Vwa1				True
Q8R366	Igsf8	Extracellular; Cytoplasmic	Helical		True	True		True
Q8R373	Clmp	Extracellular; Cytoplasmic	Helical		True	True		True
Q8R3H7	Hs2st1	Cytoplasmic; Lumenal	Helical; Signal-anchor for type II membrane protein			True		True
Q8R3I2	Mboat2		Helical			True
Q8R3K3	Ptcd2								True	literature, targetP signal, mito protein domain+, induction, coexpression, MS/MS	Matrix
Q8R3L0	Mmgt2	Cytoplasmic; Lumenal	Helical			True		True
Q8R3L5	Slco3a1	Cytoplasmic; Extracellular	Helical			True		True
Q8R3S2	Tspan33	Cytoplasmic; Extracellular	Helical			True		True
Q8R3U1	Plaat3	Cytoplasmic; Lumenal	Helical			True		True
Q8R400	Adig		Helical			True
Q8R420	Abca3		Helical			True
Q8R422	Cd109				True
Q8R429	Atp2a1	Cytoplasmic; Lumenal	Helical			True		True
Q8R464	Cadm4	Extracellular; Cytoplasmic	Helical		True	True		True
Q8R493	Chrnb4	Extracellular; Cytoplasmic	Helical		True	True		True
Q8R4D1	Slc9a8		Helical			True
Q8R4D5	Trpm8	Cytoplasmic; Extracellular	Helical	Pore-forming		True	True	True
Q8R4F0	Mcoln3	Cytoplasmic; Extracellular	Helical	Pore-forming		True	True	True
Q8R4F1	Ntng2				True
Q8R4G0	Ntng1				True
Q8R4G6	Mgat5	Cytoplasmic; Lumenal	Helical; Signal-anchor for type II membrane protein			True		True
Q8R4G9	Chrna3	Extracellular; Cytoplasmic	Helical		True	True		True
Q8R4H7	Nags								True	literature, targetP signal, yeast mito homolog++, mito protein domain+, MS/MS	Matrix
Q8R4H9	Slc30a5	Cytoplasmic; Lumenal	Helical			True		True
Q8R4I7	Neto1	Extracellular; Cytoplasmic	Helical		True	True		True
Q8R4K8	Pappa				True
Q8R4N0	Clybl								True	APEX_matrix, targetP signal+, induction, coexpression+, MS/MS++	Matrix
Q8R4P4	Tmc2	Cytoplasmic; Extracellular	Helical			True		True
Q8R4P5	Tmc1	Cytoplasmic; Extracellular	Helical			True		True
Q8R4P9	Abcc10		Helical			True
Q8R4T9	Slc14a2		Helical			True
Q8R4U0	Stab2	Extracellular; Cytoplasmic	Helical		True	True		True
Q8R4V1	Nfam1	Extracellular; Cytoplasmic	Helical		True	True		True
Q8R4X1	Acer1	Lumenal; Cytoplasmic	Helical			True		True
Q8R4Y0	Fcrl1	Extracellular; Cytoplasmic	Helical		True	True		True
Q8R502	Lrrc8c	Cytoplasmic; Extracellular	Helical			True		True
Q8R507	Fktn	Cytoplasmic; Lumenal	Helical; Signal-anchor for type II membrane protein			True		True
Q8R526	Pkd1l1	Extracellular; Cytoplasmic	Helical			True		True
Q8R534	Adam1b	Extracellular; Cytoplasmic	Helical		True	True		True
Q8R5J9	Arl6ip5	Cytoplasmic	Helical			True		True
Q8R5M2	Wnt9a				True
Q8R5M8	Cadm1	Extracellular; Cytoplasmic	Helical		True	True		True
Q8VBT0	Tmx1	Extracellular; Cytoplasmic	Helical		True	True		True
Q8VBT3	Oscar	Extracellular; Cytoplasmic	Helical		True	True		True
Q8VBV9	Or51e2	Extracellular; Cytoplasmic	Helical			True		True
Q8VBW1	Slc6a8	Cytoplasmic; Extracellular	Helical			True		True
Q8VBZ3	Clptm1	Extracellular; Cytoplasmic	Helical			True		True
Q8VC04	Tmem106a		Helical			True
Q8VC19	Alas1								True	literature, APEX_matrix, targetP signal, yeast mito homolog+, Rickettsial homolog, mito protein domain+, induction, coexpression, MS/MS	Matrix
Q8VC49	Ifi27l2b		Helical			True
Q8VC69	Slc22a6	Cytoplasmic; Extracellular	Helical			True		True
Q8VC90	Zdhhc12	Cytoplasmic; Lumenal	Helical			True		True
Q8VCA0	Slc22a19	Cytoplasmic; Extracellular	Helical			True		True
Q8VCA5	Tmprss4	Cytoplasmic; Extracellular	Helical; Signal-anchor for type II membrane protein			True		True
Q8VCB1	Ndc1	Cytoplasmic; Perinuclear space	Helical			True		True
Q8VCC2	Ces1				True
Q8VCF0	Mavs	Cytoplasmic; Mitochondrial intermembrane	Helical			True		True	True	literature, induction, coexpression+, MS/MS	MOM
Q8VCF1	Cant1	Cytoplasmic; Lumenal	Helical; Signal-anchor for type II membrane protein			True		True
Q8VCH0	Acaa1b								True	targetP signal, yeast mito homolog+, Rickettsial homolog, mito protein domain, coexpression	unknown
Q8VCH2	Cd300ld	Extracellular; Cytoplasmic	Helical		True	True		True
Q8VCH6	Dhcr24	Lumenal; Cytoplasmic	Helical		True	True		True
Q8VCH7	Rdh10		Helical; Signal-anchor			True
Q8VCI0	Plbd1				True
Q8VCK6	Ffar2	Extracellular; Cytoplasmic	Helical			True		True
Q8VCL2	Sco2	Mitochondrial matrix; Mitochondrial intermembrane	Helical			True		True	True	literature, APEX_IMS, targetP signal, yeast mito homolog++, Rickettsial homolog, mito protein domain, MS/MS	MIM
Q8VCL5	Slc17a9		Helical			True
Q8VCM5	Mul1	Cytoplasmic; Mitochondrial intermembrane	Helical			True		True	True	literature, mito protein domain+, induction	MOM
Q8VCM7	Fgg				True
Q8VCN6	Cd99	Extracellular; Cytoplasmic	Helical		True	True		True
Q8VCQ6	Sgms1	Cytoplasmic; Lumenal	Helical			True		True
Q8VCR2	Hsd17b13				True
Q8VCS0	Pglyrp2				True
Q8VCS3	Fam20b	Cytoplasmic; Lumenal	Helical; Signal-anchor for type II membrane protein			True		True
Q8VCT4	Ces1d				True
Q8VCW4	Unc93b1		Helical			True
Q8VCX2	Slc35h1		Helical			True
Q8VCX5	Micu1								True	literature, APEX_IMS, GFP, targetP signal, mito protein domain, MS/MS+	MIM
Q8VD00	Tmem97	Cytoplasmic; Lumenal	Helical			True		True
Q8VD53	Acer2	Lumenal; Cytoplasmic	Helical			True		True
Q8VDB9	Slc6a20a	Cytoplasmic; Extracellular	Helical			True		True
Q8VDK1	Nit1								True	APEX_matrix, targetP signal+, mito protein domain, coexpression, MS/MS++	Matrix
Q8VDL4	Adpgk				True
Q8VDN2	Atp1a1	Cytoplasmic; Extracellular	Helical			True		True
Q8VDZ4	Zdhhc5	Cytoplasmic; Extracellular	Helical			True		True
Q8VE43	Metrnl				True
Q8VE49	Duoxa1	Extracellular; Cytoplasmic	Helical			True		True
Q8VE91	Retreg1	Cytoplasmic; Lumenal	Helical			True		True
Q8VE98	Cd276	Extracellular; Cytoplasmic	Helical		True	True		True
Q8VEA4	Chchd4								True	literature, APEX_IMS, yeast mito homolog++, mito protein domain, induction, coexpression, MS/MS+	IMS
Q8VEA6	Chrdl2				True
Q8VEB4	Pla2g15				True
Q8VEC3	Adgrf1	Extracellular; Cytoplasmic	Helical		True	True		True
Q8VEC4	Calhm2	Cytoplasmic; Extracellular	Helical			True		True
Q8VEF1	Gramd1a		Helical			True
Q8VEG4	Exd2	Mitochondrial intermembrane; Cytoplasmic	Helical			True		True	True	literature,mito protein domain	Matrix
Q8VEI3	Hyal3				True
Q8VEK0	Tmem30a	Cytoplasmic; Exoplasmic loop	Helical			True		True
Q8VEK2	Rhbdd2		Helical			True
Q8VEL0	Mospd1		Helical			True
Q8VEM1	Rnf130	Extracellular; Cytoplasmic	Helical		True	True		True
Q8VEN2	Plet1				True
Q8VFT4	Or4m1	Extracellular; Cytoplasmic	Helical			True		True
Q8VGS3	Or5ar1	Extracellular; Cytoplasmic	Helical			True		True
Q8VHB5	Ca9	Extracellular; Cytoplasmic	Helical		True	True		True
Q8VHC3	Selenom				True
Q8VHD6	Slc2a10	Cytoplasmic; Extracellular	Helical			True		True
Q8VHE0	Sec63	Lumenal; Cytoplasmic	Helical			True		True
Q8VHF2	Cdhr5	Extracellular; Cytoplasmic	Helical		True	True		True
Q8VHH7	Adcy3	Cytoplasmic	Helical			True		True
Q8VHH8	Il25				True
Q8VHI3	Pofut2				True
Q8VHI5	Vit				True
Q8VHK5	Mlc1		Helical			True
Q8VHK8	Tmprss11d	Cytoplasmic; Extracellular	Helical; Signal-anchor for type II membrane protein			True		True
Q8VHL0	Slc14a1		Helical			True
Q8VHN7	Adgrv1	Extracellular; Cytoplasmic	Helical		True	True		True
Q8VHP6	Cdhr1	Extracellular; Cytoplasmic	Helical		True	True		True
Q8VHQ9	Acot11								True	literature,targetP signal, mito protein domain, coexpression	Matrix
Q8VHR0	Pcdh18	Extracellular; Cytoplasmic	Helical		True	True		True
Q8VHS2	Crb1	Extracellular; Cytoplasmic	Helical		True	True		True
Q8VHW2	Cacng8		Helical			True
Q8VHY0	Cspg4	Extracellular; Cytoplasmic	Helical		True	True		True
Q8VI38	Gbgt1	Cytoplasmic; Lumenal	Helical; Signal-anchor for type II membrane protein			True		True
Q8VI47	Abcc2	Extracellular; Cytoplasmic	Helical			True		True
Q8VI51	Sorcs3	Lumenal; Cytoplasmic	Helical		True	True		True
Q8VI56	Lrp4	Extracellular; Cytoplasmic	Helical		True	True		True
Q8VI64	Mgarp	Cytoplasmic; Mitochondrial intermembrane	Helical; Anchor for type IV membrane protein			True		True	True	literature, APEX_IMS, targetP signal, yeast mito homolog, coexpression	Membrane
Q8VIE6	Slc7a12	Cytoplasmic; Extracellular	Helical			True		True
Q8VIF2	Prss42				True
Q8VIK5	Pear1	Extracellular; Cytoplasmic	Helical		True	True		True
Q8VIM0	Havcr2	Extracellular; Cytoplasmic	Helical		True	True		True
Q8VIM4	Bsnd	Cytoplasmic; Extracellular	Helical			True		True
Q8VIM6	Strc				True
Q91V01	Lpcat3		Helical			True
Q91V08	Clec2d	Cytoplasmic; Extracellular	Helical; Signal-anchor for type II membrane protein			True		True
Q91V12	Acot7								True	targetP signal, mito protein domain, induction	Matrix
Q91V14	Slc12a5	Cytoplasmic; Extracellular	Discontinuously helical; Helical			True		True
Q91V24	Abca7	Extracellular	Helical			True		True
Q91V45	Kiss1r	Extracellular; Cytoplasmic	Helical			True		True
Q91V79	Fitm1	Lumenal; Cytoplasmic	Helical			True		True
Q91V87	Fgfrl1	Extracellular; Cytoplasmic	Helical		True	True		True
Q91V88	Npnt				True
Q91V92	Acly								True	APEX_matrix, yeast mito homolog+, Rickettsial homolog, mito protein domain, coexpression	Matrix
Q91V98	Cd248	Extracellular; Cytoplasmic	Helical		True	True		True
Q91VA0	Acsm1								True	literature, targetP signal, yeast mito homolog, Rickettsial homolog, mito protein domain, coexpression, MS/MS++	Matrix
Q91VA1	Slc44a4	Cytoplasmic; Extracellular	Helical			True		True
Q91VC4	Plvap	Cytoplasmic; Extracellular	Helical; Signal-anchor for type II membrane protein			True		True
Q91VC9	Ghitm	Mitochondrial matrix; Mitochondrial intermembrane	Helical			True		True	True	literature, APEX_IMS, targetP signal+, Rickettsial homolog, mito protein domain+, induction, coexpression++, MS/MS	MIM
Q91VD9	Ndufs1								True	literature, APEX_matrix, targetP signal, Rickettsial homolog, mito protein domain+, induction, coexpression++, MS/MS++	MIM
Q91VE0	Slc27a4		Helical			True
Q91VE2	P2rx5	Cytoplasmic; Extracellular	Helical			True		True
Q91VE3	Klk7				True
Q91VF6	Col26a1				True
Q91VH1	Adipor1	Cytoplasmic; Extracellular	Helical			True		True
Q91VK4	Itm2c		Helical; Signal-anchor for type II membrane protein			True
Q91VM4	Spns2		Helical			True
Q91VN0	Lrp5	Extracellular; Cytoplasmic	Helical		True	True		True
Q91VS7	Mgst1	Lumenal; Cytoplasmic	Helical			True		True	True	mito protein domain, coexpression, MS/MS++	Membrane
Q91VT4	Cbr4								True	literature, APEX_matrix, Rickettsial homolog, mito protein domain, induction, coexpression+, MS/MS++	Matrix
Q91VU0	Fam3c				True
Q91W10	Slc39a8	Extracellular; Cytoplasmic	Helical		True	True		True
Q91W43	Gldc								True	literature, APEX_matrix, targetP signal, yeast mito homolog, mito protein domain+, coexpression, MS/MS++	Matrix
Q91W90	Txndc5				True
Q91W98	Slc15a4	Cytoplasmic; Extracellular	Helical			True		True
Q91WA9	Abcg4	Cytoplasmic; Extracellular	Helical			True		True
Q91WB2	Plpp7	Cytoplasmic; Extracellular	Helical			True		True
Q91WC3	Acsl6	Cytoplasmic	Helical; Signal-anchor for type III membrane protein			True		True	True	yeast mito homolog, Rickettsial homolog, mito protein domain, MS/MS++	MOM
Q91WC9	Daglb	Cytoplasmic; Extracellular	Helical			True		True
Q91WD0	Gpr108		Helical		True	True
Q91WD2	Trpv6	Cytoplasmic; Extracellular	Helical	Pore-forming		True	True	True
Q91WD5	Ndufs2								True	literature, APEX_matrix, targetP signal, Rickettsial homolog, mito protein domain, induction, coexpression++, MS/MS++	MIM
Q91WE6	Cdkal1		Helical			True
Q91WF0	Tafazzin	Mitochondrial intermembrane					True	True
Q91WF3	Adcy4	Cytoplasmic; Extracellular	Helical			True		True
Q91WG0	Ces2c				True
Q91WG1	Insig2	Cytoplasmic; Lumenal	Helical			True		True
Q91WL5	Cyp4a12a				True
Q91WM6	Eva1a		Helical			True
Q91WN3	Slc7a13	Cytoplasmic; Extracellular	Helical			True		True
Q91WN4	Kmo		Helical			True			True	yeast mito homolog, mito protein domain, MS/MS++	MOM
Q91WP0	Masp2				True
Q91WS0	Cisd1	Cytoplasmic	Helical; Signal-anchor for type III membrane protein			True		True	True	literature, mito protein domain, induction, coexpression++, MS/MS++	MOM
Q91WU0	Ces1f				True
Q91WU2	Slc22a7		Helical			True
Q91WU6	Zdhhc7	Cytoplasmic; Lumenal	Helical			True		True
Q91WV7	Slc3a1	Cytoplasmic; Extracellular	Helical; Signal-anchor for type II membrane protein			True		True
Q91WW3	Mrgpra3	Extracellular; Cytoplasmic	Helical			True		True
Q91WW5	Mrgpra1	Extracellular; Cytoplasmic	Helical			True		True
Q91WW7	Pnpla3	Cytoplasmic; Lumenal	Helical; Signal-anchor for type II membrane protein			True		True
Q91X17	Umod				True
Q91X52	Dcxr								True	APEX_matrix, targetP signal, Rickettsial homolog, mito protein domain	Matrix
Q91X56	S1pr5	Extracellular; Cytoplasmic	Helical			True		True
Q91X60	Chrna2	Extracellular; Cytoplasmic	Helical		True	True		True
Q91X72	Hpx				True
Q91X78	Erlin1	Cytoplasmic; Lumenal	Helical			True		True
Q91X79	Cela1				True
Q91X85	Flvcr2	Cytoplasmic; Extracellular	Helical			True		True
Q91X86	Tmem98	Cytoplasmic; Extracellular	Helical			True		True
Q91X88	Pomgnt1	Cytoplasmic; Lumenal	Helical; Signal-anchor for type II membrane protein			True		True
Q91XA9	Chia				True
Q91XE9	Creb3l3	Cytoplasmic; Lumenal	Helical; Signal-anchor for type II membrane protein			True		True
Q91XF4	Rnf167		Helical		True	True
Q91XL3	Uxs1	Cytoplasmic; Lumenal	Helical; Signal-anchor for type II membrane protein			True		True
Q91XL9	Osbpl1a								True	Rickettsial homolog, mito protein domain, induction, MS/MS	unknown
Q91XP5	Glra3	Extracellular; Cytoplasmic	Helical		True	True		True
Q91XZ2	Pcdhb8	Extracellular; Cytoplasmic	Helical		True	True		True
Q91XZ4	Pcdhb6	Extracellular; Cytoplasmic	Helical		True	True		True
Q91Y11	Pcdha9	Extracellular; Cytoplasmic	Helical		True	True		True
Q91Y13	Pcdha7	Extracellular; Cytoplasmic	Helical		True	True		True
Q91Y47	F11				True
Q91Y57	Siglec12	Extracellular; Cytoplasmic	Helical		True	True		True
Q91Y63	Slc13a3	Cytoplasmic; Extracellular	Helical; Discontinuously helical	Discontinuously helical		True	True	True
Q91Y74	St3gal4	Cytoplasmic; Lumenal	Helical; Signal-anchor for type II membrane protein			True		True
Q91YD1	Gjd3	Cytoplasmic; Extracellular	Helical			True		True
Q91YD4	Trpm2	Cytoplasmic; Extracellular	Helical	Pore-forming		True	True	True
Q91YH5	Atl3	Cytoplasmic; Lumenal	Helical			True		True
Q91YL7	Cwh43		Helical			True
Q91YP2	Nln								True	literature, APEX_matrix, targetP signal+, yeast mito homolog, mito protein domain, MS/MS++	Matrix
Q91YQ5	Rpn1	Lumenal; Cytoplasmic	Helical		True	True		True
Q91YT0	Ndufv1								True	literature, APEX_matrix, targetP signal, Rickettsial homolog, mito protein domain, induction, coexpression++, MS/MS++	MIM
Q91YT2	Rnf185	Cytoplasmic; Mitochondrial intermembrane	Helical			True		True
Q91YT8	Tmem63a	Extracellular; Cytoplasmic	Helical			True		True
Q91YW3	Dnajc3				True
Q91YX5	Lpgat1		Helical			True
Q91YY2	B4galt3	Cytoplasmic; Lumenal	Helical; Signal-anchor for type II membrane protein			True		True
Q91YY5	Slco1a5	Cytoplasmic; Extracellular	Helical			True		True
Q91Z92	B3galt6	Cytoplasmic; Lumenal	Helical; Signal-anchor for type II membrane protein			True		True
Q91Z98	Chil4				True
Q91ZA3	Pcca								True	literature, targetP signal+, Rickettsial homolog, mito protein domain, induction, coexpression+, MS/MS++	Matrix
Q91ZB7	Mrgpre	Extracellular; Cytoplasmic	Helical			True		True
Q91ZB8	Mrgprd	Extracellular; Cytoplasmic	Helical			True		True
Q91ZD4	Vangl2	Cytoplasmic; Extracellular	Helical			True		True
Q91ZE0	Tmlhe								True	literature, APEX_matrix, targetP signal, yeast mito homolog, mito protein domain, MS/MS	Matrix
Q91ZE5	Adgre4	Extracellular; Cytoplasmic	Helical		True	True		True
Q91ZF2	Cts7				True
Q91ZH7	Abhd3		Helical; Signal-anchor for type II membrane protein			True
Q91ZI0	Celsr3	Extracellular; Cytoplasmic	Helical		True	True		True
Q91ZI8	Dio3	Cytoplasmic; Extracellular	Helical; Signal-anchor for type II membrane protein			True		True
Q91ZJ9	Hyal1				True
Q91ZP4	Slc5a4b	Cytoplasmic; Extracellular	Helical			True		True
Q91ZP6	Ndfip2	Cytoplasmic; Extracellular	Helical			True		True
Q91ZR5	Catsper1	Cytoplasmic; Extracellular	Helical	Helical; Pore-forming		True	True	True
Q91ZU9	Grin3b	Extracellular; Cytoplasmic	Helical	Discontinuously helical	True	True	True	True
Q91ZV0	Mia2	Lumenal; Cytoplasmic	Helical		True	True	True	True
Q91ZV4	Mogat1		Helical			True
Q91ZV7	Plxdc1	Extracellular; Cytoplasmic	Helical		True	True		True
Q91ZV8	Adgra2	Extracellular; Cytoplasmic	Helical		True	True		True
Q91ZW2	Pofut1				True
Q91ZW8	Cd209d	Cytoplasmic; Extracellular	Helical; Signal-anchor for type II membrane protein			True		True
Q91ZX1	Cd209a	Cytoplasmic; Extracellular	Helical; Signal-anchor for type II membrane protein			True		True
Q91ZX7	Lrp1	Extracellular; Cytoplasmic	Helical		True	True		True
Q91ZY2	Hrh4	Extracellular; Cytoplasmic	Helical			True		True
Q91ZZ5	Rxfp2	Extracellular; Cytoplasmic	Helical			True		True
Q920A0	Optc				True
Q920A7	Afg3l1		Helical			True			True	literature, targetP signal, yeast mito homolog, Rickettsial homolog, mito protein domain+, coexpression, MS/MS+	MIM
Q920A9	Fcrla				True
Q920C1	Chrdl1				True
Q920E3	Kcnh5	Cytoplasmic; Extracellular	Helical; Helical; Voltage-sensor	Pore-forming		True	True	True
Q920E5	Fdps								True	Rickettsial homolog, mito protein domain, MS/MS+	MIM
Q920G3	Siglec5	Extracellular; Cytoplasmic	Helical		True	True		True
Q920G8	Slc25a37		Helical			True			True	literature, yeast mito homolog+, mito protein domain+	MIM
Q920H1	Scgb3a2				True
Q920L1	Fads1	Cytoplasmic; Lumenal	Helical			True		True
Q920L5	Elovl6		Helical			True
Q920N7	Syt12	Vesicular; Cytoplasmic	Helical			True		True
Q920P3	Brinp1				True
Q920R6	Atp6v0a4	Cytoplasmic; Vacuolar	Helical			True		True
Q920V1	B3galnt1	Cytoplasmic; Lumenal	Helical; Signal-anchor for type II membrane protein			True		True
Q921G7	Etfdh						True		True	literature, APEX_matrix, yeast mito homolog++, mito protein domain+, induction, coexpression++, MS/MS++	MIM
Q921H8	Acaa1a								True	targetP signal, yeast mito homolog+, Rickettsial homolog, mito protein domain, coexpression	Matrix
Q921I1	Tf				True
Q921L3	Tmco1	Lumenal; Cytoplasmic	Helical			True	True	True
Q921L8	Galnt11	Cytoplasmic; Lumenal	Helical; Signal-anchor for type II membrane protein			True		True
Q921T2	Tor1aip1	Nuclear; Perinuclear space	Helical			True		True
Q921V5	Mgat2	Cytoplasmic; Lumenal	Helical; Signal-anchor for type II membrane protein			True		True
Q922B1	Macrod1								True	APEX_matrix, targetP signal, coexpression, MS/MS++	Matrix
Q922G0	Slc25a36		Helical			True			True	GFP, yeast mito homolog+, mito protein domain+, coexpression	MIM
Q922J9	Far1	Cytoplasmic; Peroxisomal	Helical			True		True
Q922P8	Tmem132a	Extracellular; Cytoplasmic	Helical		True	True		True
Q922R8	Pdia6				True
Q922Y2	Trim59		Helical			True
Q923B6	Steap4		Helical			True
Q923I7	Slc5a2	Extracellular; Cytoplasmic	Helical			True		True
Q923J1	Trpm7	Cytoplasmic; Extracellular	Helical	Pore-forming		True	True	True
Q923L3	Csmd1	Extracellular; Cytoplasmic	Helical		True	True		True
Q923X1	Adgrl4	Extracellular; Cytoplasmic	Helical		True	True		True
Q923X4	Glrx2								True	literature, targetP signal+, yeast mito homolog, Rickettsial homolog, mito protein domain, coexpression, MS/MS	Matrix
Q923Y8	Taar1	Extracellular; Cytoplasmic	Helical			True		True
Q923Z0	Gprc5b	Extracellular; Cytoplasmic	Helical		True	True		True
Q924A4	Ucn3				True
Q924C6	Loxl4				True
Q924D0	Rtn4ip1								True	literature, APEX_matrix, targetP signal+, yeast mito homolog, mito protein domain, induction, coexpression++, MS/MS++	Matrix
Q924I3	Ackr4	Extracellular; Cytoplasmic	Helical			True		True
Q924L1	Letmd1	Cytoplasmic; Mitochondrial intermembrane	Helical			True		True	True	GFP, targetP signal, yeast mito homolog+, mito protein domain+, induction, coexpression, MS/MS++	Membrane
Q924N4	Slc12a6	Cytoplasmic; Extracellular	Discontinuously helical; Helical			True		True
Q924N9	Prss28				True
Q924X1	Epgn	Extracellular; Cytoplasmic	Helical		True	True		True
Q924X6	Lrp8	Extracellular; Cytoplasmic	Helical		True	True		True
Q924Z4	Cers2	Lumenal; Cytoplasmic	Helical			True		True
Q925D8	Tas1r3	Extracellular; Cytoplasmic	Helical		True	True		True
Q925F2	Esam	Extracellular; Cytoplasmic	Helical		True	True		True
Q925F3	Rnf144a		Helical			True
Q925G2	Cybrd1	Cytoplasmic; Extracellular	Helical			True		True
Q925H0	Asic2	Cytoplasmic; Extracellular	Helical			True		True
Q925I1	Atad3a	Mitochondrial intermembrane; Mitochondrial matrix	Helical			True		True	True	APEX_IMS, APEX_matrix, GFP, yeast mito homolog, Rickettsial homolog, mito protein domain+, coexpression, MS/MS++	MIM
Q925I4	Tas1r2	Extracellular; Cytoplasmic	Helical		True	True		True
Q925I7	Pdgfd				True
Q925N4	Cldn16	Cytoplasmic; Extracellular	Helical			True		True
Q925P2	Ceacam2	Extracellular; Cytoplasmic	Helical		True	True		True
Q925Q3	Slc8b1	Extracellular; Cytoplasmic	Helical		True	True		True	True	literature,mito protein domain, induction	MIM
Q925S4	Il24				True
Q925U4	Edem1	Cytoplasmic; Lumenal	Helical; Signal-anchor for type II membrane protein			True		True
Q96DY5	Rnf112		Helical			True
Q99246	Cacna1d	Cytoplasmic; Extracellular	Helical			True		True
Q99J21	Mcoln1	Cytoplasmic; Extracellular	Helical	Pore-forming		True	True	True
Q99J39	Mlycd								True	literature, APEX_matrix, targetP signal, mito protein domain, coexpression++, MS/MS	Matrix
Q99J47	Dhrs7b	Cytoplasmic; Lumenal	Helical; Signal-anchor for type II membrane protein			True		True	True	Rickettsial homolog, mito protein domain, induction, coexpression	Membrane
Q99J56	Derl1	Cytoplasmic; Lumenal	Helical			True		True
Q99J85	Nptxr	Cytoplasmic; Extracellular	Helical; Signal-anchor for type II membrane protein			True		True
Q99J93	Ifitm2	Cytoplasmic; Extracellular	Helical	Helical		True	True	True
Q99J94	Slco1a6	Cytoplasmic; Extracellular	Helical			True		True
Q99JA0	Calca				True
Q99JA4	Cysltr1	Extracellular; Cytoplasmic	Helical			True		True
Q99JB2	Stoml2								True	literature, APEX_matrix, targetP signal+, Rickettsial homolog, mito protein domain, coexpression, MS/MS++	MIM
Q99JB4	Klrb1b	Cytoplasmic; Extracellular	Helical; Signal-anchor for type II membrane protein			True		True
Q99JB7	Amn	Extracellular; Cytoplasmic	Helical		True	True		True
Q99JG2	Gpr37l1	Extracellular; Cytoplasmic	Helical		True	True		True
Q99JH7	Clstn3	Extracellular; Cytoplasmic; Lumenal	Helical	Helical	True	True	True	True
Q99JH8	Kdelr1	Lumenal; Cytoplasmic	Helical			True		True
Q99JP7	Ggt7	Cytoplasmic; Extracellular	Helical; Signal-anchor for type II membrane protein			True		True
Q99JR1	Sfxn1	Mitochondrial matrix; Mitochondrial intermembrane	Helical			True		True	True	literature, yeast mito homolog, mito protein domain+, coexpression, MS/MS++	MIM
Q99JR5	Tinagl1				True
Q99JR6	Nmnat3								True	literature, mito protein domain, coexpression, MS/MS++	Matrix
Q99JW5	Epcam	Extracellular; Cytoplasmic	Helical		True	True		True
Q99JY0	Hadhb						True		True	literature, targetP signal, Rickettsial homolog, mito protein domain, MS/MS++	MIM
Q99JY8	Plpp3	Cytoplasmic; Extracellular	Helical			True		True
Q99K10	Nlgn1	Extracellular; Cytoplasmic	Helical		True	True		True
Q99K24	Slc39a3	Extracellular; Cytoplasmic	Helical			True		True
Q99K41	Emilin1				True
Q99K67	Aass								True	APEX_matrix, targetP signal, mito protein domain, coexpression, MS/MS++	Matrix
Q99KB8	Hagh								True	literature, APEX_matrix, targetP signal+, mito protein domain, induction, coexpression, MS/MS++	Matrix
Q99KD6	Cox7a2l		Helical			True
Q99KF1	Tmed9	Lumenal; Cytoplasmic	Helical		True	True		True
Q99KG5	Lsr	Extracellular; Cytoplasmic	Helical		True	True		True
Q99KI0	Aco2								True	literature, APEX_matrix, targetP signal, yeast mito homolog, Rickettsial homolog, mito protein domain, induction, coexpression++, MS/MS++	Matrix
Q99KR7	Ppif								True	literature, APEX_matrix, targetP signal+, yeast mito homolog, mito protein domain, induction, coexpression, MS/MS++	Matrix
Q99KS2	Ngrn				True				True	APEX_matrix, targetP signal, yeast mito homolog++, mito protein domain+, coexpression	Matrix
Q99KU0	Vmp1	Cytoplasmic; Extracellular	Helical			True		True
Q99KV1	Dnajb11				True
Q99L43	Cds2		Helical			True
Q99LB2	Dhrs4								True	targetP signal+, Rickettsial homolog, mito protein domain, coexpression, MS/MS++	Matrix
Q99LC3	Ndufa10								True	literature, targetP signal+, mito protein domain, coexpression++, MS/MS++	MIM
Q99LE2	Gpr146	Extracellular; Cytoplasmic	Helical			True		True
Q99LH2	Ptdss1	Cytoplasmic; Lumenal	Helical			True		True
Q99LI2	Clcc1	Lumenal; Cytoplasmic	Helical		True	True		True
Q99LJ8	Nus1		Helical			True
Q99LQ7	Peds1		Helical			True
Q99LR1	Abhd12	Cytoplasmic; Extracellular	Helical			True		True
Q99LS0	Ecrg4				True
Q99LX0	Park7								True	literature, mito protein domain, coexpression	MOM
Q99LY2	Gdpd3	Cytoplasmic; Extracellular	Helical			True		True
Q99LY9	Ndufs5								True	literature, APEX_IMS, mito protein domain+, induction, coexpression++, MS/MS++	MIM
Q99M02	Marchf2		Helical			True
Q99M04	Lias								True	literature, APEX_matrix, targetP signal, yeast mito homolog, Rickettsial homolog, mito protein domain, induction, coexpression++, MS/MS	Matrix
Q99M80	Ptprt	Extracellular; Cytoplasmic	Helical		True	True		True
Q99M87	Dnaja3								True	literature, APEX_matrix, targetP signal, Rickettsial homolog, mito protein domain, induction, coexpression++, MS/MS+	Matrix
Q99MB1	Tlr3	Lumenal; Cytoplasmic	Helical		True	True		True
Q99MI6	Gimap3	Cytoplasmic; Lumenal	Helical; Anchor for type IV membrane protein			True		True
Q99ML1	Bbc3								True	manual	MOM
Q99ML8	Ucn2				True
Q99MN1	Kars1								True	literature, GFP, targetP signal+, Rickettsial homolog, mito protein domain, coexpression	Matrix
Q99MQ3	Pink1								True	literature, targetP signal, mito protein domain, coexpression	MOM
Q99MQ4	Aspn				True
Q99MR8	Mccc1								True	literature, targetP signal, Rickettsial homolog, mito protein domain, induction, coexpression+, MS/MS++	Matrix
Q99MS3	Mpv17l	Cytoplasmic; Lumenal	Helical			True		True	True	yeast mito homolog+, mito protein domain, MS/MS++	MIM
Q99MS4	Prss29				True
Q99MT6	Sucnr1	Extracellular; Cytoplasmic	Helical			True		True
Q99N14	Tac4				True
Q99N16	Cyp4f3		Helical			True
Q99N28	Cadm3	Extracellular; Cytoplasmic	Helical		True	True		True
Q99N32	Klb	Extracellular; Cytoplasmic	Helical			True		True
Q99N43	Kremen1	Extracellular; Cytoplasmic	Helical		True	True		True
Q99N99	Srd5a2		Helical			True
Q99NB1	Acss1								True	literature, APEX_matrix, targetP signal, mito protein domain, MS/MS++	MIM
Q99NF1	Bco2								True	literature,mito protein domain, MS/MS	MIM
Q99NH7	Slc26a5	Cytoplasmic; Extracellular	Helical	Helical		True	True	True
Q99NH8	Trem2	Extracellular; Cytoplasmic	Helical		True	True		True
Q99P21	Mutyh								True	GFP, targetP signal, Rickettsial homolog, mito protein domain	Matrix
Q99P47	Cntnap4	Extracellular; Cytoplasmic	Helical		True	True		True
Q99P50	Ghsr	Extracellular; Cytoplasmic	Helical			True		True
Q99P65	Slc29a3	Cytoplasmic; Extracellular	Helical			True		True
Q99P68	Sost				True
Q99P72	Rtn4	Cytoplasmic; Lumenal	Helical			True		True
Q99P81	Abcg3	Cytoplasmic; Extracellular	Helical			True		True
Q99P87	Retn				True
Q99P91	Gpnmb	Extracellular; Cytoplasmic	Helical		True	True		True
Q99PA5	Nkg7		Helical			True
Q99PD7	Slc24a3	Extracellular; Cytoplasmic	Helical		True	True		True
Q99PE8	Abcg5	Cytoplasmic; Extracellular	Helical			True		True
Q99PF4	Cdh23	Extracellular; Cytoplasmic	Helical		True	True		True
Q99PG0	Aadac	Cytoplasmic; Lumenal	Helical; Signal-anchor for type II membrane protein			True		True
Q99PG6	Tas1r1	Extracellular; Cytoplasmic	Helical		True	True		True
Q99PH1	Lrrc4	Extracellular; Cytoplasmic	Helical		True	True		True
Q99PI8	Rtn4r				True
Q99PJ1	Pcdh15	Extracellular; Cytoplasmic	Helical		True	True		True
Q99PL5	Rrbp1	Lumenal; Cytoplasmic	Helical			True		True
Q99PL7	Scd3	Cytoplasmic; Lumenal	Helical			True		True
Q99PL8	Slc19a3	Cytoplasmic; Extracellular	Helical			True		True
Q99PN0	Slc5a5	Extracellular; Cytoplasmic	Helical; Discontinuously helical			True		True
Q99PU8	Dhx30								True	literature, targetP signal+, yeast mito homolog, mito protein domain	Matrix
Q9BCZ4	Selenos		Helical			True
Q9CPP6	Ndufa5								True	literature, APEX_matrix, mito protein domain+, induction, coexpression++, MS/MS++	MIM
Q9CPQ1	Cox6c	Mitochondrial matrix; Mitochondrial intermembrane	Helical			True		True	True	literature, APEX_IMS, APEX_matrix, targetP signal, mito protein domain+, induction, coexpression++, MS/MS++	MIM
Q9CPT4	Mydgf				True
Q9CPU4	Mgst3	Mitochondrial intermembrane; Cytoplasmic	Helical			True		True	True	APEX_IMS, mito protein domain, MS/MS++	MOM
Q9CPU9	Slc31a2	Extracellular; Cytoplasmic	Helical			True		True
Q9CPV0	Tmem107		Helical			True
Q9CPV7	Zdhhc6	Cytoplasmic; Lumenal	Helical			True		True
Q9CPV9	P2ry12	Extracellular; Cytoplasmic	Helical			True		True
Q9CPW0	Cntnap2	Extracellular; Cytoplasmic	Helical		True	True		True
Q9CPX8	Uqcr11	Mitochondrial matrix; Mitochondrial intermembrane	Helical			True		True	True	literature, targetP signal, mito protein domain+, MS/MS++	MIM
Q9CPY7	Lap3								True	APEX_matrix, targetP signal, Rickettsial homolog, coexpression, MS/MS++	Matrix
Q9CPZ6	Ormdl3	Cytoplasmic; Extracellular	Helical			True		True
Q9CQ45	Nenf				True
Q9CQ69	Uqcrq	Mitochondrial matrix; Mitochondrial intermembrane	Helical			True		True	True	literature, APEX_IMS, targetP signal, yeast mito homolog++, mito protein domain+, induction, coexpression++, MS/MS++	MIM
Q9CQ75	Ndufa2								True	literature, APEX_matrix, targetP signal+, mito protein domain, induction, coexpression++, MS/MS++	MIM
Q9CQ76	Nepn				True
Q9CQ92	Fis1	Cytoplasmic; Mitochondrial intermembrane	Helical			True		True	True	literature, yeast mito homolog++, mito protein domain+	MOM
Q9CQA3	Sdhb								True	literature, APEX_matrix, targetP signal, yeast mito homolog, Rickettsial homolog, mito protein domain+, induction, coexpression++, MS/MS++	MIM
Q9CQB2	Mcrip2								True	induction, coexpression+	unknown
Q9CQB5	Cisd2	Lumenal; Cytoplasmic	Helical			True		True
Q9CQC4	Tmem216		Helical			True
Q9CQD6	Sln	Cytoplasmic; Lumenal	Helical			True		True
Q9CQE7	Ergic3	Cytoplasmic; Lumenal	Helical			True		True
Q9CQF9	Pcyox1				True
Q9CQG9	Tmem100		Helical			True
Q9CQJ0	Them5								True	literature,targetP signal+, mito protein domain	Matrix
Q9CQN4	Sostdc1				True
Q9CQR4	Acot13								True	mito protein domain, induction, coexpression, MS/MS++	Matrix
Q9CQR7	Psenen	Cytoplasmic; Lumenal	Helical	Helical		True	True	True
Q9CQS4	Slc25a46		Helical			True			True	yeast mito homolog+, mito protein domain+, induction	MOM
Q9CQS6	Gkn2				True
Q9CQS8	Sec61b	Cytoplasmic	Helical			True		True
Q9CQV4	Retreg3	Cytoplasmic; Lumenal	Helical			True		True
Q9CQV7	Dnajc19	Mitochondrial intermembrane; Mitochondrial matrix	Helical			True		True	True	literature, APEX_matrix, targetP signal, yeast mito homolog, mito protein domain, MS/MS++	MIM
Q9CQW2	Arl8b			Note=Mediates targeting to membranes			True
Q9CQW7	Coa8								True	literature, targetP signal+, mito protein domain+, coexpression+	MIM
Q9CQW9	Ifitm3	Cytoplasmic; Extracellular	Helical	Helical		True	True	True
Q9CQY5	Magt1	Extracellular; Cytoplasmic	Helical		True	True		True
Q9CQY6	Uqcc2								True	APEX_matrix, GFP, coexpression, MS/MS	MIM
Q9CR20	Ier3ip1		Helical			True
Q9CR21	Ndufab1								True	literature, APEX_matrix, targetP signal, yeast mito homolog, Rickettsial homolog, mito protein domain, MS/MS+	MIM
Q9CR23	Tmem9	Extracellular; Cytoplasmic	Helical		True	True		True
Q9CR24	Nudt8								True	APEX_matrix, mito protein domain, coexpression, MS/MS++	Matrix
Q9CR48	Dram2		Helical			True
Q9CR53	Nmb				True
Q9CR58	Slc25a30		Helical			True			True	literature, yeast mito homolog+, mito protein domain+, coexpression, MS/MS++	MIM
Q9CR61	Ndufb7								True	literature, APEX_IMS, APEX_matrix, induction, coexpression++, MS/MS++	MIM
Q9CR62	Slc25a11		Helical			True			True	literature, yeast mito homolog+, mito protein domain+, induction, coexpression, MS/MS++	MIM
Q9CR67	Tmem33	Lumenal; Cytoplasmic	Helical			True		True
Q9CR68	Uqcrfs1	Mitochondrial matrix; Mitochondrial intermembrane	Helical			True		True	True	literature, APEX_matrix, targetP signal, yeast mito homolog++, Rickettsial homolog, mito protein domain+, coexpression++, MS/MS++	MIM
Q9CR75	Tnfrsf12a	Extracellular; Cytoplasmic	Helical		True	True		True
Q9CR84	Atp5mc1		Helical			True			True	literature, targetP signal, yeast mito homolog+, Rickettsial homolog, mito protein domain	MIM
Q9CRA4	Msmo1		Helical			True
Q9CRA5	Golph3								True	literature, targetP signal, induction	IMS
Q9CRB9	Chchd3								True	literature, APEX_IMS, APEX_matrix, GFP, Rickettsial homolog, induction, coexpression++, MS/MS++	MIM
Q9CRC0	Vkorc1	Cytoplasmic; Lumenal	Helical			True		True
Q9CRD0	Ociad1								True	APEX_IMS, GFP, MS/MS++	MOM
Q9CRY7	Gdpd1	Extracellular; Cytoplasmic	Helical			True		True
Q9CRZ8	Tspo2		Helical			True
Q9CS84	Nrxn1	Extracellular; Cytoplasmic	Helical		True	True		True
Q9CTG6	Atp13a2	Cytoplasmic; Lumenal	Helical			True	True	True
Q9CTY5	Micu3								True	manual, targetP signal, mito protein domain, MS/MS	MIM
Q9CUS9	Sppl3	Lumenal; Cytoplasmic	Helical			True		True
Q9CV60	Mrln	Cytoplasmic; Lumenal	Helical			True		True
Q9CW42	Mtarc1	Mitochondrial matrix; Cytoplasmic	Helical; Signal-anchor for type II membrane protein			True		True	True	mito protein domain+, MS/MS	MOM
Q9CW73	B3gat1	Cytoplasmic; Lumenal	Helical; Signal-anchor for type II membrane protein			True		True
Q9CWP4	Ly6k				True
Q9CWP6	Mospd2	Cytoplasmic	Helical; Anchor for type IV membrane protein			True		True
Q9CWU2	Zdhhc13	Cytoplasmic; Lumenal	Helical			True		True
Q9CWX4	Rpusd4								True	APEX_matrix, GFP, targetP signal, Rickettsial homolog, mito protein domain, coexpression	Matrix
Q9CX30	Yif1b	Cytoplasmic; Extracellular	Helical			True		True
Q9CX92	Gje1	Cytoplasmic; Extracellular	Helical			True		True
Q9CX98	Cyp2u1		Helical			True
Q9CXB2	Slc10a6	Extracellular; Cytoplasmic	Helical			True		True
Q9CXD6	Mcur1	Mitochondrial intermembrane; Mitochondrial matrix	Helical			True		True	True	APEX_matrix, yeast mito homolog+, mito protein domain+, induction, MS/MS	MIM
Q9CXI3	Moxd1	Lumenal	Helical		True	True		True
Q9CXI5	Manf				True
Q9CXJ4	Abcb8		Helical			True			True	literature, targetP signal, yeast mito homolog, Rickettsial homolog, mito protein domain, coexpression++, MS/MS++	MIM
Q9CXL7	Snorc	Extracellular; Cytoplasmic	Helical		True	True		True
Q9CXM0	Chodl	Extracellular; Cytoplasmic	Helical		True	True		True
Q9CXV1	Sdhd	Mitochondrial matrix; Mitochondrial intermembrane	Helical			True		True	True	literature, targetP signal, yeast mito homolog++, Rickettsial homolog, mito protein domain+, induction, coexpression++, MS/MS+	MIM
Q9CXY1	Tmem175	Cytoplasmic; Lumenal	Helical			True		True
Q9CXZ1	Ndufs4								True	literature, APEX_matrix, targetP signal+, mito protein domain+, coexpression++, MS/MS++	MIM
Q9CY27	Tecr	Cytoplasmic; Lumenal	Helical			True		True
Q9CY73	Mrpl44								True	literature, APEX_matrix, targetP signal+, yeast mito homolog++, induction, coexpression+, MS/MS++	Matrix
Q9CYA0	Creld2				True
Q9CYB0	Trim13		Helical			True
Q9CYK2	Qpct				True
Q9CYN9	Atp6ap2	Extracellular; Cytoplasmic	Helical		True	True		True
Q9CYV5	Tmem135		Helical			True
Q9CZ13	Uqcrc1								True	literature, APEX_matrix, targetP signal+, yeast mito homolog+, Rickettsial homolog, mito protein domain+, induction, coexpression++, MS/MS++	MIM
Q9CZ16	Tmem178a	Extracellular; Cytoplasmic	Helical		True	True		True
Q9CZ42	Naxd								True	GFP, targetP signal, mito protein domain, MS/MS++	MIM
Q9CZ52	Antxr1	Extracellular; Cytoplasmic	Helical		True	True		True
Q9CZ57	Nsun4								True	APEX_matrix, targetP signal, mito protein domain, induction, coexpression	Matrix
Q9CZD3	Gars1								True	targetP signal+, yeast mito homolog, mito protein domain, induction	Matrix
Q9CZN4	Shisa9	Extracellular; Cytoplasmic	Helical		True	True		True
Q9CZN7	Shmt2								True	literature, APEX_matrix, targetP signal+, Rickettsial homolog, mito protein domain, coexpression, MS/MS++	Matrix
Q9CZP5	Bcs1l	Mitochondrial intermembrane; Mitochondrial matrix	Helical			True		True	True	literature, APEX_matrix, yeast mito homolog++, Rickettsial homolog, mito protein domain+, coexpression+, MS/MS+	MIM
Q9CZR2	Naalad2	Cytoplasmic; Extracellular	Helical; Signal-anchor for type II membrane protein			True		True
Q9CZT5	Vasn	Extracellular; Cytoplasmic	Helical		True	True		True
Q9CZU6	Cs								True	literature, APEX_matrix, targetP signal, yeast mito homolog+, Rickettsial homolog, mito protein domain, induction, coexpression++, MS/MS++	Matrix
Q9CZW4	Acsl3	Cytoplasmic	Helical; Signal-anchor for type III membrane protein			True		True
Q9CZW5	Tomm70	Mitochondrial intermembrane; Cytoplasmic	Helical			True		True	True	literature, yeast mito homolog+, mito protein domain, induction, coexpression	MOM
Q9CZX2	Cep89								True	literature, targetP signal	IMS
Q9CZX7	Pip4p2		Helical			True
Q9D024	Ccdc47	Cytoplasmic; Lumenal	Helical		True	True		True
Q9D099	Acer3	Cytoplasmic; Lumenal	Helical			True		True
Q9D0D3	Mtpap								True	literature, APEX_matrix, targetP signal+, mito protein domain, induction	Matrix
Q9D0F3	Lman1	Lumenal; Cytoplasmic	Helical		True	True		True
Q9D0I4	Stx17	Cytoplasmic; Lumenal	Helical			True		True	True	APEX_IMS, coexpression	MOM
Q9D0J4	Arl2								True	literature, mito protein domain, coexpression, MS/MS+	IMS
Q9D0K1	Pex13	Peroxisomal matrix; Cytoplasmic	Helical			True		True
Q9D0K2	Oxct1								True	literature, APEX_matrix, targetP signal+, mito protein domain, induction, coexpression++, MS/MS++	Matrix
Q9D0M3	Cyc1	Mitochondrial intermembrane; Mitochondrial matrix	Helical			True		True	True	literature, APEX_IMS, APEX_matrix, targetP signal, yeast mito homolog++, Rickettsial homolog, mito protein domain+, induction, coexpression++, MS/MS++	MIM
Q9D0U9	Arv1		Helical			True
Q9D0Z3	Tmem53		Helical			True
Q9D103	Ifitm1	Cytoplasmic; Extracellular	Helical	Helical		True	True	True
Q9D159	Mrap		Helical			True
Q9D1D4	Tmed10	Lumenal; Cytoplasmic	Helical		True	True		True
Q9D1D6	Cthrc1				True
Q9D1E5	Lmbr1l	Extracellular; Cytoplasmic	Helical			True		True
Q9D1E8	Agpat5		Helical			True			True	literature, mito protein domain, induction, MS/MS	MOM
Q9D1N2	Gpihbp1				True
Q9D1N4	Mymk	Extracellular; Cytoplasmic	Helical			True		True
Q9D1Q6	Erp44				True
Q9D1T0	Lingo1	Extracellular; Cytoplasmic	Helical		True	True		True
Q9D1Z3	Atpsckmt		Helical			True			True	literature,coexpression	MIM
Q9D236	Htra3				True
Q9D241	Rnf186		Helical			True
Q9D244	Rnase6				True
Q9D270	Zdhhc21	Cytoplasmic; Extracellular	Helical			True		True
Q9D2A5	Creb3l4	Cytoplasmic; Lumenal	Helical; Signal-anchor for type II membrane protein			True		True
Q9D2C7	Tmbim6	Cytoplasmic; Lumenal	Helical	Helical		True	True	True
Q9D2G2	Dlst								True	literature, APEX_IMS, APEX_matrix, targetP signal, yeast mito homolog+, Rickettsial homolog, mito protein domain+, induction, coexpression++, MS/MS+	Matrix
Q9D2L1	Arsk				True
Q9D2L6	Adgrf4	Extracellular; Cytoplasmic	Helical		True	True		True
Q9D2N8	Galnt15	Cytoplasmic; Lumenal	Helical; Signal-anchor for type II membrane protein			True		True
Q9D2Y9	Elovl7	Lumenal; Cytoplasmic	Helical			True		True
Q9D2Z1	Ceacam20	Extracellular; Cytoplasmic	Helical		True	True		True
Q9D304	Rnf128		Helical		True	True
Q9D309	Fam3b				True
Q9D311	Duoxa2	Cytoplasmic; Extracellular	Helical			True		True
Q9D328	Tmem35a	Cytoplasmic; Lumenal	Helical			True		True
Q9D379	Ephx1	Cytoplasmic	Helical; Signal-anchor for type III membrane protein			True		True
Q9D387	Lamp5	Extracellular; Cytoplasmic	Helical		True	True		True
Q9D3A9	Ttyh1	Extracellular; Cytoplasmic	Helical			True		True
Q9D3B1	Hacd2	Cytoplasmic; Lumenal	Helical			True		True
Q9D3G2	Slamf8	Extracellular; Cytoplasmic	Helical		True	True		True
Q9D3J8	Amtn				True
Q9D4B1	Sgms2	Cytoplasmic; Lumenal	Helical			True		True
Q9D4F2	Plpp6	Cytoplasmic; Lumenal	Helical			True		True
Q9D4M9	Galntl5	Cytoplasmic; Lumenal	Helical; Signal-anchor for type II membrane protein			True		True
Q9D4R2	Mgat4d	Cytoplasmic; Lumenal	Helical; Signal-anchor for type II membrane protein			True		True
Q9D517	Agpat3	Cytoplasmic; Lumenal	Helical			True		True
Q9D5A0	Spesp1				True
Q9D5A9	Rnase10				True
Q9D5T0	Atad1	Mitochondrial intermembrane; Cytoplasmic	Helical			True		True	True	yeast mito homolog++, Rickettsial homolog, mito protein domain, coexpression, MS/MS++	MOM
Q9D611	Ocstamp	Cytoplasmic; Extracellular	Helical			True		True
Q9D659	Vsir	Extracellular; Cytoplasmic	Helical		True	True		True
Q9D666	Sun1	Nuclear; Perinuclear space	Helical			True		True
Q9D676	Clec2g	Cytoplasmic; Extracellular	Helical; Signal-anchor for type II membrane protein			True		True
Q9D687	Slc6a19	Cytoplasmic; Extracellular	Helical			True		True
Q9D6D0	Slc25a27		Helical			True			True	literature, yeast mito homolog+, mito protein domain+, MS/MS	MIM
Q9D6F4	Gabra4	Extracellular; Cytoplasmic	Helical		True	True		True
Q9D6J1	Cers4	Lumenal; Cytoplasmic	Helical			True		True
Q9D6J6	Ndufv2								True	literature, APEX_matrix, targetP signal+, Rickettsial homolog, induction, coexpression++, MS/MS++	MIM
Q9D6K5	Synj2bp	Cytoplasmic; Mitochondrial intermembrane	Helical; Anchor for type IV membrane protein			True		True	True	APEX_IMS, mito protein domain, coexpression, MS/MS+	MOM
Q9D6K9	Cers5	Lumenal; Cytoplasmic	Helical			True		True
Q9D6R2	Idh3a								True	APEX_matrix, targetP signal, yeast mito homolog++, Rickettsial homolog, mito protein domain, induction, coexpression++, MS/MS++	Matrix
Q9D6Y1	Ccdc3				True
Q9D6Y7	Msra								True	targetP signal+, mito protein domain, coexpression, MS/MS++	Matrix
Q9D6Z0	Alkbh7								True	APEX_matrix, targetP signal+, mito protein domain, induction, coexpression++, MS/MS	Matrix
Q9D709	Tmem79	Cytoplasmic; Extracellular	Helical			True		True
Q9D733	Gp2				True
Q9D7B1	Dus2								True	GFP, Rickettsial homolog, mito protein domain	Matrix
Q9D7I0	Shisa5	Extracellular; Cytoplasmic	Helical		True	True		True
Q9D7L8	Tmigd1	Extracellular; Cytoplasmic	Helical		True	True		True
Q9D7P6	Iscu								True	literature, APEX_matrix, targetP signal+, yeast mito homolog++, Rickettsial homolog, mito protein domain, MS/MS++	Matrix
Q9D7Q1	Chit1				True
Q9D7R2	Pmepa1	Lumenal; Cytoplasmic	Helical			True		True
Q9D7S0	Lypd8				True
Q9D7V9	Naaa				True
Q9D7Z6	Clca1				True
Q9D806	Vstm5	Extracellular; Cytoplasmic	Helical		True	True		True
Q9D808	Kcne2	Cytoplasmic	Helical			True		True
Q9D850	Tmem68	Lumenal; Cytoplasmic	Helical			True		True
Q9D856	Slc39a5	Extracellular; Cytoplasmic	Helical		True	True		True
Q9D8B1	Aig1	Cytoplasmic; Extracellular	Helical			True		True
Q9D8B6	Fam210b		Helical			True			True	targetP signal, yeast mito homolog, coexpression, MS/MS	MIM
Q9D8B7	Jam3	Extracellular; Cytoplasmic	Helical		True	True		True
Q9D8D0	Tnfrsf13c	Extracellular; Cytoplasmic	Helical; Signal-anchor for type III membrane protein			True		True
Q9D8H7	Oma1	Mitochondrial matrix; Mitochondrial intermembrane	Helical			True		True	True	APEX_IMS, GFP, targetP signal, yeast mito homolog++, coexpression	MIM
Q9D8I1	Mzb1				True
Q9D8K8	Slc25a39	Mitochondrial intermembrane; Mitochondrial matrix	Helical			True		True	True	literature, yeast mito homolog+, mito protein domain+, induction, coexpression	MIM
Q9D8M3	Slc48a1		Helical			True
Q9D8N3	Tmem86a	Cytoplasmic; Extracellular	Helical			True		True
Q9D8S4	Rexo2								True	APEX_matrix, targetP signal+, yeast mito homolog++, mito protein domain, MS/MS+	Matrix
Q9D8T2	Gsdmd		Beta stranded			True
Q9D8T7	Slirp								True	literature, APEX_matrix, GFP, targetP signal+, mito protein domain, induction, coexpression, MS/MS++	Matrix
Q9D8U4	C1qtnf2				True
Q9D8V0	Hm13	Lumenal; Cytoplasmic	Helical			True		True
Q9D8Z2	Triap1								True	literature, yeast mito homolog++, mito protein domain, induction, MS/MS++	IMS
Q9D925	Lyzl4				True
Q9D964	Gatm								True	literature, targetP signal, mito protein domain+, MS/MS++	Matrix
Q9D992	Majin	Nuclear; Perinuclear space	Helical			True		True
Q9D9I4	Tbc1d20		Helical			True
Q9D9J7	Izumo1	Extracellular; Cytoplasmic	Helical		True	True		True
Q9D9Q6	Calr3				True
Q9D9V2	Eqtn	Lumenal; Cytoplasmic	Helical		True	True		True
Q9D9X8	Spaca3	Cytoplasmic; Extracellular	Helical; Signal-anchor for type II membrane protein			True		True
Q9DA11	Lyzl6				True
Q9DA32	Sun5	Nuclear; Perinuclear space	Helical			True		True
Q9DA37	Samd8	Cytoplasmic	Helical			True		True
Q9DA48	Spaca1	Extracellular; Cytoplasmic	Helical		True	True		True
Q9DA75	Mfsd2a	Cytoplasmic; Extracellular	Helical			True		True
Q9DA79	Dpep3				True
Q9DAA4	Prss37				True
Q9DAG6	Glipr1l1				True
Q9DAH2	Znrf4	Lumenal; Cytoplasmic	Helical		True	True		True
Q9DAQ9	Spata19								True	mito protein domain+, MS/MS++	unknown
Q9DAU1	Cnpy3				True
Q9DAV9	Tmem38b	Lumenal; Cytoplasmic	Helical;Name=1; Helical;Name=2; Helical;Name=3; Helical;Name=4; Helical;Name=5; Helical;Name=6; Helical;Name=7			True		True
Q9DAX2	Plpp2	Cytoplasmic; Lumenal	Helical			True		True
Q9DB10	Smdt1	Mitochondrial matrix; Mitochondrial intermembrane	Helical			True		True	True	literature, targetP signal, mito protein domain+, induction, coexpression+, MS/MS	MIM
Q9DB77	Uqcrc2								True	literature, APEX_matrix, targetP signal, yeast mito homolog+, Rickettsial homolog, mito protein domain+, induction, coexpression++, MS/MS++	MIM
Q9DBD0	Inhca				True
Q9DBD2	Marchf8		Helical			True
Q9DBF1	Aldh7a1								True	literature, APEX_matrix, targetP signal, yeast mito homolog, mito protein domain, MS/MS++	Matrix
Q9DBG1	Cyp27a1								True	literature, targetP signal+, mito protein domain, MS/MS++	MIM
Q9DBI0	Tmprss6	Cytoplasmic; Extracellular	Helical; Signal-anchor for type II membrane protein			True		True
Q9DBL1	Acadsb								True	literature, APEX_matrix, targetP signal, mito protein domain+, induction, coexpression, MS/MS++	Matrix
Q9DBL7	Coasy								True	APEX_matrix, mito protein domain, coexpression, MS/MS++	Matrix
Q9DBM0	Abcg8	Cytoplasmic; Extracellular	Helical			True		True
Q9DBM2	Ehhadh								True	yeast mito homolog+, Rickettsial homolog, mito protein domain, coexpression, MS/MS+	unknown
Q9DBP0	Slc34a2	Cytoplasmic; Extracellular	Helical			True		True
Q9DBS1	Tmem43	Nuclear; Perinuclear space	Helical			True		True
Q9DBT4	Entpd4	Cytoplasmic; Lumenal	Helical			True		True
Q9DBU2	Naa60	Cytoplasmic		Helical			True	True
Q9DBV4	Mxra8	Extracellular; Cytoplasmic	Helical		True	True		True
Q9DBY1	Syvn1	Cytoplasmic; Lumenal	Helical			True		True
Q9DC23	Dnajc10				True
Q9DC26	Slc46a3	Extracellular; Cytoplasmic	Helical		True	True		True
Q9DC29	Abcb6	Lumenal; Cytoplasmic	Helical			True		True	True	literature, yeast mito homolog+, Rickettsial homolog, mito protein domain, coexpression, MS/MS	MOM
Q9DC37	Mfsd1		Helical			True
Q9DC50	Crot								True	yeast mito homolog+, mito protein domain, induction, coexpression, MS/MS	unknown
Q9DC60	Ubiad1		Helical			True
Q9DC70	Ndufs7								True	literature, APEX_matrix, targetP signal, Rickettsial homolog, mito protein domain, induction, coexpression++, MS/MS++	MIM
Q9DCA7	Caly	Extracellular; Cytoplasmic	Helical			True		True
Q9DCC8	Tomm20	Mitochondrial intermembrane; Cytoplasmic	Helical			True		True	True	literature, yeast mito homolog+	MOM
Q9DCF1	Tmem25	Extracellular; Cytoplasmic	Helical		True	True		True
Q9DCJ5	Ndufa8								True	literature, APEX_IMS, mito protein domain, induction, coexpression++, MS/MS++	MIM
Q9DCM0	Ethe1								True	literature, APEX_matrix, targetP signal, yeast mito homolog++, mito protein domain, induction, MS/MS++	Matrix
Q9DCM2	Gstk1								True	literature, mito protein domain+, coexpression+, MS/MS++	Matrix
Q9DCN2	Cyb5r3								True	literature, mito protein domain, MS/MS+	MOM
Q9DCP2	Slc38a3		Helical			True
Q9DCS3	Mecr								True	literature, APEX_matrix, targetP signal+, yeast mito homolog++, mito protein domain, coexpression, MS/MS++	Matrix
Q9DCT2	Ndufs3								True	literature, APEX_matrix, targetP signal+, Rickettsial homolog, mito protein domain, MS/MS++	MIM
Q9DCV3	Dgat2	Cytoplasmic; Lumenal	Helical			True		True
Q9DCV6	Dele1								True	targetP signal+, yeast mito homolog, mito protein domain, induction, coexpression	MIM
Q9DCW2	Plscr2	Cytoplasmic; Extracellular	Helical			True		True
Q9DCW4	Etfb								True	literature, APEX_matrix, yeast mito homolog, mito protein domain, induction, coexpression+, MS/MS++	Matrix
Q9DCX8	Iyd		Helical			True
Q9DCZ4	Apoo		Helical		True	True			True	literature, APEX_IMS, targetP signal, mito protein domain+, MS/MS++	MIM
Q9DCZ9	Aph1c		Helical			True
Q9DD06	Rarres2				True
Q9EP52	Twsg1				True
Q9EP64	Tnmd	Cytoplasmic; Extracellular	Helical; Signal-anchor for type II membrane protein			True		True
Q9EP66	Hcar2	Extracellular; Cytoplasmic	Helical			True		True
Q9EP69	Sacm1l	Cytoplasmic; Lumenal	Helical			True		True
Q9EP73	Cd274	Extracellular; Cytoplasmic	Helical		True	True		True
Q9EP78	Chst7	Cytoplasmic; Lumenal	Helical; Signal-anchor for type II membrane protein			True		True
Q9EP95	Retnla				True
Q9EP96	Slco1a4	Cytoplasmic; Extracellular	Helical			True		True
Q9EPB7	Gpr88	Extracellular; Cytoplasmic	Helical			True		True
Q9EPC2	Fgf23				True
Q9EPE9	Atp13a1	Cytoplasmic; Extracellular	Helical			True		True
Q9EPK8	Trpv4	Cytoplasmic; Extracellular	Helical	Pore-forming		True	True	True
Q9EPL0	Xylt2	Cytoplasmic; Lumenal	Helical; Signal-anchor for type II membrane protein			True		True
Q9EPL2	Clstn1	Extracellular; Cytoplasmic	Helical		True	True		True
Q9EPL4	Mettl9				True
Q9EPL5	Mmp1a				True
Q9EPL6	Mmp1b				True
Q9EPQ1	Tlr1	Extracellular; Cytoplasmic	Helical		True	True		True
Q9EPR4	Slc23a2	Cytoplasmic; Extracellular	Helical	Helical		True	True	True
Q9EPR5	Sorcs2	Extracellular; Cytoplasmic	Helical		True	True		True
Q9EPS3	Glce	Cytoplasmic; Lumenal	Helical; Signal-anchor for type II membrane protein			True		True
Q9EPT5	Slco2a1	Cytoplasmic; Extracellular	Helical			True		True
Q9EPU5	Tnfrsf21	Extracellular; Cytoplasmic	Helical		True	True		True
Q9EPW9	Tlr6	Extracellular; Cytoplasmic	Helical		True	True		True
Q9EQ06	Hsd17b11				True
Q9EQ09	Olr1	Cytoplasmic; Extracellular	Helical; Signal-anchor for type II membrane protein			True		True
Q9EQ14	Il23a				True
Q9EQ20	Aldh6a1								True	literature, APEX_matrix, targetP signal, yeast mito homolog+, mito protein domain, coexpression, MS/MS++	MIM
Q9EQ21	Hamp				True
Q9EQ31	Lpar3	Extracellular; Cytoplasmic	Helical			True		True
Q9EQ80	Nif3l1								True	APEX_matrix, targetP signal, yeast mito homolog, coexpression, MS/MS+	Matrix
Q9EQC0	Chst1	Cytoplasmic; Lumenal	Helical; Signal-anchor for type II membrane protein			True		True
Q9EQC1	Hsd3b7		Helical			True
Q9EQC4	Elovl4		Helical			True
Q9EQC7	Fstl3				True
Q9EQD0	Fzd5	Extracellular; Cytoplasmic	Helical		True	True		True
Q9EQF2	Kel	Cytoplasmic; Extracellular	Helical; Signal-anchor for type II membrane protein			True		True
Q9EQF4	Izumo1r				True
Q9EQG7	Enpp5		Helical		True	True
Q9EQH2	Erap1	Cytoplasmic; Lumenal	Helical; Signal-anchor for type II membrane protein			True		True
Q9EQH7	Ndst3	Cytoplasmic; Lumenal	Helical; Signal-anchor for type II membrane protein			True		True
Q9EQJ0	Tpcn1	Cytoplasmic; Extracellular	Helical	Helical; Pore-forming		True	True	True
Q9EQK7	Icmt	Cytoplasmic; Lumenal	Helical			True		True
Q9EQN9	Slc19a2	Cytoplasmic; Extracellular	Helical			True		True
Q9EQQ2	Yipf5	Cytoplasmic; Lumenal	Helical			True		True
Q9EQR3	Kcnn1		Helical	Pore-forming		True	True
Q9EQR5	Lime1	Extracellular; Cytoplasmic	Helical; Signal-anchor for type III membrane protein			True		True
Q9EQT6	Syt13	Vesicular; Cytoplasmic	Helical			True		True
Q9EQU3	Tlr9	Extracellular; Cytoplasmic	Helical		True	True		True
Q9EQW8	Ndst4	Cytoplasmic; Lumenal	Helical; Signal-anchor for type II membrane protein			True		True
Q9EQX0	Ghrl				True
Q9EQY0	Ern1	Lumenal; Cytoplasmic	Helical		True	True		True
Q9ER00	Stx12	Cytoplasmic; Vesicular	Helical; Anchor for type IV membrane protein			True		True
Q9ER39	Tor1a				True
Q9ER41	Tor1b				True
Q9ER47	Kcnh7	Cytoplasmic; Extracellular	Helical; Helical; Voltage-sensor	Pore-forming		True	True	True
Q9ER60	Scn4a	Cytoplasmic; Extracellular	Helical	Pore-forming		True	True	True
Q9ER62	Tnfrsf22	Cytoplasmic; Extracellular	Helical; Signal-anchor for type II membrane protein			True		True
Q9ER65	Clstn2	Extracellular; Cytoplasmic	Helical		True	True		True
Q9ER80	Rtp4	Cytoplasmic	Helical			True		True
Q9ER88	Dap3								True	literature, APEX_matrix, targetP signal, yeast mito homolog++, mito protein domain+, coexpression, MS/MS++	Matrix
Q9ERB0	Snap29								True	APEX_IMS	IMS
Q9ERB5	Slco1c1	Cytoplasmic; Extracellular	Helical			True		True
Q9ERC8	Dscam	Extracellular; Cytoplasmic	Helical		True	True		True
Q9ERE7	Mesd				True
Q9ERH8	Slc28a3	Cytoplasmic; Extracellular	Helical	Helical		True	True	True
Q9ERK7	Chrnb2	Extracellular; Cytoplasmic	Helical		True	True		True
Q9ERK9	P2ry6	Extracellular; Cytoplasmic	Helical			True		True
Q9ERM2	Icam4	Extracellular; Cytoplasmic	Helical		True	True		True
Q9ERS2	Ndufa13		Helical			True
Q9ERS7	Il1rl2	Extracellular; Cytoplasmic	Helical		True	True		True
Q9ERZ3	Chrm3	Extracellular; Cytoplasmic	Helical			True		True
Q9ERZ4	Chrm2	Extracellular; Cytoplasmic	Helical			True		True
Q9ES07	Slc15a2	Cytoplasmic; Extracellular	Helical			True		True
Q9ES17	Il21				True
Q9ES30	C1qtnf3				True
Q9ES57	Cd200r1	Extracellular; Cytoplasmic	Helical		True	True		True
Q9ES82	Popdc2		Helical			True
Q9ES83	Popdc1	Extracellular; Cytoplasmic	Helical			True		True
Q9ES88	Slc13a2		Helical			True
Q9ES89	Extl2	Cytoplasmic; Lumenal	Helical; Signal-anchor for type II membrane protein			True		True
Q9ES90	Gpr35	Extracellular; Cytoplasmic	Helical			True		True
Q9ES97	Rtn3	Cytoplasmic		Helical			True	True
Q9ESB3	Hrg				True
Q9ESD1	Prss8		Helical		True	True
Q9ESD7	Dysf	Cytoplasmic; Extracellular	Helical; Anchor for type IV membrane protein			True		True
Q9ESE1	Lrba		Helical			True
Q9ESF1	Otof	Cytoplasmic; Extracellular	Helical; Anchor for type IV membrane protein			True		True
Q9ESG4	Cltrn	Extracellular; Cytoplasmic	Helical		True	True		True
Q9ESG8	Zdhhc16	Cytoplasmic; Lumenal	Helical			True		True
Q9ESM3	Hapln2				True
Q9ESM6	Gdpd2	Cytoplasmic; Extracellular	Helical			True		True
Q9ESN3	Pgap6	Extracellular; Cytoplasmic	Helical		True	True		True
Q9ESN4	C1ql3				True
Q9ESS2	Fgf22				True
Q9EST1	Gsdma		Beta stranded			True
Q9ESW4	Agk								True	literature, APEX_IMS, mito protein domain	MIM
Q9ESY9	Ifi30				True
Q9ET22	Dpp7				True
Q9ET38	Cldn19	Cytoplasmic; Extracellular	Helical			True		True
Q9ET39	Slamf6	Extracellular; Cytoplasmic	Helical		True	True		True
Q9ET66	Pi16				True
Q9ET77	Jph3	Cytoplasmic	Helical; Anchor for type IV membrane protein			True		True
Q9ET78	Jph2	Cytoplasmic	Helical; Anchor for type IV membrane protein			True		True
Q9ET80	Jph1	Cytoplasmic	Helical; Anchor for type IV membrane protein			True		True
Q9JHE3	Asah2	Cytoplasmic; Lumenal	Helical; Signal-anchor for type II membrane protein			True		True
Q9JHE4	Gal3st1	Cytoplasmic; Lumenal	Helical; Signal-anchor for type II membrane protein			True		True
Q9JHF9	Ly96				True
Q9JHG0	Cbln3				True
Q9JHH2	Tspan32		Helical			True
Q9JHH6	Cpb2				True
Q9JHI0	Mmp19				True
Q9JHI4	Slc13a1		Helical			True
Q9JHI5	Ivd								True	literature, APEX_matrix, targetP signal+, mito protein domain+, coexpression+, MS/MS++	Matrix
Q9JHI8	Nox4	Cytoplasmic; Extracellular	Helical			True		True
Q9JHI9	Slc40a1	Cytoplasmic; Extracellular	Helical			True		True
Q9JHJ3	Glmp	Lumenal; Cytoplasmic	Helical		True	True		True
Q9JHJ5	Htr3b	Extracellular; Cytoplasmic	Helical		True	True		True
Q9JHJ7	Prss21				True
Q9JHJ8	Icoslg	Extracellular; Cytoplasmic	Helical		True	True		True
Q9JHL0	Lat2	Extracellular; Cytoplasmic	Helical; Signal-anchor for type III membrane protein			True		True
Q9JHP7	Poglut2				True
Q9JHS4	Clpx								True	literature, APEX_matrix, targetP signal, yeast mito homolog++, Rickettsial homolog, mito protein domain, induction, coexpression, MS/MS++	Matrix
Q9JHW2	Nit2								True	yeast mito homolog, Rickettsial homolog, mito protein domain, coexpression, MS/MS++	unknown
Q9JHX3	Il21r	Extracellular; Cytoplasmic	Helical		True	True		True
Q9JHZ2	Ankh	Cytoplasmic; Extracellular	Helical			True		True
Q9JI18	Lrp1b	Extracellular; Cytoplasmic	Helical		True	True		True
Q9JI33	Ntn4				True
Q9JI39	Abcb10	Mitochondrial matrix; Mitochondrial intermembrane	Helical			True		True	True	literature, APEX_matrix, targetP signal+, yeast mito homolog+, Rickettsial homolog, mito protein domain, induction, coexpression, MS/MS+	MIM
Q9JI58	Raet1d				True
Q9JI59	Jam2	Extracellular; Cytoplasmic	Helical		True	True		True
Q9JI60	Lrat	Cytoplasmic; Lumenal	Helical			True		True
Q9JI71	Dll4	Extracellular; Cytoplasmic	Helical		True	True		True
Q9JI76	Adam21	Extracellular; Cytoplasmic	Helical		True	True		True
Q9JI81	Cts8				True
Q9JI99	Sgpp1		Helical			True
Q9JIA1	Lgi1				True
Q9JIA7	Sphk2								True	literature,mito protein domain	MIM
Q9JIE6	Tslp				True
Q9JIF3	Slc2a8	Cytoplasmic; Extracellular	Helical			True		True
Q9JIM1	Slc29a1	Cytoplasmic; Extracellular	Helical			True		True
Q9JIN6	Kcnmb4	Cytoplasmic; Extracellular	Helical			True		True
Q9JIP3	Il17rb	Extracellular; Cytoplasmic	Helical		True	True		True
Q9JIP4	Panx1	Cytoplasmic; Extracellular	Helical			True		True
Q9JIP6	Fzd2	Extracellular; Cytoplasmic	Helical		True	True		True
Q9JIP7	Slc15a1	Extracellular; Cytoplasmic	Helical			True		True
Q9JIQ3	Diablo								True	literature, APEX_IMS, targetP signal+, mito protein domain+, MS/MS	IMS
Q9JIQ8	Tmprss2	Cytoplasmic; Extracellular	Helical; Signal-anchor for type II membrane protein			True		True
Q9JIS5	Sv2a	Cytoplasmic; Extracellular	Helical			True		True
Q9JIS7	Cacna1f	Cytoplasmic; Extracellular	Helical			True		True
Q9JIS8	Slc12a4	Cytoplasmic; Extracellular	Discontinuously helical; Helical			True		True
Q9JIY5	Htra2		Helical			True			True	literature, APEX_IMS, targetP signal, Rickettsial homolog, mito protein domain, MS/MS+	MIM
Q9JIY7	Nat8	Cytoplasmic; Lumenal	Helical; Signal-anchor for type II membrane protein			True		True
Q9JIY8	Nat8f3		Helical			True
Q9JIZ9	Plscr3	Mitochondrial intermembrane	Helical			True		True	True	literature,yeast mito homolog, mito protein domain	MIM
Q9JJ00	Plscr1	Cytoplasmic; Extracellular	Helical			True		True
Q9JJ04	B4galt4	Cytoplasmic; Lumenal	Helical; Signal-anchor for type II membrane protein			True		True
Q9JJ06	C1galt1	Cytoplasmic; Lumenal	Helical; Signal-anchor for type II membrane protein			True		True
Q9JJ59	Abcb9		Helical			True
Q9JJ61	Galnt16	Cytoplasmic; Lumenal	Helical; Signal-anchor for type II membrane protein			True		True
Q9JJE7	Fads3	Cytoplasmic; Lumenal	Helical			True		True
Q9JJF2	Spag4		Helical			True
Q9JJF9	Sppl2a	Lumenal; Cytoplasmic	Helical		True	True		True
Q9JJG6	Tmem47		Helical			True
Q9JJG7	Caln1	Cytoplasmic; Extracellular	Helical; Anchor for type IV membrane protein			True		True
Q9JJG9	Noa1								True	literature, APEX_matrix, targetP signal, yeast mito homolog++, mito protein domain, coexpression	MIM
Q9JJH7	Trpm5	Cytoplasmic; Extracellular	Helical	Pore-forming		True	True	True
Q9JJJ3	Aqp9	Cytoplasmic; Extracellular	Helical	Discontinuously helical		True	True	True
Q9JJJ7	Porcn	Cytoplasmic; Extracellular	Helical			True		True
Q9JJK5	Herpud1	Cytoplasmic; Lumenal	Helical			True		True
Q9JJL3	Slco1b2	Cytoplasmic; Extracellular	Helical			True		True
Q9JJN1	Fgf21				True
Q9JJN5	Cpn1				True
Q9JJS0	Scube2				True
Q9JJS7	P2ry4	Extracellular; Cytoplasmic	Helical			True		True
Q9JJT2	Gfra4				True
Q9JJV4	Cacng4	Cytoplasmic; Extracellular	Helical			True		True
Q9JJV5	Cacng3		Helical			True
Q9JJV9	Scn5a	Cytoplasmic; Extracellular	Helical	Pore-forming		True	True	True
Q9JJX6	P2rx4	Cytoplasmic; Extracellular	Helical			True		True
Q9JJY3	Smpd3	Cytoplasmic		Helical			True	True
Q9JJY9	Il22				True
Q9JJZ4	Ube2j1	Cytoplasmic; Lumenal	Helical; Anchor for type IV membrane protein			True		True
Q9JJZ5	Egfl6				True
Q9JJZ8	Cnga3	Cytoplasmic; Extracellular	Helical			True		True
Q9JJZ9	Cngb3	Cytoplasmic; Extracellular	Helical			True		True
Q9JK42	Pdk2								True	literature, APEX_matrix, targetP signal, yeast mito homolog+, mito protein domain+, induction, coexpression, MS/MS++	Matrix
Q9JK45	Kcnq5	Cytoplasmic; Extracellular	Helical; Helical; Voltage-sensor	Pore-forming		True	True	True
Q9JK81	Myg1								True	literature, targetP signal, mito protein domain, coexpression	Matrix
Q9JK95	Perp		Helical			True
Q9JK97	Kcnq4	Cytoplasmic; Extracellular	Helical; Helical; Voltage-sensor	Pore-forming		True	True	True
Q9JKC0	Ccl24				True
Q9JKC6	Cend1	Cytoplasmic; Extracellular	Helical; Anchor for type IV membrane protein			True		True
Q9JKE1	Trem3	Extracellular; Cytoplasmic	Helical		True	True		True
Q9JKE2	Trem1	Extracellular; Cytoplasmic	Helical		True	True		True
Q9JKF4	Clec6a	Cytoplasmic; Extracellular	Helical; Signal-anchor for type II membrane protein			True		True
Q9JKF6	Nectin1	Extracellular; Cytoplasmic	Helical		True	True		True
Q9JKJ9	Cyp39a1		Helical			True
Q9JKK1	Stx6	Cytoplasmic	Helical; Anchor for type IV membrane protein			True		True
Q9JKN1	Slc30a7	Cytoplasmic; Lumenal	Helical			True		True
Q9JKR6	Hyou1				True
Q9JKT4	Tas2r105	Extracellular; Cytoplasmic	Helical			True		True
Q9JKW0	Arl6ip1	Cytoplasmic; Lumenal	Helical			True		True
Q9JKX3	Tfr2	Cytoplasmic; Extracellular	Helical; Signal-anchor for type II membrane protein			True		True
Q9JKX6	Nudt5								True	yeast mito homolog++, mito protein domain, coexpression	unknown
Q9JKX8	Upk3a	Lumenal; Cytoplasmic	Helical		True	True		True
Q9JKZ2	Slc5a3	Extracellular; Cytoplasmic	Helical			True		True
Q9JL06	Lpar2	Extracellular; Cytoplasmic	Helical			True		True
Q9JL18	Bace2	Extracellular; Cytoplasmic	Helical		True	True		True
Q9JL21	Ccr10	Extracellular; Cytoplasmic	Helical			True		True
Q9JL27	Fut2	Cytoplasmic; Lumenal	Helical; Signal-anchor for type II membrane protein			True		True
Q9JL56	Gde1	Cytoplasmic; Lumenal	Helical			True		True
Q9JL96	Ctsm				True
Q9JL99	Clec1b	Cytoplasmic; Extracellular	Helical; Signal-anchor for type II membrane protein			True		True
Q9JLB4	Cubn				True
Q9JLB9	Nectin3	Extracellular; Cytoplasmic	Helical		True	True		True
Q9JLF7	Tlr5	Extracellular; Cytoplasmic	Helical		True	True		True
Q9JLI3	Mmel1	Cytoplasmic; Lumenal	Helical; Signal-anchor for type II membrane protein			True		True
Q9JLJ1	Selenok		Helical			True
Q9JLJ2	Aldh9a1								True	APEX_matrix, targetP signal, yeast mito homolog+, mito protein domain, coexpression, MS/MS++	Matrix
Q9JLJ4	Elovl2		Helical			True
Q9JLJ5	Elovl1		Helical			True
Q9JLL3	Tnfrsf19	Extracellular; Cytoplasmic	Helical		True	True		True
Q9JLN5	Ermap	Extracellular; Cytoplasmic	Helical		True	True		True
Q9JLN6	Adam28	Extracellular; Cytoplasmic	Helical		True	True		True
Q9JLR9	Higd1a		Helical			True			True	literature, APEX_IMS, mito protein domain+, induction, MS/MS++	MIM
Q9JLT4	Txnrd2								True	literature, APEX_matrix, targetP signal+, yeast mito homolog, Rickettsial homolog, mito protein domain, coexpression, MS/MS++	Matrix
Q9JLZ3	Auh								True	literature, APEX_matrix, targetP signal, yeast mito homolog+, Rickettsial homolog, mito protein domain, induction, coexpression++, MS/MS++	Matrix
Q9JLZ8	Sigirr	Extracellular; Cytoplasmic	Helical; Signal-anchor for type III membrane protein			True		True
Q9JM51	Ptges	Lumenal; Cytoplasmic	Helical			True		True
Q9JM54	Pmaip1								True	literature, targetP signal, mito protein domain+	MOM
Q9JM58	Crlf1				True
Q9JM61	Thsd1	Extracellular; Cytoplasmic	Helical		True	True		True
Q9JM62	Reep6		Helical			True
Q9JM63	Kcnj10	Cytoplasmic; Extracellular	Helical	Discontinuously helical; Pore-forming		True	True	True
Q9JM71	Klk1b27				True
Q9JM84	Cst5				True
Q9JM95	St6galnac6	Cytoplasmic; Lumenal	Helical; Signal-anchor for type II membrane protein			True		True
Q9JM99	Prg4				True
Q9JMA2	Qtrt1								True	APEX_matrix, targetP signal, Rickettsial homolog, mito protein domain, coexpression	Matrix
Q9JMA9	Slc6a14	Cytoplasmic; Extracellular	Helical			True		True
Q9JMB8	Cntn6				True
Q9JME2	Chst11	Cytoplasmic; Lumenal	Helical; Signal-anchor for type II membrane protein			True		True
Q9JMG3	Tmub1		Helical			True
Q9JMH6	Txnrd1								True	GFP, yeast mito homolog, Rickettsial homolog, mito protein domain, coexpression, MS/MS	unknown
Q9JMI0	Ecel1	Cytoplasmic; Lumenal	Helical; Signal-anchor for type II membrane protein			True		True
Q9JMI7	Tex101				True
Q9JMK0	B4galt5	Cytoplasmic; Lumenal	Helical; Signal-anchor for type II membrane protein			True		True
Q9NYQ2	Hao2								True	yeast mito homolog+, Rickettsial homolog, mito protein domain, coexpression, MS/MS	unknown
Q9QUG3	Prnd				True
Q9QUI6	Ackr1	Extracellular; Cytoplasmic	Helical			True		True
Q9QUJ0	Hcst	Extracellular; Cytoplasmic	Helical		True	True		True
Q9QUJ7	Acsl4	Cytoplasmic	Helical; Signal-anchor for type III membrane protein			True		True
Q9QUK3	Cln8		Helical			True
Q9QUK6	Tlr4	Extracellular; Cytoplasmic	Helical		True	True		True
Q9QUK9	Try5				True
Q9QUL3	Pla2g2e				True
Q9QUM0	Itga2b	Extracellular; Cytoplasmic	Helical		True	True		True
Q9QUM4	Slamf1	Extracellular; Cytoplasmic	Helical		True	True		True
Q9QUN7	Tlr2	Extracellular; Cytoplasmic	Helical		True	True		True
Q9QUP4	Chst5	Cytoplasmic; Lumenal	Helical; Signal-anchor for type II membrane protein			True		True
Q9QUQ5	Trpc4	Cytoplasmic; Extracellular	Helical	Discontinuously helical		True	True	True
Q9QUR8	Sema7a				True
Q9QUT0	Rhag	Cytoplasmic; Extracellular	Helical			True		True
Q9QWK4	Cd5l				True
Q9QWR8	Naga				True
Q9QX15	Clca3a1				True
Q9QX29	Trpc5	Cytoplasmic; Extracellular	Helical	Discontinuously helical		True	True	True
Q9QX60	Dguok								True	literature, APEX_matrix, targetP signal, mito protein domain, MS/MS++	Matrix
Q9QXA6	Slc7a9	Cytoplasmic; Extracellular	Helical			True		True
Q9QXC1	Fetub				True
Q9QXH4	Itgax	Extracellular; Cytoplasmic	Helical		True	True		True
Q9QXK8	Nmu				True
Q9QXM0	Abhd2	Cytoplasmic; Extracellular	Helical; Signal-anchor for type II membrane protein			True		True
Q9QXP0	Rhcg	Cytoplasmic; Extracellular	Helical			True		True
Q9QXT5	Egfl7				True
Q9QXU7	Prok2				True
Q9QXV0	Pcsk1n				True
Q9QXW9	Slc7a8	Cytoplasmic; Extracellular	Helical			True		True
Q9QXX0	Jag1	Extracellular; Cytoplasmic	Helical		True	True		True
Q9QXX3	Pla2g10				True
Q9QXX4	Slc25a13	Mitochondrial intermembrane; Mitochondrial matrix	Helical			True		True	True	literature, yeast mito homolog+, mito protein domain+, coexpression, MS/MS++	MIM
Q9QXY7	Xk	Cytoplasmic; Extracellular	Helical			True		True
Q9QXZ6	Slco1a1	Cytoplasmic; Extracellular	Helical			True		True
Q9QXZ9	Opn4	Extracellular; Cytoplasmic	Helical			True		True
Q9QY30	Abcb11	Cytoplasmic; Extracellular	Helical			True		True
Q9QY40	Plxnb3	Extracellular; Cytoplasmic	Helical		True	True		True
Q9QY42	Gpr37	Extracellular; Cytoplasmic	Helical		True	True		True
Q9QY76	Vapb	Cytoplasmic	Helical; Anchor for type IV membrane protein			True		True
Q9QY80	Hacd1	Cytoplasmic; Lumenal	Helical			True		True
Q9QY81	Nup210	Perinuclear space; Cytoplasmic	Helical		True	True		True
Q9QY96	Casr	Extracellular; Cytoplasmic	Helical		True	True		True
Q9QYA2	Tomm40	Cytoplasmic; Mitochondrial intermembrane	Beta stranded	Helical		True	True	True	True	literature, yeast mito homolog+, mito protein domain+, coexpression, MS/MS++	MOM
Q9QYB1	Clic4		Helical; Note=After insertion into the membrane			True
Q9QYC7	Ggcx	Cytoplasmic; Lumenal	Helical			True		True
Q9QYE5	Jag2	Extracellular; Cytoplasmic	Helical		True	True		True
Q9QYE6	Golga5	Cytoplasmic; Lumenal	Helical; Anchor for type IV membrane protein			True		True
Q9QYF1	Rdh11	Cytoplasmic	Helical; Signal-anchor for type II membrane protein			True		True
Q9QYH9	Tnfsf14	Cytoplasmic; Extracellular	Helical; Signal-anchor for type II membrane protein			True		True
Q9QYI6	Dnajb9				True
Q9QYJ1	St6galnac5	Cytoplasmic; Lumenal	Helical; Signal-anchor for type II membrane protein			True		True
Q9QYK5	Hs6st1	Cytoplasmic; Lumenal	Helical; Signal-anchor for type II membrane protein			True		True
Q9QYM9	Tmeff2	Extracellular; Cytoplasmic	Helical		True	True		True
Q9QYR9	Acot2								True	literature, targetP signal, mito protein domain, induction, coexpression, MS/MS++	Matrix
Q9QYS2	Grm3	Extracellular; Cytoplasmic	Helical		True	True		True
Q9QYY8	Spast	Cytoplasmic		Helical			True	True
Q9QYZ8	Dkk2				True
Q9QZ03	Slc39a1	Extracellular; Cytoplasmic	Helical			True		True
Q9QZ15	Clec4a	Cytoplasmic; Extracellular	Helical; Signal-anchor for type II membrane protein			True		True
Q9QZ26	Kcne5	Cytoplasmic	Helical			True		True
Q9QZ39	St6galnac1	Cytoplasmic; Lumenal	Helical; Signal-anchor for type II membrane protein			True		True
Q9QZ82	Cyp11a1								True	literature, mito protein domain, MS/MS+	MIM
Q9QZC1	Trpc3	Cytoplasmic; Extracellular	Helical			True		True
Q9QZC2	Plxnc1	Extracellular; Cytoplasmic	Helical		True	True		True
Q9QZD8	Slc25a10		Helical			True			True	literature, yeast mito homolog+, mito protein domain+, coexpression, MS/MS++	MIM
Q9QZF2	Gpc1				True
Q9QZH6	Ecsit								True	literature, APEX_matrix, targetP signal, mito protein domain, induction, coexpression+	MIM
Q9QZI9	Serinc3	Extracellular; Cytoplasmic	Helical			True		True
Q9QZL9	Dkkl1				True
Q9QZM2	Polg2								True	literature, APEX_matrix, targetP signal, mito protein domain	Matrix
Q9QZM3	Clcf1				True
Q9QZM4	Tnfrsf10b	Extracellular; Cytoplasmic	Helical		True	True		True
Q9QZQ3	Uts2				True
Q9QZR9	Col4a4				True
Q9QZS0	Col4a3				True
Q9QZS7	Nphs1	Extracellular; Cytoplasmic	Helical		True	True		True
Q9QZT4	Pla2g2f				True
Q9QZU4	Plaat1	Cytoplasmic; Lumenal	Helical			True		True
Q9QZW0	Atp11c	Cytoplasmic; Extracellular	Helical			True		True
Q9R001	Adamts5				True
Q9R007	Clec5a	Cytoplasmic; Extracellular	Helical; Signal-anchor for type II membrane protein			True		True
Q9R014	Ctsj				True
Q9R049	Amfr		Helical			True
Q9R053	Scn11a	Cytoplasmic; Extracellular	Helical; Helical; Voltage-sensor	Pore-forming		True	True	True
Q9R069	Bcam	Extracellular; Cytoplasmic	Helical		True	True		True
Q9R092	Hsd17b6				True
Q9R097	Spint1				True
Q9R098	Hgfac				True
Q9R0A0	Pex14	Peroxisomal; Cytoplasmic	Helical			True		True
Q9R0A1	Clcn2	Cytoplasmic	Helical	Helical; Note=Loop between two helices		True	True	True
Q9R0B6	Lamc3				True
Q9R0E1	Plod3				True
Q9R0E2	Plod1				True
Q9R0G6	Comp				True
Q9R0K7	Atp2b2	Cytoplasmic; Extracellular	Helical			True		True
Q9R0L9	Cd164	Extracellular; Cytoplasmic	Helical		True	True		True
Q9R0M0	Celsr2	Extracellular; Cytoplasmic	Helical		True	True		True
Q9R0M4	Podxl	Extracellular; Cytoplasmic	Helical		True	True		True
Q9R0M8	Slc35a2		Helical			True
Q9R0N3	Syt11	Vesicular; Cytoplasmic	Helical			True		True
Q9R0N4	Syt10	Vesicular; Cytoplasmic	Helical			True		True
Q9R0N5	Syt5	Vesicular; Cytoplasmic	Helical			True		True
Q9R0N6	Syt8	Extracellular; Cytoplasmic	Helical; Signal-anchor for type III membrane protein			True		True
Q9R0N7	Syt7	Vesicular; Cytoplasmic	Helical			True		True
Q9R0N8	Syt6	Vesicular; Cytoplasmic	Helical			True		True
Q9R0N9	Syt9	Vesicular; Cytoplasmic	Helical			True		True
Q9R0Q3	Tmed2	Lumenal; Cytoplasmic	Helical		True	True		True
Q9R0Q8	Clec4e	Cytoplasmic; Extracellular	Helical; Signal-anchor for type II membrane protein			True		True
Q9R0R1	Meltf				True
Q9R0R4	Apln				True
Q9R0S2	Mmp24	Extracellular; Cytoplasmic	Helical		True	True		True
Q9R0S3	Mmp17				True
Q9R0T7	Try4				True
Q9R0W9	Chrna6	Extracellular; Cytoplasmic	Helical		True	True		True
Q9R0X2	Adamdec1				True
Q9R0X4	Acot9								True	literature, targetP signal, MS/MS++	MIM
Q9R0Y1	Asic5	Cytoplasmic; Extracellular	Helical			True		True
Q9R0Y8	Gabrg1	Extracellular; Cytoplasmic	Helical		True	True		True
Q9R100	Cdh17	Extracellular; Cytoplasmic	Helical		True	True		True
Q9R118	Htra1				True
Q9R155	Slc26a4	Cytoplasmic; Extracellular	Helical			True		True
Q9R157	Adam18	Extracellular; Cytoplasmic	Helical		True	True		True
Q9R158	Adam26a	Extracellular; Cytoplasmic	Helical		True	True		True
Q9R159	Adam25	Extracellular; Cytoplasmic	Helical		True	True		True
Q9R160	Adam24	Extracellular; Cytoplasmic	Helical		True	True		True
Q9R171	Cbln1				True
Q9R182	Angptl3				True
Q9R187	Edar	Extracellular; Cytoplasmic	Helical		True	True		True
Q9R1B9	Slit2				True
Q9R1C6	Dgke		Helical			True
Q9R1C8	Htr6	Extracellular; Cytoplasmic	Helical			True		True
Q9R1E6	Enpp2				True
Q9R1I1	Chst4	Cytoplasmic; Lumenal	Helical; Signal-anchor for type II membrane protein			True		True
Q9R1J0	Nsdhl		Helical			True
Q9R1N9	Col13a1	Cytoplasmic; Extracellular	Helical; Signal-anchor for type II membrane protein			True		True
Q9R1Q9	Atp6ap1	Lumenal; Cytoplasmic	Helical		True	True		True
Q9R1S7	Abcc6	Extracellular; Cytoplasmic	Helical			True		True
Q9R1V4	Adam11	Extracellular; Cytoplasmic	Helical		True	True		True
Q9R1V6	Adam22	Extracellular; Cytoplasmic	Helical		True	True		True
Q9R1V7	Adam23	Extracellular; Cytoplasmic	Helical		True	True		True
Q9R1W5	Calcrl	Extracellular; Cytoplasmic	Helical		True	True		True
Q9R1X5	Abcc5		Helical			True
Q9R216	Fzd9	Extracellular; Cytoplasmic	Helical		True	True		True
Q9R229	Bmp10				True
Q9R233	Tapbp	Lumenal; Cytoplasmic	Helical		True	True		True
Q9R244	Trpc2	Cytoplasmic; Extracellular	Helical			True		True
Q9R2B6	St6galnac4	Cytoplasmic; Lumenal	Helical; Signal-anchor for type II membrane protein			True		True
Q9WTJ5	Ramp1	Extracellular; Cytoplasmic	Helical		True	True		True
Q9WTK3	Gpaa1	Cytoplasmic; Lumenal	Helical			True		True
Q9WTL4	Insrr	Extracellular; Cytoplasmic	Helical		True	True		True
Q9WTN3	Srebf1	Cytoplasmic; Lumenal	Helical			True		True
Q9WTN6	Slc22a21	Cytoplasmic; Extracellular	Helical			True		True
Q9WTP6	Ak2								True	literature, APEX_IMS, yeast mito homolog, Rickettsial homolog, mito protein domain, coexpression+, MS/MS++	IMS
Q9WTP7	Ak3								True	literature, APEX_matrix, targetP signal, yeast mito homolog, Rickettsial homolog, mito protein domain, induction, coexpression, MS/MS++	Matrix
Q9WTR0	Mmp16	Extracellular; Cytoplasmic	Helical		True	True		True
Q9WTR1	Trpv2	Cytoplasmic; Extracellular	Helical			True		True
Q9WTR5	Cdh13				True
Q9WTR6	Slc7a11	Cytoplasmic; Extracellular	Helical			True	True	True
Q9WTS2	Fut8	Cytoplasmic; Lumenal	Helical; Signal-anchor for type II membrane protein			True		True
Q9WTS4	Tenm1	Cytoplasmic; Extracellular	Helical			True		True
Q9WTS5	Tenm2	Cytoplasmic; Extracellular	Helical			True		True
Q9WTS6	Tenm3	Cytoplasmic; Extracellular	Helical			True		True
Q9WTU3	Scn8a	Cytoplasmic; Extracellular	Helical	Pore-forming		True	True	True
Q9WTW2	Kcne3	Cytoplasmic	Helical			True		True
Q9WTW5	Slc22a3		Helical			True
Q9WTX4	Nrg4	Extracellular; Cytoplasmic	Helical; Note=Internal signal sequence			True		True
Q9WTY4	Aqp5	Cytoplasmic; Extracellular	Helical	Discontinuously helical		True	True	True
Q9WTZ2	Mbtps1	Lumenal; Cytoplasmic	Helical		True	True		True
Q9WU02	Avpr1b	Extracellular; Cytoplasmic	Helical			True		True
Q9WU03	Spint2	Extracellular; Cytoplasmic	Helical		True	True		True
Q9WU38	Scnn1b	Cytoplasmic; Extracellular	Helical			True		True
Q9WU39	Scnn1g	Cytoplasmic; Extracellular	Helical			True		True
Q9WU40	Lemd3		Helical			True
Q9WU56	Pus1								True	APEX_matrix, targetP signal, yeast mito homolog++, mito protein domain, coexpression	Matrix
Q9WU60	Atrn	Extracellular; Cytoplasmic	Helical		True	True		True
Q9WU65	Gk2		Helical			True
Q9WU72	Tnfsf13b	Cytoplasmic; Extracellular	Helical; Signal-anchor for type II membrane protein			True		True
Q9WU79	Prodh								True	literature, targetP signal, yeast mito homolog+, mito protein domain+, coexpression, MS/MS++	MIM
Q9WUB6	Clcnkb	Cytoplasmic	Helical	Helical		True	True	True
Q9WUB7	Clcnka	Cytoplasmic	Helical			True		True
Q9WUC3	Ly6h				True
Q9WUD6	Wnt8b				True
Q9WUE3	Cyb561d2	Cytoplasmic; Lumenal	Helical			True		True
Q9WUH7	Sema4g	Extracellular; Cytoplasmic	Helical		True	True		True
Q9WUK7	Opn3	Extracellular; Cytoplasmic	Helical			True		True
Q9WUL5	Pdcd1lg2	Extracellular; Cytoplasmic	Helical		True	True		True
Q9WUM5	Suclg1								True	targetP signal, yeast mito homolog+, Rickettsial homolog, mito protein domain, induction, coexpression++, MS/MS++	Matrix
Q9WUP0	Ramp2	Extracellular; Cytoplasmic	Helical		True	True		True
Q9WUP1	Ramp3	Extracellular; Cytoplasmic	Helical		True	True		True
Q9WUP4	Srd5a3	Cytoplasmic; Lumenal	Helical			True		True
Q9WUQ2	Preb	Cytoplasmic; Lumenal	Helical			True		True
Q9WUQ5	Cxcl14				True
Q9WUR2	Eci2								True	literature, APEX_matrix, targetP signal, mito protein domain, coexpression+, MS/MS++	Matrix
Q9WUR9	Ak4								True	APEX_matrix, yeast mito homolog++, Rickettsial homolog, mito protein domain, MS/MS++	Matrix
Q9WUS4	Gja10	Cytoplasmic; Extracellular	Helical			True		True
Q9WUU7	Ctsz				True
Q9WUV2	St6galnac3	Cytoplasmic; Lumenal	Helical; Signal-anchor for type II membrane protein			True		True
Q9WUX5	Irag1		Helical			True
Q9WUZ6	Ccl17				True
Q9WUZ9	Entpd5				True
Q9WV08	Aplnr	Extracellular; Cytoplasmic	Helical			True		True
Q9WV18	Gabbr1	Extracellular; Cytoplasmic	Helical		True	True		True
Q9WV27	Atp1a4	Cytoplasmic; Extracellular	Helical			True		True
Q9WV38	Slc2a5	Cytoplasmic; Extracellular	Helical			True		True
Q9WV54	Asah1				True
Q9WV55	Vapa	Cytoplasmic	Helical; Anchor for type IV membrane protein			True		True
Q9WV56	Gdf2				True
Q9WV84	Nme4								True	APEX_matrix, GFP, targetP signal, yeast mito homolog, Rickettsial homolog, mito protein domain, MS/MS	MIM
Q9WV85	Nme3								True	GFP, yeast mito homolog, Rickettsial homolog, mito protein domain	MOM
Q9WV91	Ptgfrn	Extracellular; Cytoplasmic	Helical		True	True		True
Q9WVA8	Npff				True
Q9WVB4	Slit3				True
Q9WVC3	Cav2	Cytoplasmic		Helical			True	True
Q9WVC5	Trpc7	Cytoplasmic; Extracellular	Helical			True		True
Q9WVC8	Slc26a3	Cytoplasmic; Extracellular	Helical			True		True
Q9WVD4	Clcn5	Cytoplasmic	Helical	Helical; Note=Loop between two helices		True	True	True
Q9WVF6	Pla2g2d				True
Q9WVF9	Clec2i	Cytoplasmic; Extracellular	Helical; Signal-anchor for type II membrane protein			True		True
Q9WVG5	Lipg				True
Q9WVH6	Angpt4				True
Q9WVH9	Fbln5				True
Q9WVJ0	Kcnh3	Cytoplasmic; Extracellular	Helical; Helical; Voltage-sensor	Pore-forming		True	True	True
Q9WVJ3	Cpq				True
Q9WVJ9	Efemp2				True
Q9WVK0	Agtrap	Extracellular; Cytoplasmic	Helical			True		True
Q9WVK5	B4galt6	Cytoplasmic; Lumenal	Helical; Signal-anchor for type II membrane protein			True		True
Q9WVK8	Cyp46a1		Helical			True
Q9WVL0	Gstz1								True	APEX_matrix, targetP signal, yeast mito homolog, mito protein domain, coexpression, MS/MS++	Matrix
Q9WVL3	Slc12a7	Cytoplasmic; Extracellular	Discontinuously helical; Helical			True		True
Q9WVL6	Extl3	Cytoplasmic; Lumenal	Helical; Signal-anchor for type II membrane protein			True		True
Q9WVL7	Cxcl15				True
Q9WVM8	Aadat								True	targetP signal, Rickettsial homolog, mito protein domain, coexpression, MS/MS++	Matrix
Q9WVS0	Icos	Extracellular; Cytoplasmic	Helical		True	True		True
Q9WVS6	Prkn								True	manual, mito protein domain	MOM
Q9WVT6	Ca14	Extracellular; Cytoplasmic	Helical		True	True		True
Q9Z0D9	Cx3cr1	Extracellular; Cytoplasmic	Helical			True		True
Q9Z0E2	Chrd				True
Q9Z0E8	Slc22a5	Cytoplasmic; Extracellular	Helical			True		True
Q9Z0F0	B3galt4	Cytoplasmic; Lumenal	Helical; Signal-anchor for type II membrane protein			True		True
Q9Z0F3	Bcl2l10		Helical			True			True	manual, mito protein domain	MOM
Q9Z0F5	Ch25h		Helical			True
Q9Z0F8	Adam17	Extracellular; Cytoplasmic	Helical		True	True		True
Q9Z0G9	Cldn3	Cytoplasmic; Extracellular	Helical			True		True
Q9Z0J0	Npc2				True
Q9Z0J1	Reck				True
Q9Z0J7	Gdf15				True
Q9Z0K7	Slurp1				True
Q9Z0K8	Vnn1				True
Q9Z0L0	Tpbg	Extracellular; Cytoplasmic	Helical		True	True		True
Q9Z0L1	S1pr4	Extracellular; Cytoplasmic	Helical			True		True
Q9Z0L2	Artn				True
Q9Z0L3	Oc90				True
Q9Z0L6	Pth				True
Q9Z0L8	Ggh				True
Q9Z0M1	Klk4				True
Q9Z0M5	Lipa				True
Q9Z0M6	Adgre5	Extracellular; Cytoplasmic	Helical		True	True		True
Q9Z0R9	Fads2	Cytoplasmic; Lumenal	Helical			True		True
Q9Z0S5	Cldn15	Cytoplasmic; Extracellular	Helical			True		True
Q9Z0S6	Cldn10	Extracellular; Cytoplasmic	Helical			True		True
Q9Z0S9	Rabac1	Cytoplasmic	Helical			True		True
Q9Z0T6	Pkdrej	Extracellular; Cytoplasmic	Helical		True	True		True
Q9Z0T9	Itgb6	Extracellular; Cytoplasmic	Helical		True	True		True
Q9Z0U0	Xpr1	Cytoplasmic; Extracellular	Helical; Discontinuously helical	Helical		True	True	True
Q9Z0U9	S1pr3	Extracellular; Cytoplasmic	Helical			True		True
Q9Z0V1	Kcnd3	Cytoplasmic; Extracellular	Helical; Helical; Voltage-sensor	Helical		True	True	True
Q9Z0V2	Kcnd2	Cytoplasmic; Extracellular	Helical; Helical; Voltage-sensor	Helical		True	True	True
Q9Z0W1	Ngfr	Extracellular; Cytoplasmic	Helical		True	True		True
Q9Z0X1	Aifm1								True	literature, APEX_IMS, targetP signal, yeast mito homolog, mito protein domain, induction, coexpression++, MS/MS++	MIM
Q9Z0X4	Pde3a		Helical			True
Q9Z0Y2	Pla2g1b				True
Q9Z0Z4	Heph	Extracellular; Cytoplasmic	Helical		True	True		True
Q9Z110	Aldh18a1								True	literature, targetP signal+, Rickettsial homolog, mito protein domain, coexpression, MS/MS++	Matrix
Q9Z121	Ccl8				True
Q9Z123	Sema4f	Extracellular; Cytoplasmic	Helical		True	True		True
Q9Z125	Creb3l1	Cytoplasmic; Lumenal	Helical; Signal-anchor for type II membrane protein			True		True
Q9Z126	Pf4				True
Q9Z127	Slc7a5	Cytoplasmic; Extracellular	Helical			True		True
Q9Z132	Rspo1				True
Q9Z138	Ror2	Extracellular; Cytoplasmic	Helical		True	True		True
Q9Z139	Ror1	Extracellular; Cytoplasmic	Helical		True	True		True
Q9Z175	Loxl3				True
Q9Z186	G6pc2	Lumenal; Cytoplasmic	Helical			True		True
Q9Z1F6	Cnmd		Helical			True
Q9Z1G4	Atp6v0a1	Cytoplasmic; Vacuolar	Helical			True		True
Q9Z1J3	Nfs1								True	literature, APEX_matrix, targetP signal+, yeast mito homolog, Rickettsial homolog, mito protein domain+, coexpression+, MS/MS++	Matrix
Q9Z1K8	Slc7a7		Helical			True
Q9Z1L4	Rs1				True
Q9Z1L5	Cacna2d3	Extracellular; Cytoplasmic	Helical		True	True		True
Q9Z1M0	P2rx7	Cytoplasmic; Extracellular	Helical			True		True
Q9Z1M7	Large1	Cytoplasmic; Lumenal	Helical; Signal-anchor for type II membrane protein			True		True
Q9Z1N6	Sfrp4				True
Q9Z1P4	Lgr5	Extracellular; Cytoplasmic	Helical		True	True		True
Q9Z1P5	Cd320	Extracellular; Cytoplasmic	Helical		True	True		True
Q9Z1P8	Angptl4				True
Q9Z1Q2	Abhd16a	Cytoplasmic	Helical			True		True
Q9Z1Q3	Ly6g6d				True
Q9Z1Q5	Clic1		Helical; Note=After insertion into the membrane			True
Q9Z1R3	Apom				True
Q9Z1T2	Thbs4				True
Q9Z1W4	Gdf11				True
Q9Z1W5	Serp1		Helical			True
Q9Z1W8	Atp12a	Cytoplasmic; Lumenal	Helical			True		True
Q9Z1X0	Ccl27				True
Q9Z1X2	Ptdss2	Cytoplasmic; Lumenal	Helical			True		True
Q9Z1Y9	Dio2	Lumenal; Cytoplasmic	Helical; Signal-anchor for type III membrane protein			True		True
Q9Z218	Dpp6	Cytoplasmic; Extracellular	Helical; Signal-anchor for type II membrane protein			True		True
Q9Z222	B3GNT2	Cytoplasmic; Lumenal	Helical; Signal-anchor for type II membrane protein			True		True
Q9Z239	Fxyd1	Extracellular; Cytoplasmic	Helical		True	True		True
Q9Z247	Fkbp9				True
Q9Z260	Cldn8	Cytoplasmic; Extracellular	Helical			True		True
Q9Z261	Cldn7	Cytoplasmic; Extracellular	Helical			True		True
Q9Z262	Cldn6	Cytoplasmic; Extracellular	Helical			True		True
Q9Z2A7	Dgat1	Cytoplasmic; Lumenal	Helical			True		True
Q9Z2A9	Ggt5	Cytoplasmic; Extracellular	Helical; Signal-anchor for type II membrane protein			True		True
Q9Z2B1	Il18rap	Extracellular; Cytoplasmic	Helical		True	True		True
Q9Z2B2	Slc25a14		Helical			True			True	literature, yeast mito homolog+, mito protein domain+, MS/MS	MIM
Q9Z2B5	Eif2ak3	Lumenal; Cytoplasmic	Helical		True	True		True
Q9Z2E3	Ern2	Lumenal; Cytoplasmic	Helical		True	True		True
Q9Z2E9	Bscl2	Cytoplasmic; Lumenal	Helical			True		True
Q9Z2F7	Bnip3l		Helical			True			True	literature, mito protein domain+, coexpression	MOM
Q9Z2G6	Sel1l	Lumenal; Cytoplasmic	Helical		True	True		True
Q9Z2G9	Htatip2								True	yeast mito homolog, mito protein domain+, MS/MS	Membrane
Q9Z2H6	Clec4d	Cytoplasmic; Extracellular	Helical; Signal-anchor for type II membrane protein			True		True
Q9Z2I0	Letm1	Mitochondrial intermembrane; Mitochondrial matrix	Helical			True		True	True	literature, APEX_IMS, APEX_matrix, targetP signal, yeast mito homolog+, mito protein domain+, coexpression++, MS/MS++	MIM
Q9Z2I4	Robo3	Extracellular; Cytoplasmic	Helical		True	True		True
Q9Z2I8	Suclg2								True	literature, APEX_matrix, targetP signal, yeast mito homolog+, Rickettsial homolog, mito protein domain, coexpression, MS/MS++	Matrix
Q9Z2I9	Sucla2								True	literature, APEX_matrix, targetP signal+, yeast mito homolog+, Rickettsial homolog, mito protein domain, induction, coexpression+, MS/MS++	Matrix
Q9Z2J0	Slc23a1	Cytoplasmic; Extracellular	Helical	Helical		True	True	True
Q9Z2J6	Ptgdr2	Extracellular; Cytoplasmic	Helical			True		True
Q9Z2L6	Minpp1				True
Q9Z2P8	Vamp5	Cytoplasmic; Vesicular	Helical; Anchor for type IV membrane protein			True		True
Q9Z2W8	Gria4	Extracellular; Cytoplasmic	Helical	Helical; Pore-forming	True	True	True	True
Q9Z2W9	Gria3	Extracellular; Cytoplasmic	Helical	Helical; Pore-forming	True	True	True	True
Q9Z2Y2	B4galt2	Cytoplasmic; Lumenal	Helical; Signal-anchor for type II membrane protein			True		True
Q9Z2Z6	Slc25a20	Cytoplasmic; Mitochondrial matrix	Helical			True		True	True	literature, yeast mito homolog+, mito protein domain+, induction, coexpression, MS/MS++	MIM
Q9Z306	Slc22a4	Cytoplasmic; Extracellular	Helical			True		True
Q9Z307	Kcnj16	Cytoplasmic; Extracellular	Helical	Helical; Pore-forming		True	True	True
Q9Z319	Corin	Cytoplasmic; Extracellular	Helical; Signal-anchor for type II membrane protein			True		True
Q9Z329	Itpr2	Cytoplasmic; Extracellular	Helical			True		True
Q9Z351	Kcnq2	Cytoplasmic; Extracellular	Helical; Helical; Voltage-sensor	Pore-forming		True	True	True
S4R2P9	Slc8a3	Extracellular; Cytoplasmic	Helical		True	True		True
T1NXB5	Vstm4		Helical		True	True
W8DXL4	Lrit3	Lumenal; Cytoplasmic	Helical		True	True		True
A0A140LIJ0	Dcst2		Helical			True
A0A1B0GSN8	Sertm2		Helical			True
A0A1B0GSZ0	Spaar	Lumenal; Cytoplasmic	Helical			True		True
A0A286YD83	Smim43		Helical			True
A0A286YEC0	Cirop	Extracellular; Cytoplasmic	Helical		True	True		True
A0A2R8VHF7	Catsperq	Cytoplasmic; Extracellular	Helical			True		True
A0A6I8MX38	Tug1	Extracellular; Cytoplasmic	Helical		True	True		True
A0PK84	Zdhhc22	Cytoplasmic; Lumenal	Helical			True		True
A1YIY0	Fcrl6	Extracellular; Cytoplasmic	Helical		True	True		True
A2A559	Pgap3	Lumenal; Cytoplasmic	Helical		True	True		True
A2ADU9	Awat1		Helical			True
A2AGA4	Rhbdl2		Helical			True
A2AJA7	Mamdc4	Extracellular; Cytoplasmic	Helical		True	True		True
A2AKM2	Hacd4	Cytoplasmic; Lumenal	Helical			True		True
A2ALI5	Ajap1	Extracellular; Cytoplasmic	Helical		True	True		True
A2APA5	Fam209		Helical		True	True
A2ATD1	Ism1				True
A2ATU0	Dhtkd1								True	APEX_matrix, targetP signal+, yeast mito homolog+, Rickettsial homolog, mito protein domain+, MS/MS	Matrix
A2AUQ7	Ggta1l1	Cytoplasmic; Lumenal	Helical; Signal-anchor for type II membrane protein			True		True
A2BDX4	Kcng1	Cytoplasmic; Extracellular	Helical; Helical; Voltage-sensor	Helical		True	True	True
A2BGH0	Bpifb4				True
A3KFU9	Disp3	Cytoplasmic; Lumenal	Helical			True		True
A4FUQ5	Fpr-rs4	Extracellular; Cytoplasmic	Helical			True		True
A6H584	Col6a5				True
A6H6T1	Prss40				True
A6X919	Dpy19l1		Helical			True
A7TZF0	Skint3	Extracellular; Cytoplasmic	Helical		True	True		True
A7XUX6	Skint2	Extracellular; Cytoplasmic	Helical		True	True		True
A7XUY5	Skint5	Extracellular; Cytoplasmic	Helical		True	True		True
A7XUZ6	Skint6	Extracellular; Cytoplasmic	Helical		True	True		True
A7XV04	Skint7	Extracellular; Cytoplasmic	Helical		True	True		True
A7XV07	Skint8	Extracellular; Cytoplasmic	Helical		True	True		True
B1ATG9	Trabd2b	Extracellular; Cytoplasmic	Helical		True	True		True
B1AVD1	Xpnpep2				True
B1AWJ5	Tmem8b	Extracellular; Cytoplasmic	Helical			True		True
B1B212	H60b	Extracellular; Cytoplasmic	Helical		True	True		True
B1B213	H60c				True
B2RPV6	Mmrn1				True
B2RQA1	Kcna10		Helical; Helical; Voltage-sensor			True
B2RVW2	Clrn2		Helical			True
B7ZCC9	Adgrg4	Extracellular; Cytoplasmic	Helical		True	True		True
B7ZMP1	Xpnpep3								True	literature, APEX_matrix, targetP signal, yeast mito homolog, mito protein domain, coexpression, MS/MS+	Matrix
C0HK79	Arxes1	Cytoplasmic; Lumenal	Helical; Signal-anchor for type II membrane protein			True		True
C0HK80	Arxes2	Cytoplasmic; Lumenal	Helical; Signal-anchor for type II membrane protein			True		True
C0HKG5	Rnaset2a				True
C0HKG6	Rnaset2b				True
D3YTS9	Acp4	Extracellular; Cytoplasmic	Helical		True	True		True
D3YXF5	C7				True
D3YZG8	Mthfd2l								True	literature, targetP signal, yeast mito homolog+, Rickettsial homolog, mito protein domain	Matrix
D3Z1U7	Tmem233	Cytoplasmic; Extracellular	Helical	Helical		True	True	True
D3Z338	Catsperh	Cytoplasmic; Extracellular	Helical			True		True
D3Z5L9	Ccn6				True
D3Z7Q2	Smim20	Mitochondrial matrix; Mitochondrial intermembrane	Helical			True		True	True	literature,targetP signal, coexpression, MS/MS	MIM
D4PHA7	Wscd2	Cytoplasmic; Extracellular	Helical			True		True
E0CYR6	Nat8f7		Helical			True
E9Q137	Tex264	Lumenal; Cytoplasmic	Helical; Signal-anchor for type III membrane protein			True		True
E9Q355	Catsperg1	Extracellular; Cytoplasmic	Helical		True	True		True
E9Q649	Gcnt4	Cytoplasmic; Lumenal	Helical; Signal-anchor for type II membrane protein			True		True
E9Q6I0	Vmn2r116	Extracellular; Cytoplasmic	Helical		True	True		True
E9Q7P9	Cdhr2	Extracellular; Cytoplasmic	Helical		True	True		True
E9Q7T7	Chadl				True
E9Q9R3	Fimp		Helical		True	True
F2Z472	Svs3a				True
F7A4A7	Otogl				True
G3UVW3	Slc38a6		Helical			True
G3X9R7	Rnf148		Helical		True	True
G5E897	Poglut3				True
J3QNX5	Shisa8	Extracellular; Cytoplasmic	Helical		True	True		True
J3QPP8	Alkal1				True
O08542	Efna4				True
O08742	Gp5	Extracellular; Cytoplasmic	Helical		True	True		True
O08843	Lst1		Helical			True
O08999	Ltbp2				True
O09030	Il13ra1	Extracellular; Cytoplasmic	Helical		True	True		True
O09101	Pigf		Helical			True
O09108	Lhb				True
O09111	Ndufb11		Helical			True			True	literature, APEX_IMS, APEX_matrix, targetP signal+, coexpression++, MS/MS++	MIM
O09117	Sypl1	Cytoplasmic; Vesicular	Helical			True		True
O35103	Omd				True
O35153	Bet1l	Cytoplasmic; Lumenal	Helical; Anchor for type IV membrane protein			True		True
O35214	Rrh	Extracellular; Cytoplasmic	Helical			True		True
O35228	Ebi3				True
O35292	Rnase2b				True
O35308	Slc16a8	Cytoplasmic; Extracellular	Helical			True		True
O35348	Colq				True
O35367	Kera				True
O35448	Ppt2				True
O35459	Ech1								True	APEX_matrix, targetP signal, yeast mito homolog+, mito protein domain, coexpression+, MS/MS++	Matrix
O35474	Edil3				True
O35609	Scamp3	Cytoplasmic	Helical			True		True
O35623	Bet1	Cytoplasmic; Vesicular	Helical; Anchor for type IV membrane protein			True		True
O35683	Ndufa1		Helical			True			True	literature, coexpression+, MS/MS++	MIM
O35684	Serpini1				True
O35857	Timm44								True	literature, APEX_matrix, targetP signal, yeast mito homolog, mito protein domain, induction, coexpression++, MS/MS++	MIM
O35887	Calu				True
O54782	Man2b2				True
O54819	Tfpi				True
O54830	Prl7a1				True
O55125	Nipsnap1								True	APEX_matrix, targetP signal+, coexpression, MS/MS++	Matrix
O55189	Ambn				True
O55196	Enam				True
O55226	Chad				True
O70340	Nptx2				True
O70354	Ca11				True
O70410	Vmn2r1	Extracellular; Cytoplasmic	Helical		True	True		True
O70472	Tmem131	Lumenal; Cytoplasmic	Helical		True	True		True
O88186	Gp9	Extracellular; Cytoplasmic	Helical		True	True		True
O88200	Clec11a				True
O88338	Cdh16	Extracellular; Cytoplasmic	Helical		True	True		True
O88396	Grpel2								True	literature, APEX_matrix, targetP signal+, yeast mito homolog, Rickettsial homolog, mito protein domain+	Matrix
O88425	Nme6								True	literature, APEX_matrix, GFP, yeast mito homolog, Rickettsial homolog, mito protein domain, coexpression	Matrix
O88430	Ccl22				True
O88472	Tnfrsf17	Extracellular; Cytoplasmic	Helical; Signal-anchor for type III membrane protein			True		True
O88537	Fpr-rs3	Extracellular; Cytoplasmic	Helical			True		True
O88803	Lect2				True
O88853	Galr3	Extracellular; Cytoplasmic	Helical			True		True
O88854	Galr2	Extracellular; Cytoplasmic	Helical			True		True
O88855	Ltb4r	Extracellular; Cytoplasmic	Helical			True		True
O88968	Tcn2				True
O88986	Gcat								True	literature, targetP signal, yeast mito homolog+, Rickettsial homolog, mito protein domain, MS/MS++	unknown
O89013	Leprot		Helical			True
O89029	Matn4				True
P00683	Rnase1				True
P01849	Trac	Cytoplasmic	Helical			True		True
P01900	H2-D1	Extracellular; Cytoplasmic	Helical		True	True		True
P02816	Pip				True
P03899	mt-Nd3		Helical			True			True	literature, Rickettsial homolog, mito protein domain+, MS/MS	MIM
P03903	Mtnd4l		Helical			True			True	literature, Rickettsial homolog, mito protein domain	MIM
P03921	Mtnd5		Helical			True			True	literature, APEX_IMS, APEX_matrix, Rickettsial homolog, mito protein domain+, MS/MS+	MIM
P03991	H2-K1	Extracellular; Cytoplasmic	Helical		True	True		True
P04071	Klk1b16				True
P04769	Prl7d1				True
P04918	Saa3				True
P05366	Saa1				True
P06343	H2-Ab1	Extracellular; Cytoplasmic	Helical		True	True		True
P06344		Extracellular; Cytoplasmic	Helical		True	True		True
P06796	Csn3				True
P07349	Ifna5				True
P07350	Ifna6				True
P07351	Ifna4				True
P07361	Orm2				True
P09235	Ifna9				True
P09586	Prl3b1				True
P0C5J4	Gpr52	Extracellular; Cytoplasmic	Helical			True		True
P0C6A1	Slc2a7	Cytoplasmic; Extracellular	Helical			True		True
P0C6B2	Ptcra	Extracellular; Cytoplasmic	Helical		True	True		True
P0C7W3	Tor2a				True
P0DN34	Ndufb1		Helical			True
P11033	Gzmd				True
P11034	Mcpt1				True
P11591	Mup5				True
P11680	Cfp				True
P12399	Ctla2a				True
P12656	Tshb				True
P12787	Cox5a								True	literature, APEX_IMS, APEX_matrix, targetP signal+, yeast mito homolog++, mito protein domain+, induction, coexpression++, MS/MS++	MIM
P13366	Gzmg				True
P13373	Vpreb1b				True
P14220	Gypa	Extracellular; Cytoplasmic	Helical; Signal-anchor for type III membrane protein			True		True
P14428	H2-K1	Extracellular; Cytoplasmic	Helical			True		True
P14434	H2-Aa	Extracellular; Cytoplasmic	Helical		True	True		True
P14439	H2-Ea	Extracellular; Cytoplasmic	Helical		True	True		True
P15089	Cpa3				True
P15656	Fgf5				True
P16014	Chgb				True
P16563	Crisp2				True
P17533	Defa29				True
P17717	Ugt2b17		Helical		True	True
P18121	Prl3d1				True
P18468	H2-Eb1	Extracellular; Cytoplasmic	Helical		True	True		True
P19228	Csn1s1				True
P19467	Muc13	Extracellular; Cytoplasmic	Helical		True	True		True
P19788	Mgp				True
P20764	Igll1				True
P20934	Evi2a	Extracellular; Cytoplasmic	Helical		True	True		True
P21658	Fgf6				True
P21765	Gpx5				True
P24638	Acp2	Lumenal; Cytoplasmic	Helical		True	True		True
P27811	Klrb1a	Cytoplasmic; Extracellular	Helical; Signal-anchor for type II membrane protein			True		True
P28235	Gja4	Cytoplasmic; Extracellular	Helical			True		True
P28666	Mug2				True
P29758	Oat								True	literature, APEX_matrix, targetP signal, mito protein domain, coexpression, MS/MS++	Matrix
P31387	Htr5b	Extracellular; Cytoplasmic	Helical			True		True
P31532	Saa4				True
P32766	Cst8				True
P34984	Or2a7	Extracellular; Cytoplasmic	Helical			True		True
P34985	Or8c8	Extracellular; Cytoplasmic	Helical			True		True
P35459	Ly6d				True
P35487	Pdha2								True	literature, yeast mito homolog+, Rickettsial homolog, mito protein domain+, MS/MS++	Matrix
P41588	Vipr2	Extracellular; Cytoplasmic	Helical		True	True		True
P43024	Cox6a1	Mitochondrial matrix; Mitochondrial intermembrane	Helical			True		True	True	literature, targetP signal+, yeast mito homolog+, mito protein domain+, induction, coexpression, MS/MS++	MIM
P43025	Clec3b				True
P43117	Ptgfr	Extracellular; Cytoplasmic	Helical			True		True
P45878	Fkbp2				True
P46656	Fdx1								True	literature, APEX_matrix, targetP signal+, yeast mito homolog+, Rickettsial homolog, mito protein domain, induction, coexpression, MS/MS+	Matrix
P47758	Srprb		Helical			True
P47802	Mtx1		Helical			True
P47867	Scg3				True
P47876	Igfbp1				True
P47880	Igfbp6				True
P47939	Resp18				True
P47968	Rpia								True	APEX_matrix, targetP signal	Matrix
P48076	Pla2g2c				True
P49194	Rbp3				True
P49660	Sstr4	Extracellular; Cytoplasmic	Helical			True		True
P50283	Cd7	Extracellular; Cytoplasmic	Helical		True	True		True
P50405	Sftpb				True
P50608	Fmod				True
P50705	Defa7				True
P50706	Defa8				True
P50707	Defa9				True
P50708	Defa10				True
P50709	Defa11				True
P50711	Defa13				True
P50712	Defa14				True
P50713	Defa15				True
P50714	Defa16				True
P50716	Defa-rs12				True
P53702	Hccs								True	literature, APEX_IMS, yeast mito homolog++, mito protein domain+, induction, coexpression, MS/MS	IMS
P55099	Tac3				True
P56380	Nudt2								True	mito protein domain, coexpression, MS/MS++	Matrix
P56386	Defb1				True
P56391	Cox6b1								True	literature, APEX_IMS, yeast mito homolog+, mito protein domain+, coexpression++, MS/MS++	MIM
P56400	Gp1bb	Extracellular; Cytoplasmic	Helical		True	True		True
P56479	Galr1	Extracellular; Cytoplasmic	Helical			True		True
P57096	Psca				True
P57110	Adamts8				True
P57759	Erp29				True
P57785	Lefty2				True
P58196	Plscr4	Cytoplasmic; Extracellular	Helical			True		True
P58307	Hcrtr1	Extracellular; Cytoplasmic	Helical			True		True
P58659	Eva1c	Extracellular; Cytoplasmic	Helical		True	True		True
P58710	Gulo		Helical			True
P59041	Dnajc30		Helical			True			True	APEX_matrix, GFP, targetP signal, Rickettsial homolog, mito protein domain, MS/MS	MIM
P59053	Kcng3	Cytoplasmic; Extracellular	Helical; Helical; Voltage-sensor	Helical		True	True	True
P59111	Kcnh8	Cytoplasmic; Extracellular	Helical; Helical; Voltage-sensor	Pore-forming		True	True	True
P59222	Scarf2	Extracellular; Cytoplasmic	Helical		True	True		True
P59383	Lrrn4	Extracellular; Cytoplasmic	Helical		True	True		True
P59481	Lman2l	Lumenal; Cytoplasmic	Helical		True	True		True
P59530	Tas2r7	Extracellular; Cytoplasmic	Helical			True		True
P59862	Cdh26	Extracellular; Cytoplasmic	Helical		True	True		True
P60603	Romo1		Helical			True			True	literature, APEX_IMS, yeast mito homolog++, mito protein domain+, MS/MS	MIM
P61804	Dad1	Cytoplasmic; Lumenal	Helical			True		True
P62080	Tspan5	Cytoplasmic; Extracellular	Helical			True		True
P62956	Cacng7		Helical			True
P63030	Mpc1	Mitochondrial matrix; Mitochondrial intermembrane	Helical			True		True	True	GFP, yeast mito homolog+, mito protein domain+, MS/MS++	MIM
P63056	Olfm3				True
P63075	Fgf17				True
P69525	Tmprss9	Cytoplasmic; Extracellular	Helical			True		True
P70225	Il11ra2	Extracellular; Cytoplasmic	Helical		True	True		True
P70295	Aup1	Cytoplasmic					True	True
P70389	Igfals				True
P70404	Idh3g								True	literature, APEX_matrix, yeast mito homolog+, Rickettsial homolog, mito protein domain, induction, coexpression++, MS/MS++	Matrix
P70663	Sparcl1				True
P70691	Ugt1a2		Helical		True	True
P82019	Defb4				True
P83555	Kir3dl1	Extracellular; Cytoplasmic	Helical		True	True		True
P83714	Ctf2				True
P86793	Ccl21c				True
P97290	Serping1				True
P97425	Ear2				True
P97426	Ear1				True
P97435	Tmprss15	Cytoplasmic; Extracellular	Helical; Signal-anchor for type II membrane protein			True		True
P97450	Atp5pf								True	literature, APEX_IMS, targetP signal, mito protein domain+, induction, coexpression++, MS/MS++	MIM
P97493	Txn2								True	literature, APEX_matrix, targetP signal, yeast mito homolog, Rickettsial homolog, mito protein domain, induction, coexpression++, MS/MS+	Matrix
P97751	Vipr1	Extracellular; Cytoplasmic	Helical		True	True		True
P97799	Nrsn1		Helical			True
P97805	Fam3d				True
P97858	Slc35b1	Cytoplasmic; Lumenal	Helical			True		True
P98154	Dgcr2	Extracellular; Cytoplasmic	Helical		True	True		True
P98195	Atp9b	Cytoplasmic; Extracellular	Helical			True		True
Q02284	Htr1f	Extracellular; Cytoplasmic	Helical			True		True
Q02739	Gjb5	Cytoplasmic; Extracellular	Helical			True		True
Q02862	Csn1s2a				True
Q03401	Crisp1				True
Q03402	Crisp3				True
Q05186	Rcn1				True
Q05685	Folr2				True
Q05A56	Hyal4	Cytoplasmic; Extracellular	Helical			True		True
Q07409	Cntn3				True
Q07417	Acads								True	literature, APEX_matrix, targetP signal+, mito protein domain+, induction, coexpression++, MS/MS++	Matrix
Q07643	Col9a2				True
Q07797	Lgals3bp				True
Q07968	F13b				True
Q08423	Tff1				True
Q08731	Reg2				True
Q08761	Pros1				True
Q0EEE2	Ptchd3		Helical			True
Q0GA42	Cnnm1		Helical			True
Q0KK59	Unc79		Helical			True
Q0V8T7	Cntnap5c	Extracellular; Cytoplasmic	Helical		True	True		True
Q0V8T8	Cntnap5b	Extracellular; Cytoplasmic	Helical		True	True		True
Q0V8T9	Cntnap5a	Extracellular; Cytoplasmic	Helical		True	True		True
Q0VBU9	Plpp4		Helical			True
Q14B24	Prss57				True
Q14C51	Ptcd3								True	literature, APEX_matrix, targetP signal+, mito protein domain+, MS/MS++	Matrix
Q14C59	Tmprss11b	Cytoplasmic; Extracellular	Helical; Signal-anchor for type II membrane protein			True		True
Q14DH7	Acss3								True	targetP signal, yeast mito homolog, mito protein domain, MS/MS	Matrix
Q14DK5	Hhipl1				True
Q2LA85	Treml2	Extracellular; Cytoplasmic	Helical		True	True		True
Q2TPA8	Hsdl2								True	APEX_matrix, GFP, Rickettsial homolog, mito protein domain+, induction, coexpression+, MS/MS++	Matrix
Q2VLH6	Cd163	Extracellular; Cytoplasmic	Helical		True	True		True
Q2YFS2	Pilrb	Extracellular; Cytoplasmic	Helical		True	True		True
Q2YFS3	Pilra	Extracellular; Cytoplasmic	Helical		True	True		True
Q307W7	Kncn		Helical			True
Q30D77	Col24a1				True
Q32NY4	Cnnm3		Helical			True
Q3L180	Defa26				True
Q3TA38	Tmem120b		Helical			True
Q3TEW6	Mpzl1	Extracellular; Cytoplasmic	Helical		True	True		True
Q3TIT8	Slc37a3		Helical			True
Q3TL26	Tfb2m								True	literature, APEX_matrix, targetP signal+, mito protein domain	Matrix
Q3TNL8	Itprip	Extracellular; Cytoplasmic	Helical		True	True		True
Q3TQR0	Pgap2	Cytoplasmic; Lumenal	Helical			True		True
Q3TT99	Gdpd4	Cytoplasmic; Extracellular	Helical			True		True
Q3TUL7	Dcaf17		Helical			True
Q3TX08	Trmt1								True	targetP signal+, yeast mito homolog, mito protein domain, coexpression	Matrix
Q3TY86	Aifm3								True	literature, Rickettsial homolog, mito protein domain+	MIM
Q3TYS2	Cybc1		Helical			True
Q3TYU2	Atp13a5		Helical			True
Q3TZ87	Marchf9		Helical			True
Q3U0X8	Cd96	Extracellular; Cytoplasmic	Helical		True	True		True
Q3U128	Apcdd1	Extracellular; Cytoplasmic	Helical		True	True		True
Q3U3D7	Tmem131l	Extracellular; Cytoplasmic	Helical		True	True		True
Q3U4B4	Lipn				True
Q3U4N7	Igflr1	Extracellular; Cytoplasmic	Helical		True	True		True
Q3UBX0	Tmem109	Lumenal; Cytoplasmic	Helical		True	True		True
Q3UDF0	Slc2a6	Cytoplasmic; Extracellular	Helical			True		True
Q3UDR8	Yipf3	Cytoplasmic; Lumenal	Helical			True		True
Q3UGP8	Alg10b	Cytoplasmic; Extracellular	Helical			True		True
Q3UGY8	Arfgef3		Helical			True
Q3UIU2	Ndufb6		Helical			True			True	literature, APEX_IMS, APEX_matrix, mito protein domain+, induction, coexpression++, MS/MS++	MIM
Q3UJ81	Cnep1r1		Helical			True
Q3UJF0	Gpr55	Extracellular; Cytoplasmic	Helical			True		True
Q3UKK2	Ceacam5				True
Q3ULD5	Mccc2								True	literature, targetP signal, Rickettsial homolog, mito protein domain, coexpression+, MS/MS++	Matrix
Q3UME2	Slc35d4		Helical			True
Q3UN54	Pate14				True
Q3UPR7	Tmem102	Extracellular; Cytoplasmic	Helical			True		True
Q3UQ22	Ntn5				True
Q3UQ41	Tmprss11a	Cytoplasmic; Extracellular	Helical; Signal-anchor for type II membrane protein			True		True
Q3URE1	Acsf3								True	APEX_matrix, targetP signal+, Rickettsial homolog, mito protein domain, coexpression+, MS/MS++	Matrix
Q3USF0	B3gnt6	Cytoplasmic; Lumenal	Helical; Signal-anchor for type II membrane protein			True		True
Q3USZ8	Dipk2a				True
Q3UU67	Trat1	Extracellular; Cytoplasmic	Helical; Signal-anchor for type III membrane protein			True		True
Q3UV70	Pdp1								True	literature, APEX_matrix, targetP signal, yeast mito homolog+, mito protein domain, MS/MS++	MIM
Q3UV71	Tmtc1	Cytoplasmic; Extracellular	Helical			True		True
Q3UVY1	Gpr149	Extracellular; Cytoplasmic	Helical			True		True
Q3UW26	Bsph1				True
Q3UY90	Gask1a				True
Q3UZZ4	Olfm4				True
Q3V009	Tmed1	Extracellular; Cytoplasmic	Helical		True	True		True
Q3V0T4	Itgad	Extracellular; Cytoplasmic	Helical		True	True		True
Q3V1F8	Ephx3		Helical			True
Q3V1M1	Igsf10				True
Q3V3F6	Mpzl3	Extracellular; Cytoplasmic	Helical		True	True		True
Q45VN2	Defa20				True
Q497J1	Tmem86b	Cytoplasmic; Extracellular	Helical			True		True
Q497L8	Slc22a16		Helical			True
Q4FZG8	Oosp2				True
Q4FZG9	Coxfa4l2		Helical			True
Q4FZH1	Entrep1	Lumenal; Cytoplasmic	Helical		True	True		True
Q4LFA9	Sema3g				True
Q4QQM5	Miga1		Helical			True			True	literature	MOM
Q4VAH7	Hepacam2	Cytoplasmic	Helical		True	True		True
Q4VC17	Adamts18				True
Q4VK74	Ifnl2				True
Q504N2	Slc22a15		Helical			True
Q505D7	Opa3								True	literature, targetP signal, coexpression, MS/MS++	MOM
Q566J8	Coq8b		Helical			True
Q56A06	Tmtc2	Extracellular; Cytoplasmic	Helical			True		True
Q571E4	Galns				True
Q571F8	Gls2								True	targetP signal, mito protein domain+, MS/MS++	Matrix
Q59J78	Ndufaf2								True	literature, APEX_matrix, targetP signal, induction, coexpression, MS/MS++	MIM
Q5BKQ4	Pnliprp1				True
Q5DRQ8	Fcrlb				True
Q5DTI8	Esyt3	Cytoplasmic; Lumenal	Helical			True		True
Q5F226	Fat2	Extracellular; Cytoplasmic	Helical		True	True		True
Q5F289	Spem1		Helical			True
Q5G864	Defa25				True
Q5G865	Defa24				True
Q5G866	Defa23				True
Q5GFD5	Hs3st6	Cytoplasmic; Lumenal	Helical; Signal-anchor for type II membrane protein			True		True
Q5GH62	Xkr9		Helical			True
Q5HZI9	Slc25a51		Helical			True			True	GFP, yeast mito homolog+, mito protein domain+, coexpression, MS/MS++	MIM
Q5HZK2	Nrsn2		Helical			True
Q5JCS9	B3gnt3	Cytoplasmic; Lumenal	Helical; Signal-anchor for type II membrane protein			True		True
Q5K2P8	Prss36				True
Q5NCE8	Mrs2	Mitochondrial matrix; Mitochondrial intermembrane	Helical			True		True	True	APEX_matrix, GFP, targetP signal, yeast mito homolog++, coexpression	MIM
Q5NCM1	Slc17a4		Helical			True
Q5NCS9	Mief2	Mitochondrial intermembrane; Cytoplasmic	Helical			True		True	True	literature,mito protein domain	MOM
Q5ND52	Mrm3								True	APEX_matrix, GFP, targetP signal, mito protein domain+, induction, coexpression	Matrix
Q5QD06	Taar8b	Extracellular; Cytoplasmic	Helical			True		True
Q5QD08	Taar7f	Extracellular; Cytoplasmic	Helical			True		True
Q5QD09	Taar7e	Extracellular; Cytoplasmic	Helical			True		True
Q5QD10	Taar7d	Extracellular; Cytoplasmic	Helical			True		True
Q5QD11	Taar7b	Extracellular; Cytoplasmic	Helical			True		True
Q5QD13	Taar6	Extracellular; Cytoplasmic	Helical			True		True
Q5QD16	Taar3	Extracellular; Cytoplasmic	Helical			True		True
Q5QD17	Taar2	Extracellular; Cytoplasmic	Helical			True		True
Q5RJF7	Cacna2d4	Extracellular; Cytoplasmic	Helical		True	True		True
Q5RJH3	Cdh12	Extracellular; Cytoplasmic	Helical		True	True		True
Q5SS91	Sun3	Nuclear; Perinuclear space	Helical			True		True
Q5SSH8	Cyb5d2				True
Q5STE3	Fstl4				True
Q5SVR0	Tbc1d9b		Helical			True
Q5SYH2	Vma12		Helical			True
Q5SZA1	Slc17a2		Helical			True
Q5U458	Dnajc11								True	GFP, yeast mito homolog+, Rickettsial homolog, mito protein domain, coexpression, MS/MS++	MOM
Q5U462	Cdcp1	Extracellular; Cytoplasmic	Helical		True	True		True
Q5U901	Cpa6				True
Q5UBV8	Tnfsf15	Cytoplasmic; Extracellular	Helical; Signal-anchor for type II membrane protein			True		True
Q5XG73	Acbd5		Helical			True
Q5Y5T3	Zdhhc23	Cytoplasmic; Lumenal	Helical			True		True
Q60590	Orm1				True
Q60652	Klra5	Cytoplasmic; Extracellular	Helical; Signal-anchor for type II membrane protein			True		True
Q60653	Klra6	Cytoplasmic; Extracellular	Helical; Signal-anchor for type II membrane protein			True		True
Q60660	Klra2	Cytoplasmic; Extracellular	Helical; Signal-anchor for type II membrane protein			True		True
Q60767	Ly75	Extracellular; Cytoplasmic	Helical		True	True		True
Q60850	Slc23a3	Cytoplasmic; Extracellular	Helical			True		True
Q60891	Or3a10	Extracellular; Cytoplasmic	Helical			True		True
Q60893	Or8a1	Extracellular; Cytoplasmic	Helical			True		True
Q60895	Or8g50	Extracellular; Cytoplasmic	Helical			True		True
Q61041	Npy4r	Extracellular; Cytoplasmic	Helical			True		True
Q61114	Bpifb1				True
Q61121	Gpr19	Extracellular; Cytoplasmic	Helical			True		True
Q61125	Bdkrb1	Extracellular; Cytoplasmic	Helical			True		True
Q61184	Mtnr1a	Extracellular; Cytoplasmic	Helical			True		True
Q61190	Il10rb	Extracellular; Cytoplasmic	Helical		True	True		True
Q61200	Nxph1				True
Q61212	Npy6r	Extracellular; Cytoplasmic	Helical			True		True
Q61387	Cox7a2l		Helical			True			True	literature, APEX_IMS, APEX_matrix, mito protein domain+, MS/MS+	MIM
Q61578	Fdxr								True	literature, APEX_matrix, targetP signal, yeast mito homolog++, coexpression, MS/MS++	Matrix
Q61702	Itih1				True
Q61703	Itih2				True
Q61704	Itih3				True
Q61711	Ibsp				True
Q61716	Ifna11				True
Q61754	Klk1b24				True
Q61865	Mia				True
Q61878	Prg2				True
Q61983	Slc17a1		Helical			True
Q62086	Pon2				True
Q62177	Sema3b				True
Q62395	Tff3				True
Q62443	Nptx1				True
Q62556	Btn1a1	Extracellular; Cytoplasmic	Helical		True	True		True
Q63880	Ces3a				True
Q64016	Defa17				True
Q64263	Defa-rs10				True
Q64323	Piga	Cytoplasmic; Lumenal	Helical			True		True
Q64326	Mc2r	Extracellular; Cytoplasmic	Helical			True		True
Q64389	Cd52				True
Q64448	Gja3	Cytoplasmic; Extracellular	Helical			True	True	True
Q64695	Procr	Extracellular; Cytoplasmic	Helical		True	True		True
Q64726	Azgp1				True
Q673U1	Hs3st2	Cytoplasmic; Lumenal	Helical; Signal-anchor for type II membrane protein			True		True
Q69ZZ6	Tmcc1	Cytoplasmic	Helical			True		True
Q6AXF6	Sidt1	Extracellular; Cytoplasmic	Helical		True	True		True
Q6B9Z0	Igfl				True
Q6DI86	Fastkd1								True	APEX_matrix, targetP signal, induction, coexpression++	Matrix
Q6GV12	Kdsr	Cytoplasmic; Lumenal	Helical		True	True		True
Q6IYF8	Oxgr1	Extracellular; Cytoplasmic	Helical			True		True
Q6J9G1	Styk1		Helical			True
Q6NSR3	Adck2		Helical			True			True	GFP, targetP signal, yeast mito homolog, Rickettsial homolog, mito protein domain	MIM
Q6NSW3	Sphkap								True	manual	MIM
Q6NZL8	Scube1				True
Q6P253	Dmkn				True
Q6P6J9	Txndc15	Extracellular; Cytoplasmic	Helical		True	True		True
Q6P8J7	Ckmt2								True	literature, targetP signal, mito protein domain, induction, coexpression, MS/MS++	MIM
Q6PB70	Ano8	Cytoplasmic; Extracellular	Helical			True		True
Q6PCP7	Gpr156	Extracellular; Cytoplasmic	Helical			True		True
Q6PD19	Armh3		Helical			True
Q6PD26	Pigs	Cytoplasmic; Lumenal	Helical			True		True
Q6PDD0	Ugt2a2	Extracellular; Cytoplasmic	Helical		True	True		True
Q6PDE7	Ggt6	Cytoplasmic; Extracellular	Helical; Signal-anchor for type II membrane protein			True		True
Q6PEB4	Osgepl1								True	APEX_matrix, targetP signal, yeast mito homolog, Rickettsial homolog, mito protein domain, coexpression	Matrix
Q6PFX6	Cdh24	Extracellular; Cytoplasmic	Helical		True	True		True
Q6PGE7	Slc6a7	Cytoplasmic; Extracellular	Helical			True		True
Q6PHB0	Il20ra	Extracellular; Cytoplasmic	Helical		True	True		True
Q6PIX9	Mtnap1	Extracellular; Cytoplasmic	Helical			True		True
Q6QD59	Bnip1	Cytoplasmic; Lumenal	Helical; Anchor for type IV membrane protein			True		True
Q6R5P0	Tlr11	Extracellular; Cytoplasmic	Helical		True	True		True
Q6R653	Unc5cl	Extracellular; Cytoplasmic	Helical; Signal-anchor for type III membrane protein			True		True
Q6RUT7	Uqcc4	Mitochondrial matrix; Mitochondrial intermembrane	Helical		True	True		True	True	APEX_IMS, targetP signal+, induction, coexpression, MS/MS	IMS
Q6TAC4	Vmn2r26	Extracellular; Cytoplasmic	Helical		True	True		True
Q6W3F0	P4ha3				True
Q6W5C0	Cxcl3				True
Q6X632	Gpr75	Extracellular; Cytoplasmic	Helical			True		True
Q6XJV6	Cd200r1l	Extracellular; Cytoplasmic	Helical		True	True		True
Q6YNI2	Gpr6	Extracellular; Cytoplasmic	Helical			True		True
Q6ZQI3	Mlec	Lumenal; Cytoplasmic	Helical		True	True		True
Q6ZWS4	Cnih3	Cytoplasmic; Lumenal	Helical			True		True
Q70E20	Sned1				True
Q71B07	Dpy19l3	Cytoplasmic; Lumenal	Helical	Name=3; Name=4		True	True	True
Q71MR7	Fpr-rs7	Extracellular; Cytoplasmic	Helical			True		True
Q766D5	B4galnt4	Cytoplasmic; Lumenal	Helical; Signal-anchor for type II membrane protein			True		True
Q76EC5	Chst9	Cytoplasmic; Lumenal	Helical; Signal-anchor for type II membrane protein			True		True
Q78IS1	Tmed3	Lumenal; Cytoplasmic	Helical		True	True		True
Q791T5	Mtch1	Mitochondrial intermembrane; Cytoplasmic	Helical			True		True	True	literature, yeast mito homolog+, mito protein domain+, MS/MS++	MOM
Q7M758	Naaladl1	Cytoplasmic; Extracellular	Helical; Signal-anchor for type II membrane protein			True		True
Q7TMF3	Ndufa12								True	literature, APEX_matrix, Rickettsial homolog, coexpression++, MS/MS++	MIM
Q7TMJ8	Pik3ip1	Extracellular; Cytoplasmic	Helical		True	True		True
Q7TN73	Casd1	Cytoplasmic; Lumenal	Helical			True		True
Q7TN88	Pkd1l2		Helical		True	True
Q7TNE1	Sugct								True	APEX_matrix, targetP signal, mito protein domain, coexpression, MS/MS+	Matrix
Q7TNK8	Adm2				True
Q7TPG7	Tafa2				True
Q7TPG8	Tafa1				True
Q7TPN3	Pigv	Cytoplasmic; Lumenal	Helical			True		True
Q7TPZ8	Cpa1				True
Q7TQ62	Podn				True
Q7TQ65	Tmc4	Extracellular; Cytoplasmic	Helical			True		True
Q7TQA3	Sdr16c5		Helical			True
Q7TQA4	Tas2r140	Extracellular; Cytoplasmic	Helical			True		True
Q7TQN9	Gpr142	Extracellular; Cytoplasmic	Helical			True		True
Q7TQP3	Gpr119	Extracellular; Cytoplasmic	Helical			True		True
Q7TSH7	Kcnf1	Cytoplasmic	Helical; Helical; Voltage-sensor	Pore-forming		True	True	True
Q7TSL0	Ifnk				True
Q7TSN6	Gpr151	Extracellular; Cytoplasmic	Helical			True		True
Q7TST0	Btnl1	Extracellular; Cytoplasmic	Helical		True	True		True
Q7TT36	Adgra3	Extracellular; Cytoplasmic	Helical		True	True		True
Q7TT41	Moxd2	Extracellular; Cytoplasmic	Helical		True	True		True
Q80SS6	Gpbar1	Extracellular; Cytoplasmic	Helical			True		True
Q80SX5	Otop2		Helical			True
Q80T03	Muc6				True
Q80T21	Adamtsl4				True
Q80T79	Csmd3	Cytoplasmic; Extracellular	Helical			True		True
Q80T91	Megf11	Extracellular; Cytoplasmic	Helical		True	True		True
Q80TE3	Marchf4		Helical		True	True
Q80TF3	Pcdh19	Extracellular; Cytoplasmic	Helical		True	True		True
Q80U23	Snph		Helical			True
Q80UC8	Gpr139	Extracellular; Cytoplasmic	Helical			True		True
Q80UJ1	Slc22a20	Cytoplasmic; Extracellular	Helical			True		True
Q80V42	Cpm				True
Q80V53	Chst14	Cytoplasmic; Lumenal	Helical; Signal-anchor for type II membrane protein			True		True
Q80VP5	Mtrfr								True	literature, targetP signal, yeast mito homolog++, Rickettsial homolog, mito protein domain, MS/MS	Matrix
Q80W40	Acsm4								True	manual, targetP signal, yeast mito homolog, Rickettsial homolog, mito protein domain	Matrix
Q80WJ6	Abcc12		Helical			True
Q80WM7	Prss33				True
Q80X72	Lrrc15	Extracellular; Cytoplasmic	Helical		True	True		True
Q80XH4	Wscd1	Cytoplasmic; Extracellular	Helical; Signal-anchor for type II membrane protein			True		True
Q80XL6	Acad11								True	mito protein domain+, induction, coexpression	MIM
Q80XL7	Mppe1		Helical			True
Q80XM3	Kcng4	Cytoplasmic; Extracellular	Helical; Helical; Voltage-sensor	Helical		True	True	True
Q80XN0	Bdh1								True	literature, APEX_matrix, targetP signal+, Rickettsial homolog, mito protein domain, induction, coexpression, MS/MS++	MIM
Q80Y14	Glrx5								True	literature, APEX_matrix, targetP signal+, yeast mito homolog+, Rickettsial homolog, mito protein domain, coexpression, MS/MS+	Matrix
Q80Y81	Elac2								True	APEX_matrix, GFP, targetP signal, yeast mito homolog, Rickettsial homolog, mito protein domain, MS/MS	Matrix
Q80YF6	Upk3b	Lumenal; Cytoplasmic	Helical		True	True		True
Q80Z96	Vangl1	Cytoplasmic; Extracellular	Helical			True		True
Q80ZA0	Itln1b				True
Q80ZD9	Amigo2	Extracellular; Cytoplasmic	Helical		True	True		True
Q80ZE5	Paqr8	Cytoplasmic; Extracellular	Helical			True		True
Q80ZI2	Rtp2	Cytoplasmic; Extracellular	Helical			True		True
Q80ZM3	Etfbkmt								True	literature,mito protein domain+	Matrix
Q80ZM8	Crls1		Helical			True			True	literature, targetP signal, yeast mito homolog, Rickettsial homolog, mito protein domain, coexpression	MIM
Q810H5	Galp				True
Q810J1	Psg22				True
Q810Q5	Coxfa4l3		Helical			True			True	GFP, mito protein domain, MS/MS+	Membrane
Q810W6	Cxcr1	Extracellular; Cytoplasmic	Helical			True		True
Q810Z1	Lcn10				True
Q811Q4	Adam29	Extracellular; Cytoplasmic	Helical		True	True		True
Q812B2	Gphb5				True
Q8BFR4	Gns				True
Q8BFR5	Tufm								True	literature, APEX_matrix, targetP signal, yeast mito homolog+, Rickettsial homolog, mito protein domain, MS/MS++	Matrix
Q8BFU1	Slc39a9		Helical			True
Q8BFW9	Slc2a12	Cytoplasmic; Extracellular	Helical			True		True
Q8BFZ2	Plppr1		Helical			True
Q8BFZ9	Erlin2	Cytoplasmic; Lumenal	Helical			True		True
Q8BG28	B3galnt2	Cytoplasmic; Lumenal	Helical; Signal-anchor for type II membrane protein			True		True
Q8BGA9	Oxa1l	Mitochondrial intermembrane; Mitochondrial matrix	Helical			True		True	True	literature, APEX_matrix, targetP signal+, yeast mito homolog++, Rickettsial homolog, mito protein domain, coexpression	MIM
Q8BGB8	Coq4								True	literature, targetP signal+, yeast mito homolog++, mito protein domain+, coexpression, MS/MS	MIM
Q8BGC3	Slc16a12	Cytoplasmic	Helical			True		True
Q8BGC9	Creg2				True
Q8BGE9	Rxfp3	Extracellular; Cytoplasmic	Helical			True		True
Q8BGF9	Slc25a44		Helical			True			True	yeast mito homolog+, mito protein domain+, induction, MS/MS	MIM
Q8BGN6	Prrg4	Extracellular; Cytoplasmic	Helical		True	True		True
Q8BGN8	Synpr	Cytoplasmic; Vesicular	Helical			True		True
Q8BGP6	Slc25a40		Helical			True			True	literature, yeast mito homolog+, mito protein domain+, MS/MS	MIM
Q8BGT5	Gpt2								True	APEX_matrix, targetP signal, Rickettsial homolog, mito protein domain, MS/MS++	Matrix
Q8BGT9	Galnt12	Cytoplasmic; Lumenal	Helical; Signal-anchor for type II membrane protein			True		True
Q8BGW2	Wbp1l		Helical			True
Q8BGY6	B3gnt5	Cytoplasmic; Lumenal	Helical; Signal-anchor for type II membrane protein			True		True
Q8BGY7	Fam210a		Helical			True			True	GFP, targetP signal, induction, coexpression++, MS/MS	MIM
Q8BH01	Slc9d1		Helical		True	True
Q8BH27	Megf9	Extracellular; Cytoplasmic	Helical		True	True		True
Q8BH32	Susd4	Extracellular; Cytoplasmic	Helical		True	True		True
Q8BH34	Sema3d				True
Q8BH70	Fbxl4								True	literature, mito protein domain, coexpression	IMS
Q8BH73	Qpctl		Helical			True
Q8BH79	Ano10	Cytoplasmic; Extracellular	Helical			True		True
Q8BH86	Dglucy								True	literature, APEX_matrix, targetP signal+, coexpression, MS/MS++	Matrix
Q8BHC9	Pofut4	Cytoplasmic; Lumenal	Helical; Signal-anchor for type II membrane protein			True		True
Q8BHE5	Bmp3				True
Q8BHF7	Pgs1								True	targetP signal, yeast mito homolog++	MIM
Q8BHJ6	Serinc5	Extracellular; Cytoplasmic	Helical			True		True
Q8BHK1	Nipa1	Extracellular; Cytoplasmic	Helical			True		True
Q8BIP0	Dars2								True	APEX_matrix, targetP signal, yeast mito homolog++, Rickettsial homolog, mito protein domain, coexpression, MS/MS	Matrix
Q8BJ03	Cox15	Mitochondrial matrix; Mitochondrial intermembrane	Helical			True		True	True	literature, targetP signal, yeast mito homolog++, Rickettsial homolog, mito protein domain+, coexpression++, MS/MS	MIM
Q8BJ48	Nagpa	Lumenal; Cytoplasmic	Helical		True	True		True
Q8BJ52	Plppr5		Helical			True
Q8BJ64	Chdh								True	APEX_matrix, targetP signal+, mito protein domain, coexpression, MS/MS++	MIM
Q8BJM5	Slc30a6	Cytoplasmic; Extracellular	Helical			True		True
Q8BJT9	Edem2				True
Q8BK30	Ndufv3								True	literature, APEX_matrix, targetP signal, induction, coexpression++, MS/MS++	MIM
Q8BK72	Mrps27								True	literature, APEX_matrix, targetP signal, yeast mito homolog++, mito protein domain+, induction, coexpression+, MS/MS++	Matrix
Q8BKF1	Polrmt								True	literature, APEX_matrix, targetP signal, yeast mito homolog++, mito protein domain+, coexpression++, MS/MS	Matrix
Q8BKN6	Hs3st3a1	Cytoplasmic; Lumenal	Helical; Signal-anchor for type II membrane protein			True		True
Q8BKV0	Spock3				True
Q8BKV1	Gpc2				True
Q8BKZ9	Pdhx								True	literature, APEX_matrix, targetP signal, yeast mito homolog+, Rickettsial homolog, mito protein domain+, induction, coexpression++, MS/MS+	Matrix
Q8BLG2	Lpar4	Extracellular; Cytoplasmic	Helical			True		True
Q8BLH5	Prss50	Extracellular; Cytoplasmic	Helical		True	True		True
Q8BLX4	Slc35c1		Helical			True
Q8BLX7	Col16a1				True
Q8BM55	Tmem214		Helical			True
Q8BM72	Hspa13				True
Q8BM92	Cdh7	Extracellular; Cytoplasmic	Helical		True	True		True
Q8BM96	Adgrg7	Extracellular; Cytoplasmic	Helical		True	True		True
Q8BMC0	Lpar6	Extracellular; Cytoplasmic	Helical			True		True
Q8BMD6	Tmem260		Helical			True
Q8BMF3	Me3								True	literature, targetP signal, yeast mito homolog+, Rickettsial homolog, mito protein domain, coexpression, MS/MS++	Matrix
Q8BMG8	Slc25a32		Helical			True			True	literature, targetP signal, yeast mito homolog+, mito protein domain+	MIM
Q8BMW7	Nipal1	Extracellular; Cytoplasmic	Helical			True		True
Q8BNX1	Clec4g	Cytoplasmic; Extracellular	Helical; Signal-anchor for type II membrane protein			True		True
Q8BP40	Acp6								True	literature, APEX_IMS, targetP signal, mito protein domain, MS/MS++	IMS
Q8BP97	Rhbdd3		Helical			True
Q8BPG6	Sumf2				True
Q8BQ47	Cnpy4				True
Q8BQB4	Fjx1				True
Q8BQC3	Igdcc3		Helical		True	True
Q8BQJ6	Trmt2b								True	GFP, targetP signal, mito protein domain+, induction, coexpression	Matrix
Q8BQQ1	Zdhhc14	Cytoplasmic; Lumenal	Helical			True		True
Q8BR70	Yipf6	Cytoplasmic; Lumenal	Helical			True		True
Q8BRX9	Marchf3		Helical			True
Q8BS35	Agmo		Helical			True
Q8BSE0	Rmdn2		Helical			True
Q8BT18	Armh4	Extracellular; Cytoplasmic	Helical		True	True		True
Q8BTC1	Uqcc6	Mitochondrial matrix; Mitochondrial intermembrane	Helical; Signal-anchor for type II membrane protein			True		True
Q8BTE0	Sdhaf4								True	targetP signal+, yeast mito homolog++, Rickettsial homolog, mito protein domain+, induction, coexpression++, MS/MS	Matrix
Q8BTE6	Wfdc21				True
Q8BTV1	Tusc3	Lumenal; Cytoplasmic	Helical		True	True		True
Q8BU33	Hacl2		Helical			True
Q8BU85	Msrb3				True				True	yeast mito homolog+, mito protein domain	unknown
Q8BUB6	Ust	Cytoplasmic; Lumenal	Helical; Signal-anchor for type II membrane protein			True		True
Q8BUE7	Muc20				True
Q8BUH7	Rnf26		Helical			True
Q8BUV8	Gpr107	Extracellular; Cytoplasmic	Helical		True	True		True
Q8BVC1	Defb22				True
Q8BVI4	Qdpr								True	APEX_matrix, targetP signal, mito protein domain, induction	Matrix
Q8BVI5	Stx16	Cytoplasmic; Vesicular	Helical; Anchor for type IV membrane protein			True		True
Q8BVR6	Rspry1				True
Q8BVU5	Nudt9								True	APEX_matrix, targetP signal, mito protein domain, coexpression, MS/MS	Matrix
Q8BW93	C5ar2	Extracellular; Cytoplasmic	Helical			True		True
Q8BWJ4	Ldlrad4	Lumenal; Cytoplasmic	Helical			True		True
Q8BWQ6	Vps35l		Helical			True
Q8BX35	Eda2r	Extracellular; Cytoplasmic	Helical; Signal-anchor for type III membrane protein			True		True
Q8BX51	Sgcz	Cytoplasmic; Extracellular	Helical; Signal-anchor for type II membrane protein			True		True
Q8BXA1	Golim4	Cytoplasmic; Lumenal	Helical; Signal-anchor for type II membrane protein			True		True
Q8BXA5	Clptm1l	Cytoplasmic; Extracellular	Helical			True		True
Q8BXZ1	Tmx3	Lumenal; Cytoplasmic	Helical		True	True		True
Q8BYG9	Epha10	Extracellular; Cytoplasmic	Helical		True	True		True
Q8BYL4	Yars2								True	literature, APEX_matrix, targetP signal+, yeast mito homolog++, Rickettsial homolog, mito protein domain, coexpression, MS/MS+	Matrix
Q8BYU6	Tor1aip2	Cytoplasmic; Lumenal	Helical			True		True
Q8BYW9	Eogt				True
Q8BZ09	Slc25a21		Helical			True			True	literature, yeast mito homolog+, mito protein domain+, MS/MS++	MIM
Q8BZ81	Lrrtm3	Extracellular; Cytoplasmic	Helical		True	True		True
Q8BZF2	Nipal4	Extracellular; Cytoplasmic	Helical			True		True
Q8BZP8	Npsr1	Extracellular; Cytoplasmic	Helical			True		True
Q8BZR0	Gpr82	Extracellular; Cytoplasmic	Helical			True		True
Q8C010	Gpr61	Extracellular; Cytoplasmic	Helical			True		True
Q8C0L0	Tmx4		Helical		True	True
Q8C163	Exog								True	APEX_IMS, targetP signal, yeast mito homolog, mito protein domain, MS/MS++	MIM
Q8C1C1	Psapl1				True
Q8C1F4	Csgalnact2	Cytoplasmic; Lumenal	Helical; Signal-anchor for type II membrane protein			True		True
Q8C1T8	Clec2h	Cytoplasmic; Extracellular	Helical; Signal-anchor for type II membrane protein			True		True
Q8C206	Gpr157	Extracellular; Cytoplasmic	Helical			True		True
Q8C261	Slc24a5	Extracellular; Cytoplasmic	Helical		True	True		True
Q8C2S7	Amigo3	Extracellular; Cytoplasmic	Helical		True	True		True
Q8C351	Layn	Extracellular; Cytoplasmic	Helical		True	True		True
Q8C3X4	Guf1								True	APEX_matrix, targetP signal, yeast mito homolog++, Rickettsial homolog, mito protein domain+, coexpression, MS/MS+	Matrix
Q8C428	Tmc7	Extracellular; Cytoplasmic	Helical			True		True
Q8C460	Eri3								True	targetP signal+, mito protein domain, MS/MS	Matrix
Q8C4N4	Slc66a1	Lumenal; Cytoplasmic	Helical			True		True
Q8C4W3	Nrn1l				True
Q8C503	Sit1	Extracellular; Cytoplasmic	Helical; Signal-anchor for type III membrane protein			True		True
Q8C567	Ncr1	Extracellular; Cytoplasmic	Helical		True	True		True
Q8C5Q4	Grsf1								True	APEX_matrix, targetP signal, mito protein domain, induction, coexpression, MS/MS	Matrix
Q8C6I2	Sdhaf2								True	GFP, targetP signal, yeast mito homolog++, Rickettsial homolog, mito protein domain+, induction, coexpression, MS/MS	Matrix
Q8C6K9	Col6a6				True
Q8C6N3	Syt15	Extracellular; Cytoplasmic	Helical; Signal-anchor for type III membrane protein			True		True
Q8C7K6	Pcyox1l				True
Q8C7X2	Emc1	Lumenal; Cytoplasmic	Helical		True	True		True
Q8C8C1	Rtp1	Cytoplasmic; Extracellular	Helical			True		True
Q8CAE9	Podxl2	Extracellular; Cytoplasmic	Helical		True	True		True
Q8CB44	Gramd4		Helical			True
Q8CB67	Lrp11	Extracellular; Cytoplasmic	Helical		True	True		True
Q8CB93	Gapt		Helical			True
Q8CBC4	Cnst	Cytoplasmic; Extracellular	Helical			True		True
Q8CBH5	Mfsd6		Helical			True
Q8CBH7	Marchf11		Helical			True
Q8CC21	Ttc19								True	literature, APEX_IMS, targetP signal+, mito protein domain, induction, MS/MS+	MIM
Q8CCS2	Nalf1		Helical			True
Q8CEE7	Rdh13								True	yeast mito homolog+, Rickettsial homolog, mito protein domain, induction, MS/MS	MIM
Q8CEI1	Bola3								True	targetP signal, mito protein domain, MS/MS	Matrix
Q8CEK3	Spinkl				True
Q8CF94	Rhd		Helical			True
Q8CGK6	Ifnl3				True
Q8CGR5	Klk14				True
Q8CH36	Slc36a4		Helical			True
Q8CH40	Nudt6								True	APEX_matrix, targetP signal, mito protein domain, coexpression	Matrix
Q8CHQ9	Nat8f2		Helical			True
Q8CHZ9	Mterf1a								True	literature, APEX_matrix, targetP signal, mito protein domain+	Matrix
Q8CI66	Stoml1	Cytoplasmic	Helical; Signal-anchor for type III membrane protein			True		True
Q8CIA9	Slc71a2	Extracellular; Cytoplasmic	Helical			True		True
Q8CIB6	Tmem230		Helical			True
Q8CIM3	D2hgdh								True	literature, APEX_matrix, targetP signal+, yeast mito homolog++, mito protein domain	Matrix
Q8CIM5	Gpr84	Extracellular; Cytoplasmic	Helical			True		True
Q8CIQ6	Mtnr1b	Extracellular; Cytoplasmic	Helical			True		True
Q8CIV3	Liph				True
Q8CJ70	Il19				True
Q8JZN3	Kcnj14	Cytoplasmic; Extracellular	Helical	Helical; Pore-forming		True	True	True
Q8JZU0	Nudt13								True	GFP, targetP signal, mito protein domain, induction, coexpression, MS/MS	Matrix
Q8JZY4	Prorp								True	APEX_matrix	Matrix
Q8K0D2	Habp2				True
Q8K0D5	Gfm1								True	literature, APEX_matrix, targetP signal, yeast mito homolog++, Rickettsial homolog, mito protein domain, induction, coexpression++, MS/MS++	Matrix
Q8K0D7	Get1	Lumenal; Cytoplasmic	Helical			True		True
Q8K0E3	Slc5a11	Extracellular; Cytoplasmic	Helical			True		True
Q8K0H7	Slc45a3		Helical			True
Q8K0J2	B3gnt7	Cytoplasmic; Lumenal	Helical			True		True
Q8K0U3	Tmem17		Helical			True
Q8K0Z7	Taco1								True	literature, APEX_matrix, targetP signal+, yeast mito homolog, Rickettsial homolog, mito protein domain+, MS/MS++	Matrix
Q8K190	Saysd1	Cytoplasmic		Helical			True	True
Q8K1T5	Ly6g5c				True
Q8K215	Lyrm4								True	literature, APEX_matrix, targetP signal, yeast mito homolog, mito protein domain+, induction, coexpression, MS/MS++	Matrix
Q8K249	Cd300e	Extracellular; Cytoplasmic	Helical		True	True		True
Q8K297	Colgalt1				True
Q8K304	Tmem129	Lumenal; Cytoplasmic	Helical			True		True
Q8K354	Cbr3								True	targetP signal, yeast mito homolog, Rickettsial homolog, mito protein domain, MS/MS	Matrix
Q8K358	Pigu	Cytoplasmic; Lumenal	Helical			True		True
Q8K385	Frrs1		Helical			True
Q8K3J9	Gprc5c	Extracellular; Cytoplasmic	Helical		True	True		True
Q8K3V7	Minar1	Cytoplasmic; Extracellular	Helical			True		True
Q8K3Z9	Pom121		Helical			True
Q8K426	Retnlg				True
Q8K441	Abca6		Helical			True
Q8K449	Abca9		Helical			True			True	GFP, targetP signal, Rickettsial homolog, mito protein domain	Membrane
Q8K458	Prokr2	Extracellular; Cytoplasmic	Helical			True		True
Q8K467	Tmie	Extracellular; Cytoplasmic	Helical		True	True		True
Q8K4N2	Spag11a				True
Q8K4Z0	Lgi2				True
Q8K561	Otoa				True
Q8QZR3	Ces2a				True
Q8QZV2	Shisa2	Extracellular; Cytoplasmic	Helical		True	True		True
Q8QZW7	Gabrp	Extracellular; Cytoplasmic	Helical		True	True		True
Q8QZY4	Rtbdn				True
Q8R086	Suox								True	APEX_IMS, targetP signal, mito protein domain+, coexpression, MS/MS++	IMS
Q8R092	Ltap1	Lumenal; Cytoplasmic	Helical			True		True
Q8R0N6	Adhfe1								True	targetP signal, yeast mito homolog++, mito protein domain, coexpression, MS/MS++	Matrix
Q8R0S6	Wfikkn1				True
Q8R0Y8	Slc25a42		Helical			True			True	literature, yeast mito homolog+, mito protein domain+, induction, coexpression, MS/MS++	MIM
Q8R0Z5	Slc25a28		Helical			True			True	literature, yeast mito homolog+, mito protein domain+	MIM
Q8R0Z6	Angptl6				True
Q8R143	Pttg1ip	Extracellular; Cytoplasmic	Helical		True	True		True
Q8R164	Bphl				True				True	targetP signal, Rickettsial homolog, mito protein domain, coexpression, MS/MS++	Matrix
Q8R1C3	Vopp1	Extracellular; Cytoplasmic	Helical		True	True		True
Q8R1J9	Tor2a				True
Q8R1K1	Ubac2	Extracellular; Cytoplasmic	Helical		True	True		True
Q8R1V4	Tmed4	Lumenal; Cytoplasmic	Helical		True	True		True
Q8R1W2	Gsg1		Helical			True
Q8R1W8	Impg1				True
Q8R1Z9	Rnf121		Helical			True
Q8R235	Tmem203		Helical			True
Q8R238	Sdsl								True	yeast mito homolog+, Rickettsial homolog, mito protein domain, coexpression	unknown
Q8R2G4	Art3				True
Q8R2Q6	Tctn3	Extracellular; Cytoplasmic	Helical		True	True		True
Q8R2R6	Mtg1								True	literature, APEX_matrix, targetP signal, yeast mito homolog++, mito protein domain, coexpression+, MS/MS	Matrix
Q8R3F5	Mcat								True	literature, APEX_matrix, targetP signal, yeast mito homolog++, Rickettsial homolog, mito protein domain, coexpression, MS/MS++	Matrix
Q8R3G9	Tspan8	Cytoplasmic; Extracellular	Helical			True		True
Q8R3I9	B3gnt8	Cytoplasmic; Lumenal	Helical; Signal-anchor for type II membrane protein			True		True
Q8R3J4	Mterf3								True	literature, APEX_matrix, GFP, targetP signal, mito protein domain+, coexpression	Matrix
Q8R412	Ifi27l2a		Helical		True	True
Q8R4V4	Cpz				True
Q8R4Y4	Stab1	Extracellular; Cytoplasmic	Helical		True	True		True
Q8R555	Crtac1				True
Q8VBS7	Vmn1r42	Extracellular; Cytoplasmic	Helical			True		True
Q8VBX4	Cd207	Cytoplasmic; Extracellular	Helical; Signal-anchor for type II membrane protein			True		True
Q8VC48	Pex12	Peroxisomal matrix; Cytoplasmic	Helical			True		True
Q8VCC9	Spon1				True
Q8VCD6	Reep2		Helical			True
Q8VCE6	Nt5m								True	literature, targetP signal, mito protein domain, induction, MS/MS	Matrix
Q8VCF5	Tspan10	Cytoplasmic; Extracellular	Helical			True		True
Q8VCG4	C8g				True
Q8VCH8	Ubxn4	Cytoplasmic					True	True
Q8VCM4	Lipt1								True	GFP, targetP signal, yeast mito homolog++, mito protein domain, coexpression	Matrix
Q8VCM8	Ncln	Lumenal; Cytoplasmic	Helical		True	True		True
Q8VCP9	Clec14a	Extracellular; Cytoplasmic	Helical		True	True		True
Q8VCZ2	Tmem45b		Helical			True
Q8VCZ9	Prodh2								True	targetP signal, yeast mito homolog+, mito protein domain+, MS/MS+	MIM
Q8VD31	Tapbpl	Lumenal; Cytoplasmic	Helical		True	True		True
Q8VD58	Evi2b	Extracellular; Cytoplasmic	Helical		True	True		True
Q8VD98	Klrb1f	Cytoplasmic; Extracellular	Helical; Signal-anchor for type II membrane protein			True		True
Q8VDI9	Alg9	Lumenal; Cytoplasmic	Helical			True		True
Q8VDP6	Cdipt	Cytoplasmic; Lumenal	Helical			True		True
Q8VDS8	Stx18	Cytoplasmic; Lumenal	Helical; Anchor for type IV membrane protein			True		True
Q8VDV0	Itgbl1				True
Q8VDX6	Rxylt1	Cytoplasmic; Extracellular	Helical; Signal-anchor for type II membrane protein			True		True
Q8VE96	Slc35f6		Helical		True	True
Q8VED8	Mtfr2								True	manual, mito protein domain+	Membrane
Q8VEH3	Arl8a			Note=Mediates targeting to membranes			True
Q8VEM8	Slc25a3	Mitochondrial intermembrane; Mitochondrial matrix	Helical			True		True	True	literature, targetP signal, yeast mito homolog++, mito protein domain+, induction, coexpression++, MS/MS++	MIM
Q8VEY3	Or10d3	Extracellular; Cytoplasmic	Helical			True		True
Q8VEZ0	Or5p57	Extracellular; Cytoplasmic	Helical			True		True
Q8VFK2	Or5g25	Extracellular; Cytoplasmic	Helical			True		True
Q8VFL5	Or5m5	Extracellular; Cytoplasmic	Helical			True		True
Q8VFV4	Or5an6	Extracellular; Cytoplasmic	Helical			True		True
Q8VFX2	Or5b21	Extracellular; Cytoplasmic	Helical			True		True
Q8VGD6	Or2v1		Helical			True
Q8VGK5	Or1j21		Helical			True
Q8VGQ7	Or5k17	Extracellular; Cytoplasmic	Helical			True		True
Q8VHG0	Fmo4		Helical			True
Q8VI78	Pla1a				True
Q8VI88	Odf4		Helical			True
Q8VIB3	St3gal6	Cytoplasmic; Lumenal	Helical; Signal-anchor for type II membrane protein			True		True
Q8VIC6	Vmn1r51	Extracellular; Cytoplasmic	Helical			True		True
Q8VIC7	Vmn1r45	Extracellular; Cytoplasmic	Helical			True		True
Q8VIC9	Vmn1r43	Extracellular; Cytoplasmic	Helical			True		True
Q8VIH9	Uts2r	Extracellular; Cytoplasmic	Helical			True		True
Q91V04	Tram1	Cytoplasmic; Lumenal	Helical			True		True
Q91V37	Atp6v0b	Lumenal; Cytoplasmic	Helical			True		True
Q91V82	Defb8				True
Q91V95	Pth2r	Extracellular; Cytoplasmic	Helical		True	True		True
Q91VA6	Poldip2								True	literature, APEX_matrix, targetP signal+, induction, coexpression++, MS/MS++	Matrix
Q91VD6	Defb6				True
Q91VF5	Emid1				True
Q91VM9	Ppa2								True	literature, APEX_matrix, targetP signal, Rickettsial homolog, mito protein domain, coexpression, MS/MS++	Matrix
Q91VN4	Chchd6								True	literature, APEX_IMS, APEX_matrix, yeast mito homolog, coexpression, MS/MS++	MIM
Q91W20	Lrrc26	Extracellular; Cytoplasmic	Helical		True	True		True
Q91W27	Pth2				True
Q91W64	Cyp2c70				True
Q91WD8	Slc24a1	Extracellular; Cytoplasmic	Helical		True	True		True
Q91WE9	Tafa5				True
Q91WG3	Trub2								True	APEX_matrix, yeast mito homolog, Rickettsial homolog, mito protein domain	Matrix
Q91WP6	Serpina3n				True
Q91X05	Nphs2	Cytoplasmic; Extracellular	Helical			True		True
Q91XA2	Golm1	Cytoplasmic; Lumenal	Helical; Signal-anchor for type II membrane protein			True		True
Q91XC9	Pex16	Cytoplasmic; Peroxisomal	Helical			True		True
Q91XD7	Creld1	Extracellular; Cytoplasmic	Helical		True	True		True
Q91XE0	Glyat								True	literature, mito protein domain, coexpression, MS/MS+	Matrix
Q91XF0	Pnpo								True	APEX_matrix, targetP signal, yeast mito homolog++, coexpression, MS/MS	Matrix
Q91XQ5	Chst15	Cytoplasmic; Lumenal	Helical; Signal-anchor for type II membrane protein			True		True
Q91XQ6	Laptm4b		Helical			True
Q91Y20	Pcdha10	Extracellular; Cytoplasmic	Helical		True	True		True
Q91YJ5	Mtif2								True	literature, APEX_matrix, targetP signal, yeast mito homolog++, Rickettsial homolog, mito protein domain, induction, coexpression++, MS/MS	Matrix
Q91YK8	Lypd3				True
Q91YM4	Tbrg4								True	literature, APEX_matrix, targetP signal+, coexpression, MS/MS++	Matrix
Q91Z53	Grhpr								True	APEX_matrix, yeast mito homolog, mito protein domain, coexpression, MS/MS++	Matrix
Q91ZM8	Cabp7	Cytoplasmic; Extracellular	Helical; Anchor for type IV membrane protein			True		True
Q91ZN5	Slc35b2		Helical			True
Q91ZW7	Cd209e	Cytoplasmic; Extracellular	Helical; Signal-anchor for type II membrane protein			True		True
Q920A1	Cysltr2	Extracellular; Cytoplasmic	Helical			True		True
Q920A5	Scpep1				True
Q920H4	Chrm5	Extracellular; Cytoplasmic	Helical			True		True
Q920S2	Prss41				True
Q921C1	Gjc3	Extracellular; Cytoplasmic	Helical			True		True
Q921G6	Lrch4		Helical			True
Q921N7	Tmem70	Mitochondrial matrix; Mitochondrial intermembrane	Helical			True		True	True	literature, APEX_matrix, targetP signal+, mito protein domain+, coexpression++, MS/MS	MIM
Q921Q3	Alg1	Lumenal; Cytoplasmic	Helical	Helical		True	True	True
Q921R7	Slc35a5	Cytoplasmic; Lumenal	Helical			True		True
Q922E6	Fastkd2								True	literature, APEX_matrix, targetP signal+, induction, coexpression, MS/MS	Matrix
Q922H2	Pdk3								True	literature, APEX_matrix, targetP signal, yeast mito homolog+, mito protein domain+, MS/MS++	Matrix
Q922J6	Tspan2	Cytoplasmic; Extracellular	Helical			True		True
Q922Q1	Mtarc2								True	literature, targetP signal, mito protein domain+, induction, coexpression, MS/MS++	MOM
Q922Q5	Slc35b3		Helical			True
Q922Q6	Abhd14a		Helical; Signal-anchor for type II membrane protein			True
Q922Q9	Chid1				True
Q922W5	Pycr1								True	literature, mito protein domain, MS/MS	Matrix
Q923K4	Gtpbp3								True	literature, APEX_matrix, targetP signal, yeast mito homolog+, Rickettsial homolog, mito protein domain	Matrix
Q923W9	Adam33	Extracellular; Cytoplasmic	Helical		True	True		True
Q923Z3	Mto1								True	literature, APEX_matrix, targetP signal+, yeast mito homolog++, Rickettsial homolog, mito protein domain, coexpression++	Matrix
Q924X2	Cpt1b	Cytoplasmic; Mitochondrial intermembrane	Helical			True		True	True	literature, yeast mito homolog+, mito protein domain, MS/MS++	MOM
Q925E8	Sptssb	Cytoplasmic; Lumenal	Helical			True		True
Q925N0	Sfxn5		Helical			True			True	literature, yeast mito homolog, mito protein domain+, MS/MS++	MIM
Q925U0	Oosp1				True
Q99J27	Slc33a1	Cytoplasmic; Extracellular	Helical			True		True
Q99KE1	Me2								True	literature, APEX_matrix, targetP signal, yeast mito homolog+, Rickettsial homolog, mito protein domain, MS/MS++	Matrix
Q99KR8	Fuca2				True
Q99KU6		Cytoplasmic; Extracellular	Helical			True		True
Q99L04	Dhrs1								True	targetP signal, Rickettsial homolog, mito protein domain, MS/MS++	MIM
Q99LC5	Etfa								True	literature, APEX_matrix, targetP signal, yeast mito homolog++, mito protein domain, induction, coexpression++, MS/MS++	Matrix
Q99LJ1	Fuca1				True
Q99LJ5	Cmtm3		Helical			True
Q99LL3	Chst12	Cytoplasmic; Lumenal	Helical; Signal-anchor for type II membrane protein			True		True
Q99M01	Fars2								True	literature, APEX_matrix, targetP signal, yeast mito homolog+, Rickettsial homolog, mito protein domain, induction, coexpression, MS/MS	Matrix
Q99M71	Epdr1				True
Q99MB2	Mtfr1								True	literature, targetP signal, mito protein domain+, coexpression	Membrane
Q99MB3	Tm2d1	Extracellular; Cytoplasmic	Helical		True	True		True
Q99ME6	Atp1b4	Nuclear; Perinuclear space	Helical; Signal-anchor for type II membrane protein			True		True
Q99MN9	Pccb								True	literature, targetP signal, yeast mito homolog, Rickettsial homolog, mito protein domain, coexpression+, MS/MS++	Matrix
Q99MQ5	Col25a1	Cytoplasmic; Extracellular	Helical; Signal-anchor for type II membrane protein			True		True
Q99MR3	Slc12a9	Cytoplasmic; Extracellular	Helical			True		True
Q99MR9	Ppp1r3a		Helical			True
Q99N10	Ms4a8	Cytoplasmic; Extracellular	Helical			True		True
Q99N23	Ca15				True
Q99P27	Pla2g12b				True
Q99P86	Retnlb				True
Q99PJ0	Ntm				True
Q9CPP7	Lipf				True
Q9CPQ3	Tomm22	Cytoplasmic; Mitochondrial intermembrane	Helical			True		True	True	literature, yeast mito homolog++, mito protein domain+, coexpression, MS/MS++	MOM
Q9CPS6	Hint3								True	Rickettsial homolog, mito protein domain, induction, coexpression+	unknown
Q9CPU2	Ndufb2								True	literature, targetP signal, induction, coexpression++, MS/MS++	MIM
Q9CPW2	Fdx2								True	APEX_matrix, targetP signal+, yeast mito homolog+, Rickettsial homolog, mito protein domain, coexpression, MS/MS	Matrix
Q9CPW9	Metap1d								True	literature, APEX_matrix, targetP signal, Rickettsial homolog, mito protein domain, coexpression	Matrix
Q9CPY0	Mrm2								True	literature, targetP signal, yeast mito homolog++, Rickettsial homolog, mito protein domain, coexpression	Matrix
Q9CQ52	Cela3b				True
Q9CQ54	Ndufc2		Helical			True			True	literature, APEX_IMS, mito protein domain+, coexpression++, MS/MS++	MIM
Q9CQ56	Use1	Cytoplasmic; Lumenal	Helical; Anchor for type IV membrane protein			True		True
Q9CQ62	Decr1								True	literature, APEX_matrix, targetP signal, Rickettsial homolog, mito protein domain, coexpression+, MS/MS++	Matrix
Q9CQ91	Ndufa3		Helical			True			True	literature, induction, coexpression++, MS/MS++	MIM
Q9CQC2	Clps				True
Q9CQC3	Cfap95	Extracellular; Cytoplasmic	Helical			True		True
Q9CQC7	Ndufb4		Helical			True			True	literature, mito protein domain+, MS/MS++	MIM
Q9CQH3	Ndufb5		Helical			True			True	literature, APEX_IMS, APEX_matrix, targetP signal+, mito protein domain+, induction, coexpression++, MS/MS+	MIM
Q9CQJ8	Ndufb9								True	literature, APEX_IMS, APEX_matrix, targetP signal, mito protein domain+, induction, coexpression++, MS/MS++	MIM
Q9CQN1	Trap1								True	APEX_matrix, GFP, targetP signal, Rickettsial homolog, mito protein domain, coexpression++, MS/MS+	Matrix
Q9CQT9	Rab5if	Cytoplasmic; Lumenal	Helical			True		True	True	GFP, induction, coexpression	MIM
Q9CQU3	Rer1		Helical			True
Q9CQV1	Pam16								True	literature, APEX_matrix, targetP signal, yeast mito homolog, MS/MS++	MIM
Q9CQW3	Proz				True
Q9CQX2	Cyb5b		Helical			True			True	literature, mito protein domain, coexpression, MS/MS++	MOM
Q9CQX3	Bpifa5				True
Q9CQX5	Cldnd1		Helical			True
Q9CQX8	Kgd4								True	literature, APEX_matrix, mito protein domain+, MS/MS++	Matrix
Q9CQY9	Ndufc1		Helical			True			True	literature, targetP signal+, mito protein domain+, coexpression++	MIM
Q9CQZ0	Ormdl2	Cytoplasmic; Extracellular	Helical			True		True
Q9CQZ5	Ndufa6								True	literature, APEX_matrix, targetP signal, mito protein domain+, induction, coexpression++, MS/MS++	MIM
Q9CQZ6	Ndufb3		Helical			True			True	literature, APEX_IMS, APEX_matrix, mito protein domain+, coexpression+, MS/MS++	MIM
Q9CR13	Fmc1								True	literature, APEX_matrix, targetP signal, induction, coexpression++, MS/MS	Matrix
Q9CR35	Ctrb1				True
Q9CR36	Gkn1				True
Q9CR89	Ergic2	Cytoplasmic; Lumenal	Helical			True		True
Q9CRA0	Art4	Extracellular; Cytoplasmic	Helical		True	True		True
Q9CRA7	Dmac2l								True	literature, APEX_matrix, MS/MS++	MIM
Q9CWG8	Ndufaf7								True	APEX_matrix, GFP, targetP signal, Rickettsial homolog, mito protein domain+, coexpression, MS/MS	MIM
Q9CWR7	Steap1		Helical			True
Q9CWT6	Ddx28								True	literature, APEX_matrix, targetP signal, Rickettsial homolog, mito protein domain	Matrix
Q9CWU6	Uqcc1								True	literature, APEX_matrix, targetP signal, yeast mito homolog, mito protein domain+, coexpression++, MS/MS++	MIM
Q9CX63					True
Q9CX83	Armcx1	Mitochondrial intermembrane; Cytoplasmic	Helical; Signal-anchor			True		True	True	literature	MOM
Q9CXD9	Lrrc17				True
Q9CXE7	Tmed5	Lumenal; Cytoplasmic	Helical		True	True		True
Q9CXI0	Coq5								True	APEX_matrix, targetP signal, yeast mito homolog+, Rickettsial homolog, mito protein domain+, induction, coexpression++, MS/MS++	MIM
Q9CXJ1	Ears2								True	literature, APEX_matrix, GFP, yeast mito homolog++, Rickettsial homolog, mito protein domain, coexpression	Matrix
Q9CXK4	Slc50a1		Helical			True
Q9CXT8	Pmpcb								True	literature, APEX_matrix, targetP signal+, yeast mito homolog+, Rickettsial homolog, mito protein domain+, induction, coexpression++, MS/MS++	Matrix
Q9CXY9	Pigk	Lumenal; Cytoplasmic	Helical		True	True		True
Q9CY50	Ssr1	Lumenal; Cytoplasmic	Helical		True	True		True
Q9CY52	Thg1l								True	literature, targetP signal, coexpression	Matrix
Q9CYD3	Crtap				True
Q9CYF5	Rcc1l								True	literature, APEX_matrix, targetP signal, coexpression	Matrix
Q9CYG7	Tomm34								True	literature, mito protein domain	MOM
Q9CYR0	Ssbp1								True	literature, APEX_matrix, targetP signal, yeast mito homolog++, Rickettsial homolog, mito protein domain, MS/MS	Matrix
Q9CZB0	Sdhc	Mitochondrial matrix; Mitochondrial intermembrane	Helical			True		True	True	literature, targetP signal, yeast mito homolog++, Rickettsial homolog, mito protein domain, induction, coexpression++, MS/MS+	MIM
Q9CZL5	Pcbd2								True	targetP signal+, yeast mito homolog, induction, MS/MS	unknown
Q9CZM9	Kcnmb2	Cytoplasmic; Extracellular	Helical			True		True
Q9CZQ6	Raet1e				True
Q9CZS1	Aldh1b1								True	literature, APEX_matrix, targetP signal, yeast mito homolog+, mito protein domain, MS/MS++	Matrix
Q9D009	Lipt2								True	yeast mito homolog, Rickettsial homolog, mito protein domain, coexpression, MS/MS	Matrix
Q9D023	Mpc2	Mitochondrial matrix; Mitochondrial intermembrane	Helical			True		True	True	literature, yeast mito homolog++, mito protein domain+, induction, coexpression++, MS/MS++	MIM
Q9D051	Pdhb								True	literature, targetP signal+, yeast mito homolog+, Rickettsial homolog, mito protein domain+, induction, coexpression++, MS/MS++	Matrix
Q9D0C4	Trmt5								True	literature,targetP signal, yeast mito homolog, mito protein domain, coexpression	Matrix
Q9D0L6	Bambi	Extracellular; Cytoplasmic	Helical		True	True		True
Q9D0S9	Hint2								True	APEX_matrix, targetP signal+, Rickettsial homolog, mito protein domain, coexpression, MS/MS++	Matrix
Q9D0V7	Ebag9	Extracellular; Cytoplasmic	Helical; Signal-anchor for type III membrane protein			True		True
Q9D106	Pga5				True
Q9D110	Mthfs								True	targetP signal, yeast mito homolog, Rickettsial homolog, mito protein domain, MS/MS	Matrix
Q9D132	Upk1a	Cytoplasmic; Extracellular	Helical			True		True
Q9D164	Fxyd6	Extracellular; Cytoplasmic	Helical		True	True		True
Q9D1G0	Dnase1l2				True
Q9D1G3	Hhatl		Helical			True
Q9D1H6	Ndufaf4								True	APEX_matrix, GFP, mito protein domain+, induction, coexpression++, MS/MS++	MIM
Q9D1H9	Mfap4				True
Q9D1M7	Fkbp11		Helical		True	True
Q9D269	Cst11				True
Q9D273	Mmab								True	APEX_matrix, GFP, targetP signal+, coexpression, MS/MS++	Matrix
Q9D2F7	Nup210l		Helical		True	True
Q9D2J4	Vsig1	Extracellular; Cytoplasmic	Helical		True	True		True
Q9D3D9	Atp5f1d								True	literature, APEX_matrix, targetP signal, yeast mito homolog++, Rickettsial homolog, mito protein domain+, induction, coexpression++, MS/MS+	MIM
Q9D3H2	Obp1a				True
Q9D3P9	Nts				True
Q9D3X9	Mfap3l	Extracellular; Cytoplasmic	Helical		True	True		True
Q9D404	Oxsm								True	literature, APEX_matrix, yeast mito homolog, Rickettsial homolog, mito protein domain, MS/MS++	Matrix
Q9D4J1	Efhd1								True	literature, mito protein domain, induction	MIM
Q9D563	Tmem114		Helical			True
Q9D5H4	Ftmt								True	literature, targetP signal, mito protein domain, MS/MS	Matrix
Q9D6H5	Zdhhc4	Lumenal; Cytoplasmic	Helical			True		True
Q9D6J5	Ndufb8		Helical			True			True	literature, APEX_IMS, APEX_matrix, targetP signal+, mito protein domain+, induction, coexpression++, MS/MS++	MIM
Q9D6U8	Fam162a		Helical			True			True	APEX_IMS, APEX_matrix, targetP signal, induction, coexpression, MS/MS++	MIM
Q9D6X5	Slc52a3	Cytoplasmic; Extracellular	Helical			True		True
Q9D710	Tmx2	Extracellular; Cytoplasmic	Helical		True	True		True
Q9D771	Pacc1	Cytoplasmic; Extracellular	Helical			True		True
Q9D780	Slamf9	Extracellular; Cytoplasmic	Helical		True	True		True
Q9D7B6	Acad8								True	literature, APEX_matrix, targetP signal+, mito protein domain+, coexpression, MS/MS++	Matrix
Q9D7N9	Apmap	Cytoplasmic; Extracellular	Helical; Signal-anchor for type II membrane protein			True		True
Q9D7P7	Clic3		Helical			True
Q9D7R7	Pgc				True
Q9D7W4	Tspan17	Cytoplasmic; Extracellular	Helical			True		True
Q9D880	Timm50	Mitochondrial matrix; Mitochondrial intermembrane	Helical			True		True	True	literature, APEX_IMS, targetP signal+, yeast mito homolog++, mito protein domain, coexpression++, MS/MS++	MIM
Q9D8F3	Slc52a2		Helical			True
Q9D8K3	Derl3	Cytoplasmic; Lumenal	Helical			True		True
Q9D8T0	Fam3a				True
Q9D8V7	Sec11c	Cytoplasmic; Lumenal	Helical; Signal-anchor for type II membrane protein			True		True
Q9D956	Marveld3	Cytoplasmic; Extracellular	Helical			True		True
Q9D9E0	Slc22a17		Helical			True
Q9D9P8	Llcfc1				True
Q9D9S2	Tmem225	Cytoplasmic; Extracellular	Helical			True		True
Q9D9V3	Echdc1								True	yeast mito homolog+, Rickettsial homolog, mito protein domain, coexpression, MS/MS+	unknown
Q9DA01	Eppin				True
Q9DA39	Tmbim4	Cytoplasmic; Lumenal	Helical	Helical		True	True	True
Q9DAM5	Slc25a19		Helical			True			True	literature, yeast mito homolog++, mito protein domain+, induction, coexpression, MS/MS	MIM
Q9DAN1	Pdilt				True
Q9DAR1	Cmtm2a		Helical			True
Q9DAS1	Cklf		Helical			True
Q9DAS4	Prl8a8				True
Q9DAT5	Trmu								True	literature, APEX_matrix, targetP signal, yeast mito homolog++, Rickettsial homolog, mito protein domain, coexpression	Matrix
Q9DAY2	Prl8a6				True
Q9DB15	Mrpl12								True	literature, targetP signal+, yeast mito homolog++, Rickettsial homolog, mito protein domain, induction, coexpression++, MS/MS++	Matrix
Q9DB20	Atp5po								True	literature, APEX_matrix, targetP signal, yeast mito homolog++, Rickettsial homolog, mito protein domain+, induction, MS/MS++	MIM
Q9DB41	Slc25a18		Helical			True			True	literature, yeast mito homolog+, mito protein domain+, MS/MS++	MIM
Q9DB70	Fundc1	Cytoplasmic; Mitochondrial intermembrane	Helical			True		True	True	yeast mito homolog, mito protein domain+, MS/MS	MOM
Q9DB73	Cyb5r1		Helical			True
Q9DBC0	Selenoo								True	targetP signal+, yeast mito homolog, mito protein domain+, coexpression	Matrix
Q9DBE8	Alg2	Cytoplasmic		Helical			True	True
Q9DBG6	Rpn2	Lumenal; Cytoplasmic	Helical		True	True		True
Q9DBH5	Lman2	Lumenal; Cytoplasmic	Helical		True	True		True
Q9DBN1	Stra6l	Extracellular; Cytoplasmic	Helical			True		True
Q9DBT9	Dmgdh								True	literature, targetP signal+, yeast mito homolog, mito protein domain, MS/MS++	Matrix
Q9DBW0	Cyp4v2		Helical			True
Q9DBX3	Susd2	Extracellular; Cytoplasmic	Helical		True	True		True
Q9DBY4	Tril	Extracellular; Cytoplasmic	Helical		True	True		True
Q9DBZ1	Ikbip		Helical			True
Q9DC11	Plxdc2	Extracellular; Cytoplasmic	Helical		True	True		True
Q9DC69	Ndufa9								True	literature, APEX_matrix, targetP signal+, mito protein domain, induction, coexpression++, MS/MS++	MIM
Q9DCG2	Cd302	Extracellular; Cytoplasmic	Helical		True	True		True
Q9DCI3	Stard3nl	Cytoplasmic; Extracellular	Helical			True		True
Q9DCI9	Mrpl32								True	literature, APEX_matrix, yeast mito homolog++, Rickettsial homolog, mito protein domain, coexpression, MS/MS	Matrix
Q9DCJ7	Aurkaip1								True	GFP, targetP signal+, yeast mito homolog++, mito protein domain, coexpression+	Matrix
Q9DCL9	Paics								True	APEX_matrix, Rickettsial homolog, coexpression	Matrix
Q9DCS9	Ndufb10								True	literature, APEX_matrix, mito protein domain+, induction, coexpression++, MS/MS++	MIM
Q9DCU2	Pllp	Cytoplasmic; Extracellular	Helical			True		True
Q9DCU9	Hoga1								True	GFP, targetP signal, Rickettsial homolog, mito protein domain, coexpression, MS/MS	Matrix
Q9DCX2	Atp5pd								True	literature, APEX_matrix, yeast mito homolog++, mito protein domain+, MS/MS++	MIM
Q9DCX7	Tmem174		Helical			True
Q9EP51	Vmn1r50	Extracellular; Cytoplasmic	Helical			True		True
Q9EP79	Vmn1r52	Extracellular; Cytoplasmic	Helical			True		True
Q9EP89	Lactb								True	literature, APEX_IMS, targetP signal, Rickettsial homolog, mito protein domain, coexpression, MS/MS++	IMS
Q9EP93	Vmn1r53	Extracellular; Cytoplasmic	Helical			True		True
Q9EPB8	Vmn1r54	Extracellular; Cytoplasmic	Helical			True		True
Q9EPK6	Sil1				True
Q9EPR2	Pla2g12a				True
Q9EPS2	Pyy				True
Q9EQ16	Cxcr6	Extracellular; Cytoplasmic	Helical			True		True
Q9EQ44	Vmn1r41	Extracellular; Cytoplasmic	Helical			True		True
Q9EQ45	Vmn1r46	Extracellular; Cytoplasmic	Helical			True		True
Q9EQ46	Vmn1r40	Extracellular; Cytoplasmic	Helical			True		True
Q9EQ47	Vmn1r44	Extracellular; Cytoplasmic	Helical			True		True
Q9EQ48	V1ra8	Extracellular; Cytoplasmic	Helical			True		True
Q9EQ51	Vmn1r47	Extracellular; Cytoplasmic	Helical			True		True
Q9EQ52	Vmn1r48	Extracellular; Cytoplasmic	Helical			True		True
Q9EQS9	Igdcc4	Extracellular; Cytoplasmic	Helical		True	True		True
Q9ER04	Tmprss5	Cytoplasmic; Extracellular	Helical; Signal-anchor for type II membrane protein			True		True
Q9ER38	Tor3a				True
Q9ER58	Spock2				True
Q9ER63	Tnfrsf23				True
Q9ER64	Osbpl5		Helical			True
Q9ERI6	Rdh14								True	yeast mito homolog+, Rickettsial homolog, mito protein domain, coexpression, MS/MS	Membrane
Q9ERS6	Il1rapl2	Extracellular; Cytoplasmic	Helical		True	True		True
Q9ESF4	Grina		Helical			True
Q9ET35	Tnfrsf13b	Extracellular; Cytoplasmic	Helical; Signal-anchor for type III membrane protein			True		True
Q9ET37	Slc5a4a	Cytoplasmic; Extracellular	Helical			True		True
Q9JHB3	Timp4				True
Q9JHH5	Cxcl11				True
Q9JI67	B3galt5	Cytoplasmic; Lumenal	Helical; Signal-anchor for type II membrane protein			True		True
Q9JIG4	Ppp1r3f	Cytoplasmic; Extracellular	Helical			True		True
Q9JIK9	Mrps34								True	literature, APEX_matrix, targetP signal, induction, coexpression++, MS/MS++	Matrix
Q9JIL2	Ccl28				True
Q9JIL6	Gprc5d	Extracellular; Cytoplasmic	Helical			True		True
Q9JIZ0	Nat8f1		Helical			True
Q9JJ72	Rprm		Helical			True
Q9JJC8	Nipa2	Extracellular; Cytoplasmic	Helical			True		True
Q9JJE4	Paqr4		Helical			True
Q9JJH1	Rnase4				True
Q9JJI6	Pigo		Helical			True
Q9JJL8	Sars2								True	literature, APEX_matrix, targetP signal+, yeast mito homolog++, Rickettsial homolog, mito protein domain, MS/MS	Matrix
Q9JJL9	Ltb4r2	Extracellular; Cytoplasmic	Helical			True		True
Q9JJN4	Oxct2a								True	targetP signal+, mito protein domain, MS/MS++	Matrix
Q9JK53	Prelp				True
Q9JKD3	Scamp5	Cytoplasmic; Extracellular	Helical			True		True
Q9JKL1	Prokr1	Extracellular; Cytoplasmic	Helical			True		True
Q9JKT3	Tas2r4	Extracellular; Cytoplasmic	Helical			True		True
Q9JKV7	Extl1	Cytoplasmic; Lumenal	Helical; Signal-anchor for type II membrane protein			True		True
Q9JKV9	Il20				True
Q9JL59	Sectm1b	Extracellular; Cytoplasmic	Helical		True	True		True
Q9JL95	Prg3				True
Q9JLC4	Sorcs1	Lumenal; Cytoplasmic	Helical		True	True		True
Q9JLF1	Gabrq	Extracellular; Cytoplasmic	Helical		True	True		True
Q9JLT2	Treh				True
Q9JLV9	Prl2c5				True
Q9JMF7	Dolpp1		Helical			True
Q9QUN9	Dkk3				True
Q9QXE5	Prss16				True
Q9QXP7	C1qtnf1				True
Q9QXS8	Nat8f5		Helical			True
Q9QXT0	Cnpy2				True
Q9QXT6	Il17b				True
Q9QXY9	Pex3	Cytoplasmic; Peroxisomal	Helical			True		True
Q9QY00	Or5g26	Extracellular; Cytoplasmic	Helical			True		True
Q9QY05	Insl6				True
Q9QY48	Dnase2b				True
Q9QY73	Tmem59	Extracellular; Cytoplasmic	Helical		True	True		True
Q9QYK4	Hs6st3	Cytoplasmic; Lumenal	Helical; Signal-anchor for type II membrane protein			True		True
Q9QYN3	Klk11				True
Q9QYS1	Wnt16				True
Q9QYZ9	Prss30				True
Q9QZ23	Nfu1								True	APEX_matrix, targetP signal, yeast mito homolog++, Rickettsial homolog, mito protein domain, coexpression, MS/MS+	Matrix
Q9QZ49	Ubxn8	Cytoplasmic; Lumenal	Helical			True		True
Q9QZA0	Ca5b								True	literature, targetP signal, mito protein domain, coexpression, MS/MS++	Matrix
Q9QZI8	Serinc1	Cytoplasmic; Lumenal	Helical			True		True
Q9QZJ6	Mfap5				True
Q9QZS6	Hs3st3b1	Cytoplasmic; Lumenal	Helical; Signal-anchor for type II membrane protein			True		True
Q9QZZ6	Dpt				True
Q9R013	Ctsf				True
Q9R087	Gpc6				True
Q9R0B9	Plod2				True
Q9R0H2	Emcn	Extracellular; Cytoplasmic	Helical		True	True		True
Q9R0M1	Xcr1	Extracellular; Cytoplasmic	Helical			True		True
Q9R0M3	Srpx				True
Q9R0P6	Sec11a	Cytoplasmic; Lumenal	Helical; Signal-anchor for type II membrane protein			True		True
Q9R112	Sqor								True	literature, targetP signal+, mito protein domain, MS/MS++	MIM
Q9R1A3	Ntn3				True
Q9R1Q6	Tmem176b		Helical			True
Q9R1S3	Pign	Cytoplasmic; Lumenal	Helical			True		True
Q9R1W3	Rnf103		Helical			True
Q9R257	Hebp1								True	APEX_IMS, mito protein domain, coexpression, MS/MS++	IMS
Q9WTL0	Defb3				True
Q9WTM3	Sema6c	Extracellular; Cytoplasmic	Helical		True	True		True
Q9WTP5	Cdh22	Extracellular; Cytoplasmic	Helical		True	True		True
Q9WTQ8	Timm23		Helical			True
Q9WTW3	Kcne4	Cytoplasmic	Helical			True		True
Q9WU66	Sfrp5				True
Q9WU67	Ly6i				True
Q9WU81	Slc37a2		Helical			True
Q9WUA1	Wif1				True
Q9WUF1	Vmn1r49	Extracellular; Cytoplasmic	Helical			True		True
Q9WUG6	Insl5				True
Q9WUT7	Ccr9	Extracellular; Cytoplasmic	Helical			True		True
Q9WV98	Timm9								True	literature, APEX_IMS, yeast mito homolog++, mito protein domain+, induction, coexpression+, MS/MS++	MIM
Q9WVD5	Slc25a15		Helical			True			True	literature, yeast mito homolog+, mito protein domain+, coexpression, MS/MS++	MIM
Q9WVM6	Tll2				True
Q9Z0F1	Gnas				True
Q9Z0G4	Ccn5				True
Q9Z0H6	Cst9				True
Q9Z0L4	Bmp15				True
Q9Z0M3	Cdh20	Extracellular; Cytoplasmic	Helical		True	True		True
Q9Z0S7	Cldn9	Cytoplasmic; Extracellular	Helical			True		True
Q9Z100	Cpxm1				True
Q9Z1P6	Ndufa7								True	literature, APEX_matrix, mito protein domain+, coexpression++, MS/MS++	MIM
Q9Z1Q4	Ly6g6c				True
Q9Z1V0	Or6e1		Helical			True
Q9Z210	Pex11b		Helical			True			True	targetP signal, coexpression, MS/MS	Membrane
Q9Z211	Pex11a	Cytoplasmic; Lumenal	Helical			True		True
Q9Z282	Gpr132	Extracellular; Cytoplasmic	Helical			True		True
Q9Z2T1	Kcnk7	Cytoplasmic	Helical	Pore-forming		True	True	True
A0A0A6YXX9	Catspere2				True
A0A0B4J1L0	Ceacam15				True
A2A5I3	R3hdml				True
A2A699	Fam171a2	Extracellular; Cytoplasmic	Helical		True	True		True
A2A7V7	Cd300c	Extracellular; Cytoplasmic	Helical		True	True		True
A2A8T7	Tex38		Helical			True
A2ADA5	Pusl1								True	APEX_matrix, targetP signal, Rickettsial homolog, mito protein domain	Matrix
A2ADF7	Slc25a34		Helical			True			True	yeast mito homolog+, mito protein domain+	MIM
A2AE20	Spaca5				True
A2AE42	Cyb561d1	Cytoplasmic; Lumenal	Helical			True		True
A2AEP0	Obp1b				True
A2AF53	Tmem185a		Helical			True
A2AJQ3	Dpy19l4		Helical			True
A2APY7	Ndufaf5								True	literature, APEX_matrix, GFP, targetP signal, Rickettsial homolog, mito protein domain+, induction, coexpression, MS/MS	MIM
A2ASA8	Itpripl1	Extracellular; Cytoplasmic	Helical		True	True		True
A2AV25	Fibcd1	Cytoplasmic; Extracellular	Helical; Signal-anchor for type II membrane protein			True		True
A2AVR2	Mroh7		Helical			True
A2BDP1	Nalf2		Helical			True
A2RSQ0	Dennd5b		Helical			True
A2RT60	Htra4				True
A2VDH3	Lrrc38	Extracellular; Cytoplasmic	Helical		True	True		True
A3KGK3	Fer1l4	Extracellular; Cytoplasmic	Helical			True		True
A3KGW5	Cercam				True
A6H611	Mipep								True	literature, APEX_matrix, targetP signal+, yeast mito homolog++, mito protein domain, induction, MS/MS++	Matrix
A6H666	Cox8c	Mitochondrial matrix; Mitochondrial intermembrane	Helical			True		True	True	literature, targetP signal, mito protein domain+, MS/MS	MIM
A7TZF3	Skint4	Extracellular; Cytoplasmic	Helical		True	True		True
A7TZG1	Skint10	Extracellular; Cytoplasmic	Helical		True	True		True
A7TZG3	Skint9	Extracellular; Cytoplasmic	Helical		True	True		True
A7XV14	Skint11	Extracellular; Cytoplasmic	Helical		True	True		True
A8R0V4	Esp22				True
B1AQL3	Tmem235		Helical		True	True
B1AR13	Cisd3								True	APEX_matrix, mito protein domain, coexpression, MS/MS++	Matrix
B1ARY8	Ciroz				True
B1AT66	Slc16a6	Cytoplasmic; Extracellular	Helical			True		True
B1AWI6	Msmp				True
B1AXP6	Tomm5	Cytoplasmic; Mitochondrial intermembrane	Helical			True		True	True	literature, mito protein domain+, MS/MS++	MOM
B2KG20	Klri1	Cytoplasmic; Extracellular	Helical; Signal-anchor for type II membrane protein			True		True
B2RWJ3	Tmem240		Helical			True
B2RY83	Hpse2				True
B5X0G2	Mup17				True
D3YWQ9	Tmem196		Helical			True
D3YX43	Vsig10	Extracellular; Cytoplasmic	Helical		True	True		True
D3YZF7	Vsig10l	Extracellular; Cytoplasmic	Helical		True	True		True
D3Z7H8	Cilp2				True
E9PV86	Mctp1		Helical			True
E9PXB6	Sfta2				True
E9Q6C8	Xkr6		Helical			True
E9QAF0	Spata31		Helical			True
F2Z3Y9	Smim30	Extracellular; Cytoplasmic	Helical		True	True		True
F6W8I0	Yjefn3								True	literature, APEX_IMS, mito protein domain, coexpression++, MS/MS++	MIM
G5E8K6	Slc16a5	Cytoplasmic; Extracellular	Helical			True		True
O08546	U90926				True
O09133	Smr2				True
O35164	Mcpt9				True
O35256	Prl4a1				True
O35257	Prl6a1				True
O35290	Ear3				True
O35372	Cnih1	Cytoplasmic; Lumenal	Helical			True		True
O35536	Tfpi2				True
O35679	Spink4				True
O35680	Mrps12								True	literature, targetP signal, yeast mito homolog++, Rickettsial homolog, mito protein domain, induction, coexpression+, MS/MS+	Matrix
O35682	Myadm		Helical			True
O35912	Emp3		Helical			True
O35961	Smr2				True
O35972	Mrpl23								True	literature, APEX_matrix, targetP signal, yeast mito homolog++, mito protein domain, MS/MS++	Matrix
O35979	Smr2				True
O35982	Smr2				True
O35985	Smr2				True
O54734	Ddost	Lumenal; Cytoplasmic	Helical		True	True		True
O54798	Brs3	Extracellular; Cytoplasmic	Helical			True		True
O54831	Prl7a2				True
O54897	Gpr27	Extracellular; Cytoplasmic	Helical			True		True
O55101	Syngr2		Helical			True
O70169	Prss39				True
O70300	Pspn				True
O70401	Tspan6	Cytoplasmic; Extracellular	Helical			True		True
O88416	Gpr33	Extracellular; Cytoplasmic	Helical			True		True
O88441	Mtx2								True	literature, mito protein domain+, induction, coexpression++, MS/MS++	MOM
O88745	Scrg1				True
O89104	Sypl2	Cytoplasmic; Vesicular	Helical			True		True
P00848	Mtatp6		Helical			True			True	literature, yeast mito homolog++, Rickettsial homolog, mito protein domain+, MS/MS+	MIM
P01173	Wap				True
P01573	Ifna2				True
P01633	Igkv6-17				True
P01639	Igkv9-120				True
P01882		Cytoplasmic	Helical			True		True
P01896		Extracellular; Cytoplasmic	Helical			True		True
P01915		Extracellular; Cytoplasmic	Helical		True	True		True
P02664	Csn1s2b				True
P03930	Mtatp8		Helical			True			True	literature, mito protein domain+, MS/MS++	MIM
P03987		Cytoplasmic	Helical			True		True
P04227	H2-Aa	Extracellular; Cytoplasmic	Helical			True		True
P04228	H2-Aa	Extracellular; Cytoplasmic	Helical		True	True		True
P04231	H2-Eb1	Extracellular; Cytoplasmic	Helical			True		True
P05367	Saa2				True
P06342	H2-Ab1	Extracellular; Cytoplasmic	Helical		True	True		True
P06345	H2-Ab1	Extracellular; Cytoplasmic	Helical		True	True		True
P06346	H2-Ab1	Extracellular; Cytoplasmic	Helical		True	True		True
P06799	Ifna7				True
P07743	Bpifa2				True
P09925	Surf1		Helical			True			True	literature, targetP signal, yeast mito homolog++, Rickettsial homolog, mito protein domain+, coexpression, MS/MS	MIM
P0C0P8	Nps				True
P0C5I1	Gpr25	Extracellular; Cytoplasmic	Helical			True		True
P0C8K7	Smim1	Cytoplasmic; Extracellular	Helical; Signal-anchor for type II membrane protein			True		True
P0CW02	Ly6c1				True
P0CW03	Ly6c2				True
P0DP59	Slurp2				True
P10598	Csn2				True
P10601	Ppy				True
P14435	H2-Aa	Extracellular; Cytoplasmic	Helical			True		True
P14436	H2-Aa	Extracellular; Cytoplasmic	Helical			True		True
P14437	H2-Aa	Extracellular; Cytoplasmic	Helical			True		True
P14438	H2-Aa	Extracellular; Cytoplasmic	Helical			True		True
P15119	Mcpt2				True
P15501	Sbp				True
P18419	Svs4				True
P18469	H2-Eb1	Extracellular; Cytoplasmic	Helical		True	True		True
P18531	Ighv3-6				True
P20040		Extracellular; Cytoplasmic	Helical		True	True		True
P21129	Slc10a3		Helical			True
P21761	Trhr	Extracellular; Cytoplasmic	Helical			True		True
P23150		Extracellular; Cytoplasmic	Helical		True	True		True
P28662	Bri3		Helical			True
P29621	Serpina3c				True
P33680	Guca2a				True
P34983	Or8g18	Extracellular; Cytoplasmic	Helical			True		True
P34986	Or6b9	Extracellular; Cytoplasmic	Helical			True		True
P35460	Ly6f				True
P35461	Ly6g				True
P38575	Upk2	Lumenal; Cytoplasmic	Helical		True	True		True
P42925	Pxmp2	Cytoplasmic; Peroxisomal	Helical			True		True	True	GFP, yeast mito homolog+, mito protein domain, induction	MIM
P43430	Mcpt8				True
P47801	Emp1		Helical			True
P48757	Gast				True
P49681	Npbwr1	Extracellular; Cytoplasmic	Helical			True		True
P50289	Acrv1				True
P55104	Inhbc				True
P56135	Atp5mf		Helical			True			True	literature, coexpression++, MS/MS++	MIM
P56203	Ctsw				True
P56379	Atp5mj		Helical			True			True	induction, coexpression++, MS/MS+	MIM
P56382	Atp5f1e								True	literature, targetP signal, yeast mito homolog++, mito protein domain+, induction, coexpression++, MS/MS++	MIM
P56469	Cort				True
P58021	Tm9sf2	Lumenal; Cytoplasmic	Helical		True	True		True
P58064	Mrps6								True	literature, APEX_matrix, yeast mito homolog++, Rickettsial homolog, mito protein domain, MS/MS++	Matrix
P58873	Rhbdl3		Helical			True
P59024	Fkbp14				True
P59528	Tas2r123	Extracellular; Cytoplasmic	Helical			True		True
P59529	Tas2r16	Extracellular; Cytoplasmic	Helical			True		True
P59532	Tas2r41	Extracellular; Cytoplasmic	Helical			True		True
P59900	Emilin3				True
P60060	Sec61g	Cytoplasmic; Extracellular	Helical			True		True
P60894	Gpr85	Extracellular; Cytoplasmic	Helical			True		True
P61315	Gal3st3	Cytoplasmic; Lumenal	Helical; Signal-anchor for type II membrane protein			True		True
P61807	Snn	Mitochondrial intermembrane; Cytoplasmic	Helical			True		True
P61939	Serpina7				True
P62073	Timm10								True	literature, APEX_IMS, yeast mito homolog++, mito protein domain+, induction, coexpression++, MS/MS++	MIM
P62075	Timm13								True	literature, APEX_IMS, yeast mito homolog++, mito protein domain+, induction, coexpression, MS/MS++	MIM
P62077	Timm8b								True	literature, yeast mito homolog+, mito protein domain+, induction, coexpression, MS/MS++	MIM
P62810	Wfdc18				True
P62816	Hrk		Helical			True
P62951	Blcap		Helical			True
P70403	Cux1	Cytoplasmic; Lumenal	Helical; Anchor for type IV membrane protein			True		True
P82020	Defb2				True
P83626	Tnfrsf26	Extracellular; Cytoplasmic	Helical		True	True		True
P83861	Qrfpr	Extracellular; Cytoplasmic	Helical			True		True
P97497	Shbg				True
Q00356	Mcptl				True
Q01776	Gnrhr	Extracellular; Cytoplasmic	Helical			True		True
Q03734	Serpina3m				True
Q06185	Atp5me								True	literature, APEX_IMS, yeast mito homolog++, mito protein domain+, coexpression++, MS/MS++	MIM
Q09TK7	Spink11				True
Q09TK9	Spink8				True
Q0Q236	Bsph2				True
Q0VAX3	Fads2b	Cytoplasmic; Lumenal	Helical			True		True
Q0VAX9	Or7e178	Extracellular; Cytoplasmic	Helical			True		True
Q0VBN2	Dsel		Helical		True	True
Q0ZUP1	Klrb1	Cytoplasmic; Extracellular	Helical; Signal-anchor for type II membrane protein			True		True
Q149C3	Lingo4	Extracellular; Cytoplasmic	Helical		True	True		True
Q149L6	Dnajb14	Cytoplasmic; Lumenal	Helical			True		True
Q149M0	Clec12b	Cytoplasmic; Extracellular	Helical; Signal-anchor for type II membrane protein			True		True
Q149R9	Lpar5	Extracellular; Cytoplasmic	Helical			True		True
Q14AI6	Rpusd3								True	APEX_matrix, targetP signal, Rickettsial homolog, mito protein domain, coexpression	Matrix
Q14B25	Prss48				True
Q14CH0	Fam171b	Extracellular; Cytoplasmic	Helical		True	True		True
Q19LI2	A1bg				True
Q1RLK6	B3gnt4	Cytoplasmic; Lumenal	Helical; Signal-anchor for type II membrane protein			True		True
Q2KHK3	Lvrn	Cytoplasmic; Lumenal	Helical; Signal-anchor for type II membrane protein			True		True
Q2NKH9	Glt6d1	Cytoplasmic; Lumenal	Helical; Signal-anchor for type II membrane protein			True		True
Q30KN8	Defb25				True
Q30KP3	Defb20				True
Q30KP6	Defb41				True
Q32KI9	Arsi				True
Q32MW3	Acot10								True	literature, targetP signal	Matrix
Q32NZ6	Tmc5	Extracellular; Cytoplasmic	Helical			True		True
Q3SXG2	Fpr-rs6	Extracellular; Cytoplasmic	Helical			True		True
Q3SYP2	Ctrc				True
Q3TAE8	Alg6	Cytoplasmic; Lumenal	Helical			True		True
Q3TBW2	Mrpl10								True	literature, APEX_matrix, targetP signal, yeast mito homolog++, Rickettsial homolog, coexpression+, MS/MS++	Matrix
Q3TC72	Fahd2a								True	APEX_matrix, targetP signal, yeast mito homolog, mito protein domain, induction, coexpression, MS/MS++	Matrix
Q3THF9	Coq10b								True	GFP, targetP signal, yeast mito homolog+, Rickettsial homolog, mito protein domain+, MS/MS+	MIM
Q3TLP5	Echdc2								True	targetP signal+, yeast mito homolog+, Rickettsial homolog, mito protein domain, coexpression, MS/MS++	Matrix
Q3TNW5	Mucl3	Extracellular; Cytoplasmic	Helical		True	True		True
Q3TPR7	Tmem184c		Helical			True
Q3TQB2	Foxred1		Helical			True			True	literature, targetP signal, mito protein domain, coexpression+	MIM
Q3TUD9	Tmem18	Perinuclear space; Nuclear	Helical			True		True
Q3TZM9	Alg11	Lumenal; Cytoplasmic	Helical	Helical		True	True	True
Q3U0I6	Erln		Helical			True
Q3U186	Rars2								True	literature, APEX_matrix, GFP, targetP signal, yeast mito homolog, Rickettsial homolog, mito protein domain, coexpression, MS/MS++	Matrix
Q3U276	Sdhaf1								True	literature, targetP signal+, yeast mito homolog, mito protein domain+, induction, coexpression+, MS/MS	Matrix
Q3U2A8	Vars2								True	APEX_matrix, targetP signal, yeast mito homolog, Rickettsial homolog, mito protein domain, coexpression, MS/MS++	Matrix
Q3U3F9	Gpr160	Extracellular; Cytoplasmic	Helical			True		True
Q3U515	Vwce				True
Q3UF25	Stimate	Cytoplasmic	Helical			True		True
Q3UF64	Rnft2	Extracellular; Cytoplasmic	Helical			True		True
Q3UFF7	Lyplal1								True	targetP signal, mito protein domain, MS/MS++	unknown
Q3UG50	Mrgprx2	Extracellular; Cytoplasmic	Helical			True		True
Q3UG61	Mrgprb1	Extracellular; Cytoplasmic	Helical			True		True
Q3UHB1	Nt5dc3								True	APEX_matrix, targetP signal, MS/MS++	Matrix
Q3UHH8	Gxylt1	Cytoplasmic; Lumenal	Helical; Signal-anchor for type II membrane protein			True		True
Q3UKY7	Prss38				True
Q3UN16	Gpr162	Extracellular; Cytoplasmic	Helical			True		True
Q3UN70	Myrfl		Helical			True
Q3UNN8	Pld5	Cytoplasmic; Extracellular	Helical			True		True
Q3UP75	Ugt3a1	Extracellular; Cytoplasmic	Helical		True	True		True
Q3UPI1	Gask1b	Cytoplasmic; Extracellular	Helical; Signal-anchor for type II membrane protein			True		True
Q3UPR0	Shisa3	Lumenal; Cytoplasmic	Helical		True	True		True
Q3UPY5	Glb1l2				True
Q3UQ84	Tars2								True	APEX_matrix, targetP signal+, yeast mito homolog, Rickettsial homolog, mito protein domain, MS/MS++	Matrix
Q3URE9	Lingo2	Extracellular; Cytoplasmic	Helical		True	True		True
Q3URJ8	Nkain3		Helical			True
Q3USQ7	Syndig1l	Extracellular; Cytoplasmic	Helical			True		True
Q3UST5					True
Q3USW5	Foxred2				True
Q3USY0	Slc38a11		Helical			True
Q3UTS8	Spink13				True
Q3UU94	Mansc4	Extracellular; Cytoplasmic	Helical		True	True		True
Q3UVY5	Pcnx4		Helical			True
Q3UW43	Spag11b				True
Q3UY51	Lrrc55		Helical		True	True
Q3UZ09	C1rl				True
Q3V172	Sel1l2	Extracellular; Cytoplasmic	Helical		True	True		True
Q3V1I0	Lyg2				True
Q3V384	Afg1l								True	APEX_matrix, targetP signal+, yeast mito homolog++, Rickettsial homolog, coexpression, MS/MS+	MIM
Q3V3G7	Gramd2a		Helical			True
Q3V3K7	Gcnt7	Cytoplasmic; Extracellular	Helical; Signal-anchor for type II membrane protein			True		True
Q499X9	Mars2								True	literature, APEX_matrix, targetP signal, yeast mito homolog++, Rickettsial homolog, mito protein domain, coexpression, MS/MS+	Matrix
Q4PJX1	Odr4		Helical			True
Q4PNJ2	Nkain2		Helical			True
Q501J2	Antkmt		Helical			True			True	literature,coexpression, MS/MS	MIM
Q504M2	Pdp2								True	APEX_matrix, targetP signal, yeast mito homolog+, mito protein domain, coexpression	Matrix
Q504N0	Cpa2				True
Q569E4	Ment				True
Q571E5	Prss53				True
Q5DT36	Klri2	Cytoplasmic; Extracellular	Helical; Signal-anchor for type II membrane protein			True		True
Q5DTZ0	Nynrin		Helical			True
Q5DTZ6	Rnf150	Extracellular; Cytoplasmic	Helical		True	True		True
Q5DU28	Pcnx2		Helical			True
Q5EBI0	Slc26a10		Helical			True
Q5F267	Tp53i13	Extracellular; Cytoplasmic	Helical		True	True		True
Q5FW57	Gm4952								True	mito protein domain, MS/MS++	unknown
Q5GH64	Xkr7		Helical			True
Q5H8B9	Frem3				True
Q5HZJ5	Entrep3		Helical			True
Q5IXF8	Glp2r	Extracellular; Cytoplasmic	Helical			True		True
Q5M8S2	Prss46		Helical			True
Q5NC32	Slc16a11	Cytoplasmic	Helical			True		True
Q5QD07	Taar8a	Extracellular; Cytoplasmic	Helical			True		True
Q5QD12	Taar7a	Extracellular; Cytoplasmic	Helical			True		True
Q5QGU6	Rtp3	Cytoplasmic	Helical			True		True
Q5RJH2	Mctp2		Helical			True
Q5RJI2	Slc44a5	Cytoplasmic; Extracellular	Helical			True		True
Q5RL79	Krtcap2	Lumenal; Cytoplasmic	Helical			True		True
Q5SPX3	Rnf215	Cytoplasmic; Extracellular	Helical			True		True
Q5SS80	Dhrs13				True
Q5SSK3	Tefm								True	APEX_matrix, targetP signal, induction, coexpression++, MS/MS	Matrix
Q5SUV1	Rsad1								True	APEX_matrix, targetP signal, Rickettsial homolog, mito protein domain, coexpression	MIM
Q5SX19	Pigl	Cytoplasmic	Helical			True		True
Q5SYL3	Bltp2				True
Q5U680	Slc25a26		Helical			True			True	literature, yeast mito homolog++, mito protein domain+, coexpression, MS/MS	MIM
Q60878	Or4c3d	Extracellular; Cytoplasmic	Helical			True		True
Q60879	Or1j1	Extracellular; Cytoplasmic	Helical			True		True
Q60880	Or5t18	Extracellular; Cytoplasmic	Helical			True		True
Q60881	Or4b13	Extracellular; Cytoplasmic	Helical			True		True
Q60882	Or8b8	Extracellular; Cytoplasmic	Helical			True		True
Q60883	Or2y1b	Extracellular; Cytoplasmic	Helical			True		True
Q60884	Or8g17	Extracellular; Cytoplasmic	Helical			True		True
Q60885	Or10p22	Extracellular; Cytoplasmic	Helical			True		True
Q60886	Or8b3	Extracellular; Cytoplasmic	Helical			True		True
Q60887	Or10n1	Extracellular; Cytoplasmic	Helical			True		True
Q60888	Or10d1b	Extracellular; Cytoplasmic	Helical			True		True
Q60889	Or6z7	Extracellular; Cytoplasmic	Helical			True		True
Q60890	Or2b6	Extracellular; Cytoplasmic	Helical			True		True
Q60892	Or7a42	Extracellular; Cytoplasmic	Helical			True		True
Q60894	Or9s13	Extracellular; Cytoplasmic	Helical			True		True
Q60961	Laptm4a		Helical			True
Q61268	Apoc4				True
Q61334	Bcap29	Lumenal; Cytoplasmic	Helical			True		True
Q61500	Itm2a		Helical; Signal-anchor for type II membrane protein			True
Q61733	Mrps31								True	literature, APEX_matrix, targetP signal, induction, coexpression, MS/MS	Matrix
Q61809	Lrrn1	Extracellular; Cytoplasmic	Helical		True	True		True
Q61900	Smr3a				True
Q62000	Ogn				True
Q62147	Sspn	Cytoplasmic; Extracellular	Helical			True		True
Q62186	Ssr4	Lumenal; Cytoplasmic	Helical		True	True		True
Q62283	Tspan7	Cytoplasmic; Extracellular	Helical			True		True
Q62302	Tex261		Helical			True
Q62425	Coxfa4	Mitochondrial matrix; Mitochondrial intermembrane	Helical			True		True	True	literature, targetP signal, mito protein domain, coexpression++, MS/MS++	MIM
Q62471	Lcn3				True
Q62472	Lcn4				True
Q62507	Coch				True
Q63805	Orm3				True
Q640P2	Angptl1				True
Q64302	Tm4sf1	Cytoplasmic; Extracellular	Helical			True		True
Q64322	Npdc1		Helical		True	True
Q64433	Hspe1								True	literature, APEX_IMS, APEX_matrix, yeast mito homolog++, Rickettsial homolog, mito protein domain, MS/MS++	Matrix
Q64445	Cox8a	Mitochondrial matrix; Mitochondrial intermembrane	Helical			True		True	True	literature, targetP signal+, mito protein domain+, coexpression+, MS/MS	MIM
Q64697	Ptprcap		Helical			True
Q66JZ4	TCAIM								True	literature, APEX_matrix, targetP signal+, mito protein domain+, coexpression++	Matrix
Q66K08	Cilp				True
Q68FD9	Kiaa1549		Helical			True
Q6A044	Entrep2		Helical			True
Q6A058	Armcx2	Mitochondrial intermembrane; Cytoplasmic	Helical; Signal-anchor			True		True	True	literature	Membrane
Q6A152	Cyp4x1		Helical			True
Q6AW46	Ces5a				True
Q6EAL8	Il31				True
Q6F5E0	Tmem158		Helical		True	True
Q6GQT5	Tmem151a		Helical			True
Q6GQT9	Nomo1	Extracellular; Cytoplasmic	Helical		True	True		True
Q6GQU6	Lingo3	Extracellular; Cytoplasmic	Helical		True	True		True
Q6GU68	Islr				True
Q6GUQ1	Egfl8				True
Q6IE26	Ephx4		Helical; Signal-anchor for type II membrane protein			True
Q6IE32	Spink7				True
Q6IEE6	Tmem132e	Extracellular; Cytoplasmic	Helical		True	True		True
Q6IR37	Zdhhc24	Cytoplasmic; Extracellular	Helical			True		True
Q6IR41	C1qtnf6				True
Q6JHY2	Muc19				True
Q6L8S8	B4galnt3	Cytoplasmic; Lumenal	Helical; Signal-anchor for type II membrane protein			True		True
Q6NS65	Gpr17	Extracellular; Cytoplasmic	Helical			True		True
Q6NSU3	Glt8d1	Cytoplasmic; Lumenal	Helical; Signal-anchor for type II membrane protein			True		True
Q6NVG7	Colgalt2				True
Q6NXH2	Manea	Cytoplasmic; Lumenal	Helical; Signal-anchor for type II membrane protein			True		True
Q6NZL0	Mtcl3		Helical		True	True
Q6P2L7	Golm2	Cytoplasmic; Lumenal	Helical; Signal-anchor for type II membrane protein			True		True
Q6P3Y9	Podnl1				True
Q6P4P1	Serpina3a				True
Q6P5B0	Rrp12		Helical			True
Q6P6M5	Pex11g	Cytoplasmic; Lumenal	Helical			True		True
Q6P8G8	Orai3		Helical			True
Q6P8H8	Alg8		Helical			True
Q6P8I6	Cox11	Mitochondrial matrix; Mitochondrial intermembrane	Helical			True		True	True	literature, APEX_IMS, targetP signal, yeast mito homolog++, Rickettsial homolog, mito protein domain+, induction, coexpression, MS/MS	MIM
Q6P8K8	Cpa4				True
Q6PAQ9	Prrg3	Extracellular; Cytoplasmic	Helical			True		True
Q6PB90	Pcdhb14	Extracellular; Cytoplasmic	Helical		True	True		True
Q6PDC8	Slc60a1		Helical			True
Q6PDJ1	Cachd1	Extracellular; Cytoplasmic	Helical		True	True		True
Q6PDS0	Vstm2l				True
Q6PFC5	Lrit2		Helical		True	True
Q6PI62	Gpr173	Extracellular; Cytoplasmic	Helical			True		True
Q6RUU0	Ptx4				True
Q6S5G4	Gja6	Cytoplasmic; Extracellular	Helical			True		True
Q6TCG2	Paqr9	Cytoplasmic; Extracellular	Helical			True		True
Q6TCG5	Paqr6	Cytoplasmic; Extracellular	Helical			True		True
Q6TU36	Defb50				True
Q6W049	Or56b34	Extracellular; Cytoplasmic	Helical			True		True
Q6ZPJ0	Tex2		Helical			True
Q6ZQA6	Igsf3	Extracellular; Cytoplasmic	Helical		True	True		True
Q6ZWQ7	Spcs3	Cytoplasmic; Lumenal	Helical; Signal-anchor for type II membrane protein			True		True
Q6ZWX0	Wdr83os	Cytoplasmic; Lumenal	Helical			True		True
Q75VT8	Hide1	Extracellular; Cytoplasmic	Helical		True	True		True
Q762D5	Slc35d2	Extracellular; Cytoplasmic	Helical			True		True
Q765I1	Uts2b				True
Q76HP3	Tmem132d	Extracellular; Cytoplasmic	Helical		True	True		True
Q78IK2	Atp5mk		Helical			True			True	GFP, MS/MS++	MIM
Q78IK4	Apool	Mitochondrial intermembrane; Mitochondrial matrix	Helical			True		True	True	literature, yeast mito homolog, mito protein domain+, induction, coexpression++, MS/MS++	MIM
Q78PG9	Ccdc25	Extracellular; Cytoplasmic	Helical			True		True
Q78T54	Vma21	Cytoplasmic; Lumenal	Helical			True		True
Q78XF5	Ostc	Cytoplasmic; Extracellular	Helical			True		True
Q7M707	Tas2r109	Extracellular; Cytoplasmic	Helical			True		True
Q7M709	Tas2r129	Extracellular; Cytoplasmic	Helical			True		True
Q7M710	Tas2r125	Extracellular; Cytoplasmic	Helical			True		True
Q7M711	Tas2r113	Extracellular; Cytoplasmic	Helical			True		True
Q7M712	Tas2r110	Extracellular; Cytoplasmic	Helical			True		True
Q7M713	Tas2r116	Extracellular; Cytoplasmic	Helical			True		True
Q7M715	Tas2r117	Extracellular; Cytoplasmic	Helical			True		True
Q7M717	Tas2r102	Extracellular; Cytoplasmic	Helical			True		True
Q7M718	Tas2r124	Extracellular; Cytoplasmic	Helical			True		True
Q7M720	Tas2r13	Extracellular; Cytoplasmic	Helical			True		True
Q7M721	Tas2r120	Extracellular; Cytoplasmic	Helical			True		True
Q7M722	Tas2r114	Extracellular; Cytoplasmic	Helical			True		True
Q7M725	Tas2r107	Extracellular; Cytoplasmic	Helical			True		True
Q7M756	Prss54				True
Q7TM99	Slc16a9	Cytoplasmic	Helical			True		True
Q7TML3	Slc35f2	Cytoplasmic; Extracellular	Helical			True		True
Q7TMV3	Fastkd5								True	APEX_matrix, targetP signal, coexpression	Matrix
Q7TN22	Txndc16				True
Q7TN51	Mrgprb8	Extracellular; Cytoplasmic	Helical			True		True
Q7TN84	Syt14	Extracellular; Cytoplasmic	Helical; Signal-anchor for type III membrane protein			True		True
Q7TNI2	Tmem59l		Helical		True	True
Q7TNS2	Micos10	Mitochondrial intermembrane	Helical			True		True	True	literature, APEX_IMS, yeast mito homolog, mito protein domain+, induction, coexpression++, MS/MS++	MIM
Q7TNS7	Asic4	Cytoplasmic; Extracellular	Helical			True		True
Q7TNU7	Letm2	Mitochondrial intermembrane; Mitochondrial matrix	Helical			True		True	True	targetP signal, yeast mito homolog+, mito protein domain+	MIM
Q7TNV7	Defb38				True
Q7TNV8	Defb34				True
Q7TNV9	Defb14				True
Q7TPB0	Plppr3		Helical			True
Q7TPC1	Cdsn				True
Q7TPG6	Tafa3				True
Q7TQ48	Srl				True
Q7TQ69	Tmc3	Cytoplasmic; Extracellular	Helical			True		True
Q7TQA5	Tas2r39	Extracellular; Cytoplasmic	Helical			True		True
Q7TQA6	Tas2r38	Extracellular; Cytoplasmic	Helical			True		True
Q7TQA7	Tas2r3	Extracellular; Cytoplasmic	Helical			True		True
Q7TQA8	Tas2r136	Extracellular; Cytoplasmic	Helical			True		True
Q7TQA9	Tas2r135	Extracellular; Cytoplasmic	Helical			True		True
Q7TQB0	Tas2r134	Extracellular; Cytoplasmic	Helical			True		True
Q7TQB8	Tas2r40	Extracellular; Cytoplasmic	Helical			True		True
Q7TQB9	Tas2r143	Extracellular; Cytoplasmic	Helical			True		True
Q7TQI0	Tmem204	Cytoplasmic; Extracellular	Helical			True		True
Q7TQJ1	Marveld1	Cytoplasmic; Extracellular	Helical			True		True
Q7TQP0	Gpr141	Extracellular; Cytoplasmic	Helical			True		True
Q7TQP2	Gpr135	Extracellular; Cytoplasmic	Helical			True		True
Q7TQP4	Rxfp4	Extracellular; Cytoplasmic	Helical			True		True
Q7TR96	Or9g19	Extracellular; Cytoplasmic	Helical			True		True
Q7TRF3	Or7d11	Extracellular; Cytoplasmic	Helical			True		True
Q7TS48	Or5k16	Extracellular; Cytoplasmic	Helical			True		True
Q80SS5	Ifna12				True
Q80SU4	Ifna13				True
Q80T62	Gpr101	Extracellular; Cytoplasmic	Helical			True		True
Q80TN4	Dnajc16	Cytoplasmic; Extracellular	Helical; Anchor for type IV membrane protein		True	True		True
Q80TS8	Sel1l3		Helical			True
Q80U56	Avl9		Helical			True
Q80UB0					True
Q80UG1	Fads6		Helical			True
Q80UK8	Ints2		Helical			True
Q80UX8	Abhd13		Helical; Signal-anchor for type II membrane protein			True
Q80V03	Adck5		Helical			True			True	targetP signal, yeast mito homolog+, Rickettsial homolog, mito protein domain, induction, coexpression, MS/MS	unknown
Q80VP9	Asphd2	Cytoplasmic; Lumenal	Helical			True		True
Q80W04	Tmcc2		Helical			True
Q80W15	Igfbpl1				True
Q80WM5	Hapln3				True
Q80X85	Mrps7								True	literature, APEX_matrix, targetP signal, yeast mito homolog++, Rickettsial homolog, mito protein domain, coexpression+, MS/MS	Matrix
Q80XD9	Clec2e	Cytoplasmic; Extracellular	Helical; Signal-anchor for type II membrane protein			True		True
Q80XI7	Bpifb9a				True
Q80XM9	Slc66a2		Helical			True
Q80Y72	Cstl1				True
Q80YD3	Spata31f3		Helical			True
Q80YT5	Spata20								True	APEX_matrix	Matrix
Q80ZE4	Paqr7	Cytoplasmic; Extracellular	Helical			True		True
Q80ZN5	Cst13				True
Q80ZN9	Cox6b2								True	literature, yeast mito homolog+, mito protein domain+, MS/MS+	MIM
Q80ZU7	Bpifb3				True
Q80ZU9	Gpr137	Lumenal; Cytoplasmic	Helical			True		True
Q810K9	Gxylt2	Cytoplasmic; Lumenal	Helical; Signal-anchor for type II membrane protein			True		True
Q811P0	Slc36a3	Cytoplasmic; Extracellular	Helical			True		True
Q8BFQ6	Slc49a4	Cytoplasmic; Lumenal	Helical			True		True
Q8BFQ8	Gatd1				True
Q8BFR2	Fstl5				True
Q8BFU7	P2ry10	Extracellular; Cytoplasmic	Helical			True		True
Q8BFZ1	Tecrl		Helical			True
Q8BGA2	Lhfpl2		Helical			True
Q8BGA8	Acsm5								True	literature, targetP signal, yeast mito homolog, Rickettsial homolog, mito protein domain, coexpression, MS/MS++	Matrix
Q8BGD8	Coa6								True	APEX_IMS, yeast mito homolog++, mito protein domain+, induction, coexpression+, MS/MS	IMS
Q8BGE4	Susd6		Helical		True	True
Q8BGG6	Mospd3		Helical			True
Q8BGH2	Samm50								True	literature, APEX_IMS, APEX_matrix, yeast mito homolog++, Rickettsial homolog, induction, coexpression++, MS/MS++	MOM
Q8BGI5	Pex26	Cytoplasmic; Peroxisomal matrix	Helical; Signal-anchor for type II membrane protein			True		True
Q8BGP5	Tmem127		Helical			True
Q8BGV0	Nars2								True	GFP, targetP signal+, yeast mito homolog++, Rickettsial homolog, mito protein domain, coexpression	Matrix
Q8BGX2	Timm29	Mitochondrial matrix; Mitochondrial intermembrane	Helical			True		True	True	coexpression, MS/MS	MIM
Q8BGX3	Lrtm2	Extracellular; Cytoplasmic	Helical		True	True		True
Q8BGZ8	Zpld1	Extracellular; Cytoplasmic	Helical		True	True		True
Q8BH02	Tor4a		Helical			True
Q8BH10	Orai2		Helical			True
Q8BH18	Tmem117	Cytoplasmic; Extracellular	Helical			True		True
Q8BH24	Tm9sf4	Extracellular; Cytoplasmic	Helical		True	True		True
Q8BH47	Sec22a	Cytoplasmic; Lumenal	Helical			True		True
Q8BHA1	Lrrc24		Helical		True	True
Q8BHA9	Pxylp1	Cytoplasmic; Lumenal	Helical; Signal-anchor for type II membrane protein			True		True
Q8BHD4	Frmd3		Helical			True
Q8BHE8	Maip1								True	GFP, targetP signal, induction, coexpression, MS/MS+	Matrix
Q8BHG3	Tmem30b	Cytoplasmic; Lumenal	Helical			True		True
Q8BHM9	Tmprss11f	Cytoplasmic; Extracellular	Helical; Signal-anchor for type II membrane protein			True		True
Q8BI08	Mal2	Cytoplasmic; Lumenal	Helical			True		True
Q8BIG7	Comtd1		Helical; Signal-anchor for type II membrane protein			True			True	GFP, MS/MS++	Membrane
Q8BIJ6	Iars2								True	APEX_matrix, targetP signal, yeast mito homolog++, Rickettsial homolog, mito protein domain, coexpression++, MS/MS++	Matrix
Q8BIV7	Slc45a1		Helical			True
Q8BIZ0	Pcdh20	Extracellular; Cytoplasmic	Helical		True	True		True
Q8BJ51	Mfsd11		Helical			True
Q8BJ83	Tm2d3	Extracellular; Cytoplasmic	Helical		True	True		True
Q8BJD1	Itih5				True
Q8BJE2	Btnl9	Extracellular; Cytoplasmic	Helical		True	True		True
Q8BJR6	Prss27				True
Q8BJU9	Mtrf1l								True	literature, targetP signal+, yeast mito homolog+, Rickettsial homolog, mito protein domain	Matrix
Q8BJZ4	Mrps35								True	literature, APEX_matrix, targetP signal+, yeast mito homolog++, mito protein domain+, induction, coexpression++, MS/MS++	Matrix
Q8BK62	Olfml3				True
Q8BKU8	Tmem87b	Lumenal; Cytoplasmic	Helical		True	True		True
Q8BKY8	Mterf2								True	literature, APEX_matrix, targetP signal, mito protein domain+, induction, coexpression, MS/MS	Matrix
Q8BL00	Cdhr3	Extracellular; Cytoplasmic	Helical		True	True		True
Q8BL07	Gpr150	Extracellular; Cytoplasmic	Helical			True		True
Q8BLI0	Adamtsl1				True
Q8BLK3	Lsamp				True
Q8BM14	Lipk				True
Q8BM81	Aadacl4fm1	Cytoplasmic; Lumenal	Helical; Signal-anchor for type II membrane protein			True		True
Q8BM88	Ctso				True
Q8BM89	Arsj				True
Q8BP31	Rnf122		Helical			True
Q8BP92	Rcn2				True
Q8BPS4	Gpr180		Helical		True	True
Q8BQH6	Cdcp2	Extracellular; Cytoplasmic	Helical		True	True		True
Q8BQT2	Dipk1c	Cytoplasmic; Lumenal	Helical			True		True
Q8BQU7	Tmem74		Helical			True
Q8BQZ8	Kcns3	Cytoplasmic; Extracellular	Helical; Helical; Voltage-sensor	Helical		True	True	True
Q8BR26	Ifitm10	Extracellular; Cytoplasmic	Helical			True		True
Q8BRG8	Tmem209		Helical			True
Q8BRJ3	Rell2		Helical			True
Q8BS03	Pi15				True
Q8BSD4	Gjd4	Cytoplasmic; Extracellular	Helical			True		True
Q8BSL4	Hs3st5	Cytoplasmic; Lumenal	Helical; Signal-anchor for type II membrane protein			True		True
Q8BSN9	Fastkd3								True	APEX_matrix, targetP signal	Matrix
Q8BT20	Spink6				True
Q8BT51	COA4								True	yeast mito homolog++, mito protein domain, MS/MS	IMS
Q8BTG6	Spring1	Cytoplasmic; Lumenal	Helical			True		True
Q8BTP0	Pigz		Helical			True
Q8BTP3	Cd200r5	Extracellular; Cytoplasmic	Helical		True	True		True
Q8BU14	Sec62	Cytoplasmic; Lumenal	Helical			True		True
Q8BU25	Pamr1				True
Q8BUY5	Timmdc1		Helical			True			True	literature, APEX_IMS, APEX_matrix, targetP signal, mito protein domain+, MS/MS++	MIM
Q8BVB5	Defb42				True
Q8BVG8	Nat14		Helical			True
Q8BVM2	Antxrl	Extracellular; Cytoplasmic	Helical		True	True		True
Q8BVP6	Lypd4				True
Q8BW00	Ptrh1								True	APEX_matrix, GFP, targetP signal, yeast mito homolog++, Rickettsial homolog, mito protein domain, MS/MS	Matrix
Q8BW11	Prss58				True
Q8BW66	Slc25a48		Helical			True			True	yeast mito homolog+, mito protein domain+	MIM
Q8BWQ1	Ugt2a3	Extracellular; Cytoplasmic	Helical		True	True		True
Q8BX37	Acp7				True
Q8BX79	Gpr21	Extracellular; Cytoplasmic	Helical			True		True
Q8BXQ3	Lrtm1	Extracellular; Cytoplasmic	Helical		True	True		True
Q8BXS7	Gpr152	Extracellular; Cytoplasmic	Helical			True		True
Q8BXT9	Sec22c	Cytoplasmic; Lumenal	Helical			True		True
Q8BY79	Slc35g1		Helical			True
Q8BZ10	Tmprss11g	Cytoplasmic; Extracellular	Helical; Signal-anchor for type II membrane protein			True		True
Q8BZ33	Tns4				True
Q8BZA7	Gpr26	Extracellular; Cytoplasmic	Helical			True		True
Q8BZK4	Slc35f4		Helical			True
Q8BZL4	Gpr22	Extracellular; Cytoplasmic	Helical			True		True
Q8BZN2	Kcnv1	Cytoplasmic; Extracellular	Helical; Helical; Voltage-sensor			True		True
Q8C013	Tpbgl	Extracellular; Cytoplasmic	Helical		True	True		True
Q8C0F9	Prss35				True				True	GFP, mito protein domain	unknown
Q8C0K5	Slc25a16		Helical			True			True	literature, yeast mito homolog+, mito protein domain+, coexpression, MS/MS	MIM
Q8C0Z1	Fam234a	Cytoplasmic; Extracellular	Helical; Signal-anchor for type II membrane protein			True		True
Q8C160	Mslnl	Extracellular; Cytoplasmic	Helical		True	True		True
Q8C1N8	Defa22				True
Q8C1P2	Defa21				True
Q8C2E4	Ptcd1								True	targetP signal, mito protein domain+, coexpression	Matrix
Q8C2L6	Tmem161b		Helical			True
Q8C2R7	Pigm	Cytoplasmic; Lumenal	Helical			True		True
Q8C398	Pigw	Lumenal; Cytoplasmic	Helical			True		True
Q8C3B8	Rft1		Helical			True
Q8C3S2	Tango6		Helical			True
Q8C3X8	Lmf2		Helical			True
Q8C407	Yipf4	Cytoplasmic; Lumenal	Helical			True		True
Q8C432	Rnf182		Helical			True
Q8C4G9	Adgra1	Extracellular; Cytoplasmic	Helical			True		True
Q8C522	Endod1				True
Q8C561	Lmbrd2	Extracellular; Cytoplasmic	Helical			True		True
Q8C7H1	Mmaa								True	manual, targetP signal, coexpression+	Matrix
Q8C850	Scara3	Cytoplasmic; Extracellular	Helical; Signal-anchor for type II membrane protein			True		True
Q8CAC8	Spink10		Helical			True
Q8CAL5	Gpc5				True
Q8CB14	Las2				True
Q8CBB2	Slc15a5		Helical			True
Q8CBC6	Lrrn3	Extracellular; Cytoplasmic	Helical		True	True		True
Q8CBY0	Gatc								True	literature, APEX_matrix, targetP signal, Rickettsial homolog, mito protein domain+, induction, coexpression, MS/MS	Matrix
Q8CC36	Cdnf				True
Q8CCM6	Timm21		Helical			True			True	APEX_IMS, GFP, yeast mito homolog++, mito protein domain+, coexpression, MS/MS	MIM
Q8CCT7	Nsun3								True	APEX_matrix, mito protein domain	Matrix
Q8CE33	Klhl11				True
Q8CE93	Calhm4	Cytoplasmic; Extracellular	Helical			True		True
Q8CE94	Slc16a13	Cytoplasmic	Helical			True		True
Q8CEK7	Fate1		Helical			True
Q8CES1	Pmis2		Helical			True
Q8CFA2	Amt								True	targetP signal, yeast mito homolog, mito protein domain, MS/MS++	Matrix
Q8CFI5	Pars2								True	APEX_matrix, GFP, targetP signal, yeast mito homolog, Rickettsial homolog, mito protein domain	Matrix
Q8CFJ7	Slc25a45		Helical			True			True	yeast mito homolog, mito protein domain+, MS/MS++	MIM
Q8CFS6	Kcnv2	Cytoplasmic; Extracellular	Helical; Helical; Voltage-sensor	Pore-forming		True	True	True
Q8CG65	Sspo				True
Q8CG85	Mamdc2				True
Q8CGD2	Crispld1				True
Q8CGF5	Tlcd4		Helical			True
Q8CGZ9	Prl7b1				True
Q8CHK2	Rln3				True
Q8CHT3	Ints5		Helical			True
Q8CIA5	Slc35b4		Helical			True
Q8CIP5	Disp2		Helical			True
Q8CIT9	Sbsn				True
Q8CJ61	Cmtm4		Helical			True
Q8HW98	Iglon5				True
Q8JZZ0	Ugt3a2	Extracellular; Cytoplasmic	Helical		True	True		True
Q8K013	Gtpbp10								True	APEX_matrix, yeast mito homolog+, Rickettsial homolog, mito protein domain	Matrix
Q8K064	Fam174b	Extracellular; Cytoplasmic	Helical		True	True		True
Q8K072	Reep4		Helical			True
Q8K0C5	Zg16				True
Q8K0C8	Cox19								True	yeast mito homolog, mito protein domain, induction, coexpression+, MS/MS	IMS
Q8K0E7	Serinc2		Helical			True
Q8K0Z9	Gpr153	Extracellular; Cytoplasmic	Helical			True		True
Q8K1C7	Slc16a14	Cytoplasmic	Helical			True		True
Q8K1D8	Enho				True
Q8K1I3	Spp2				True
Q8K1T4	Ly6g5b				True
Q8K248	Hpdl								True	manual, targetP signal, induction	unknown
Q8K2A6	Lipm				True
Q8K2A8	Alg3		Helical			True
Q8K2J7	Rell1	Extracellular; Cytoplasmic	Helical		True	True		True
Q8K2M0	Mrpl38								True	APEX_matrix, targetP signal+, mito protein domain, coexpression++, MS/MS+	Matrix
Q8K2T4	Uqcc3	Mitochondrial matrix; Mitochondrial intermembrane	Helical			True		True	True	literature,coexpression, MS/MS	MIM
Q8K2W3	Txndc11		Helical			True
Q8K2Y7	Mrpl47								True	literature, APEX_matrix, targetP signal, yeast mito homolog++, mito protein domain, induction, coexpression	Matrix
Q8K370	Acad10								True	APEX_matrix, targetP signal+, mito protein domain+, coexpression, MS/MS++	Matrix
Q8K3A6	Armcx6	Mitochondrial intermembrane; Cytoplasmic	Helical; Signal-anchor			True		True	True	literature	Membrane
Q8K3C0	Rnasek		Helical			True
Q8K3I8	Defb19				True
Q8K4G2	Col23a1	Cytoplasmic; Extracellular	Helical; Signal-anchor for type II membrane protein			True		True
Q8K4I7	Prss45				True
Q8K4N3	Defb12				True
Q8K4P1	Npb				True
Q8K4P7	St7l		Helical			True
Q8K5B2	Mcfd2				True
Q8QZS1	Hibch								True	literature, APEX_matrix, targetP signal+, yeast mito homolog+, mito protein domain, induction, coexpression, MS/MS++	Matrix
Q8QZY2	Glyctk								True	targetP signal, coexpression, MS/MS+	Matrix
Q8R070	Slc37a1		Helical			True
Q8R0J4	Tmem134	Cytoplasmic; Extracellular	Helical			True		True
Q8R0M8	Slc16a4	Cytoplasmic; Extracellular	Helical			True		True
Q8R0W5	Ces4a				True
Q8R100	Calhm5	Cytoplasmic; Extracellular	Helical			True		True
Q8R189	Mmd2	Cytoplasmic; Lumenal	Helical			True		True
Q8R1J1	Tm6sf2		Helical			True
Q8R1L4	Kdelr3	Lumenal; Cytoplasmic	Helical			True		True
Q8R1M8	Mptx1				True
Q8R1Q3	Angptl7				True
Q8R1U2	Cgref1				True
Q8R207	Sptssa	Cytoplasmic; Lumenal	Helical			True		True
Q8R218	Tmem150b	Cytoplasmic; Extracellular	Helical			True		True
Q8R239	Tmem268		Helical			True
Q8R2E6	V1ra11	Extracellular; Cytoplasmic	Helical			True		True
Q8R2I5	Defb15				True
Q8R2I7	Defb11				True
Q8R2I8	Defb10				True
Q8R2K8					True
Q8R2L5	Mrps18c								True	literature, targetP signal, yeast mito homolog++, Rickettsial homolog, mito protein domain, coexpression, MS/MS++	Matrix
Q8R2Q4	Gfm2								True	literature, APEX_matrix, targetP signal, yeast mito homolog++, Rickettsial homolog, mito protein domain, coexpression++, MS/MS++	Matrix
Q8R2Y3	Dolk	Cytoplasmic; Extracellular	Helical			True		True
Q8R2Y8	Ptrh2		Helical			True			True	literature, yeast mito homolog, mito protein domain, MS/MS++	MOM
Q8R310	Tmcc3		Helical			True
Q8R3Q0	Saraf	Lumenal; Cytoplasmic	Helical		True	True		True
Q8R3W7	Agr3				True
Q8R404	Micos13	Mitochondrial matrix; Mitochondrial intermembrane	Helical			True		True	True	induction, coexpression++, MS/MS++	MIM
Q8R411	Myct1		Helical			True
Q8R4H4	Cpa5				True
Q8R4U6	Top1mt								True	literature, APEX_matrix, targetP signal+, mito protein domain, coexpression	Matrix
Q8R4V5	Oit3				True
Q8R4W6	Pcolce2				True
Q8VBW9	Or10h28	Extracellular; Cytoplasmic	Helical			True		True
Q8VC26	Tlcd2		Helical			True
Q8VC60	Glb1l				True
Q8VC65	Nrm	Nuclear; Perinuclear space	Helical			True		True
Q8VC74	Cox18	Mitochondrial intermembrane; Mitochondrial matrix	Helical			True		True	True	literature, targetP signal+, yeast mito homolog++, mito protein domain, coexpression	MIM
Q8VC82	Rhbdl1		Helical			True
Q8VCA6	Tmem161a	Extracellular; Cytoplasmic	Helical		True	True		True
Q8VCD3	Lman1l	Lumenal; Cytoplasmic	Helical		True	True		True
Q8VCE9	Plekhh3				True
Q8VCJ6	Mrgprf	Extracellular; Cytoplasmic	Helical			True		True
Q8VCK7	Sycn				True
Q8VCR3	Tmem242	Mitochondrial matrix; Mitochondrial intermembrane	Helical			True		True
Q8VCU1	Ces3b				True
Q8VCW8	Acsf2								True	APEX_matrix, targetP signal, Rickettsial homolog, mito protein domain, MS/MS++	Matrix
Q8VCY8	Plppr2		Helical			True
Q8VD57	Sft2d2	Cytoplasmic; Lumenal	Helical			True		True
Q8VDB2	Alg12		Helical			True
Q8VDC0	Lars2								True	literature, APEX_matrix, targetP signal, yeast mito homolog++, Rickettsial homolog, mito protein domain, coexpression++, MS/MS++	Matrix
Q8VDT1	Slc5a9	Extracellular; Cytoplasmic	Helical			True		True
Q8VE22	Mrps23								True	literature, APEX_matrix, yeast mito homolog++, mito protein domain+, induction, coexpression++, MS/MS++	Matrix
Q8VE85	Prelid3a								True	yeast mito homolog+, mito protein domain+, MS/MS	IMS
Q8VEA7	Tcta	Extracellular; Cytoplasmic	Helical			True		True
Q8VEH8	Erlec1				True
Q8VEJ3	Dkk4				True
Q8VES2	Or5t17	Extracellular; Cytoplasmic	Helical			True		True
Q8VEW2	Or5p73	Extracellular; Cytoplasmic	Helical			True		True
Q8VEW5	Or5p68	Extracellular; Cytoplasmic	Helical			True		True
Q8VEW6	Or5p81	Extracellular; Cytoplasmic	Helical			True		True
Q8VEX5	Or5h18	Extracellular; Cytoplasmic	Helical			True		True
Q8VEX6	Or5h19	Extracellular; Cytoplasmic	Helical			True		True
Q8VEZ1	Or4c12		Helical			True
Q8VF12	Or5p70	Extracellular; Cytoplasmic	Helical			True		True
Q8VF13	Or5t9	Extracellular; Cytoplasmic	Helical			True		True
Q8VF65	Or5p51	Extracellular; Cytoplasmic	Helical			True		True
Q8VF66	Or5p50	Extracellular; Cytoplasmic	Helical			True		True
Q8VF76	Or5g29	Extracellular; Cytoplasmic	Helical			True		True
Q8VFB9	Or5h17	Extracellular; Cytoplasmic	Helical			True		True
Q8VFC9	Or5p54	Extracellular; Cytoplasmic	Helical			True		True
Q8VFD0	Or5p62	Extracellular; Cytoplasmic	Helical			True		True
Q8VFD1	Or5p67	Extracellular; Cytoplasmic	Helical			True		True
Q8VFD2	Or5p66	Extracellular; Cytoplasmic	Helical			True		True
Q8VFD3	Or5p60	Extracellular; Cytoplasmic	Helical			True		True
Q8VFK1	Or5g9	Extracellular; Cytoplasmic	Helical			True		True
Q8VFK7	Or5ap2	Extracellular; Cytoplasmic	Helical			True		True
Q8VFL9	Or5t7	Extracellular; Cytoplasmic	Helical			True		True
Q8VFM9	Or1m1	Extracellular; Cytoplasmic	Helical			True		True
Q8VFR8	Olfr1165-ps	Extracellular; Cytoplasmic	Helical			True		True
Q8VG02	Or5p64	Extracellular; Cytoplasmic	Helical			True		True
Q8VG03	Or5p58	Extracellular; Cytoplasmic	Helical			True		True
Q8VG04	Or5p6	Extracellular; Cytoplasmic	Helical			True		True
Q8VG05	Or5p59	Extracellular; Cytoplasmic	Helical			True		True
Q8VG06	Or5p1	Extracellular; Cytoplasmic	Helical			True		True
Q8VG07	Or5p69	Extracellular; Cytoplasmic	Helical			True		True
Q8VG08	Or5p72	Extracellular; Cytoplasmic	Helical			True		True
Q8VG09	Or5p76	Extracellular; Cytoplasmic	Helical			True		True
Q8VG13	Or5p79	Extracellular; Cytoplasmic	Helical			True		True
Q8VG42	Or5p80	Extracellular; Cytoplasmic	Helical			True		True
Q8VG43	Or5p52	Extracellular; Cytoplasmic	Helical			True		True
Q8VG44	Or5p53	Extracellular; Cytoplasmic	Helical			True		True
Q8VGI1	Or1e16	Extracellular; Cytoplasmic	Helical			True		True
Q8VGI4	Or5p55	Extracellular; Cytoplasmic	Helical			True		True
Q8VGI5	Or5p4	Extracellular; Cytoplasmic	Helical			True		True
Q8VGI6	Or5p56	Extracellular; Cytoplasmic	Helical			True		True
Q8VGR8	Or5j3	Extracellular; Cytoplasmic	Helical			True		True
Q8VGR9	Or8u9	Extracellular; Cytoplasmic	Helical			True		True
Q8VGS1	Or8u3	Extracellular; Cytoplasmic	Helical			True		True
Q8VHW3	Cacng6		Helical			True
Q8VHW4	Cacng5		Helical			True
Q8VI16	B3gnt9	Cytoplasmic; Lumenal	Helical; Signal-anchor for type II membrane protein			True		True
Q8VI21	Clec2f	Cytoplasmic; Extracellular	Helical; Signal-anchor for type II membrane protein			True		True
Q8VI23	Slc12a8		Helical			True
Q8VI59	Pcnx3		Helical			True
Q8VII3	Cstdc1				True
Q8VIK2	Mpv17l2		Helical			True			True	GFP, targetP signal, yeast mito homolog+, mito protein domain, coexpression	MIM
Q91V13	Leap2				True
Q91V16	Etfrf1								True	mito protein domain+, induction, coexpression, MS/MS++	Matrix
Q91V61	Sfxn3		Helical			True			True	yeast mito homolog, mito protein domain+, MS/MS++	MIM
Q91V70	Defb7				True
Q91V80	Apof				True
Q91VR2	Atp5f1c								True	literature, yeast mito homolog++, Rickettsial homolog, mito protein domain, induction, MS/MS++	MIM
Q91VU1	Yipf1	Cytoplasmic; Lumenal	Helical			True		True
Q91VX5	Nxph3				True
Q91VX9	Tmem168		Helical			True
Q91W29	Cox4i2	Mitochondrial matrix; Mitochondrial intermembrane	Helical			True		True	True	literature, targetP signal, yeast mito homolog++, mito protein domain+	MIM
Q91WK5	Gcsh								True	literature, APEX_matrix, targetP signal+, yeast mito homolog, mito protein domain+, MS/MS	Matrix
Q91WN2	Tmem150a	Cytoplasmic; Extracellular	Helical			True		True
Q91WW2	Mrgpra4	Extracellular; Cytoplasmic	Helical			True		True
Q91WW4	Mrgpra2b	Extracellular; Cytoplasmic	Helical			True		True
Q91X49	Mall		Helical			True
Q91XB7	Yif1a	Cytoplasmic; Lumenal	Helical			True		True
Q91XD8	Slc25a38		Helical			True			True	yeast mito homolog++, mito protein domain+, coexpression	MIM
Q91XE7	Atp6v0e2	Lumenal; Cytoplasmic	Helical			True		True
Q91XY4	Pcdhga4	Extracellular; Cytoplasmic	Helical		True	True		True
Q91YV9	Pgap4	Cytoplasmic; Lumenal	Helical			True		True
Q91YY4	Atpaf2								True	literature, targetP signal+, yeast mito homolog++, mito protein domain+, induction, coexpression, MS/MS	Matrix
Q91Z22	Tmem123	Extracellular; Cytoplasmic	Helical		True	True		True
Q91ZB5	Mrgprg	Extracellular; Cytoplasmic	Helical			True		True
Q91ZB9	Mrgprb5	Extracellular; Cytoplasmic	Helical			True		True
Q91ZC4	Mrgpra8	Extracellular; Cytoplasmic	Helical			True		True
Q91ZC7	Mrgpra5	Extracellular; Cytoplasmic	Helical			True		True
Q91ZV3	Dcbld2	Extracellular; Cytoplasmic	Helical		True	True		True
Q920C4	Ms4a3	Cytoplasmic; Extracellular	Helical			True		True
Q920D7	Scgb3a1				True
Q921H9	Coa7								True	literature, APEX_IMS, mito protein domain, coexpression, MS/MS	IMS
Q921I0	Ormdl1	Cytoplasmic; Extracellular	Helical			True		True
Q921L7	Hemk1								True	GFP, targetP signal, yeast mito homolog, Rickettsial homolog, mito protein domain+	Matrix
Q921R4	Dnajc14		Helical			True
Q921R8	Slc41a3		Helical			True
Q921W8	Sectm1a	Extracellular; Cytoplasmic	Helical		True	True		True
Q921X9	Pdia5				True
Q921Y4	Slc61a1		Helical			True
Q922Q4	Pycr2								True	APEX_matrix, mito protein domain, MS/MS++	Matrix
Q922Q8	Lrrc59	Cytoplasmic; Lumenal	Helical			True		True
Q922T2	Mfap3	Extracellular; Cytoplasmic	Helical		True	True		True
Q922Z1	Ldaf1	Cytoplasmic; Lumenal	Helical			True		True
Q923D3	Parm1	Extracellular; Cytoplasmic	Helical		True	True		True
Q923P0	Col20a1				True
Q924H0	Npffr2	Extracellular; Cytoplasmic	Helical			True		True
Q924P3	Lcn8				True
Q924T2	Mrps2								True	literature, APEX_matrix, targetP signal, yeast mito homolog++, Rickettsial homolog, mito protein domain, induction, coexpression+, MS/MS+	Matrix
Q924Z5	Tram2	Cytoplasmic; Extracellular	Helical			True		True
Q925N1	Sfxn4		Helical			True			True	literature, yeast mito homolog, mito protein domain+	MIM
Q925N2	Sfxn2		Helical			True			True	yeast mito homolog, mito protein domain+, coexpression	MIM
Q925Q5	Gpha2				True
Q99J23	Ghdc				True
Q99J25	Mrm1								True	APEX_matrix, targetP signal, yeast mito homolog++, Rickettsial homolog, mito protein domain+, induction, coexpression	Matrix
Q99J59	Tspan1		Helical			True
Q99JS0	Ncmap	Extracellular; Cytoplasmic	Helical			True		True
Q99JT1	Gatb								True	literature, APEX_matrix, targetP signal+, yeast mito homolog, Rickettsial homolog, mito protein domain+, coexpression+, MS/MS	Matrix
Q99JT6	Tlcd1	Extracellular; Cytoplasmic	Helical	Helical	True	True	True	True
Q99JY4	Trabd	Cytoplasmic; Mitochondrial intermembrane	Helical			True		True
Q99KC7	Smagp	Extracellular; Cytoplasmic	Helical; Signal-anchor for type III membrane protein			True		True
Q99KI3	Emc3	Lumenal; Cytoplasmic	Helical			True		True
Q99KK1	Reep3		Helical			True
Q99KK9	Hars2								True	literature, APEX_matrix, GFP, targetP signal+, yeast mito homolog, Rickettsial homolog, mito protein domain, coexpression, MS/MS+	Matrix
Q99KR3	Lactb2								True	mito protein domain, induction, MS/MS+	Matrix
Q99KW9	Itfg1		Helical		True	True
Q99L13	Hibadh								True	literature, APEX_matrix, targetP signal+, mito protein domain, induction, coexpression+, MS/MS++	Matrix
Q99LB7	Sardh								True	literature, targetP signal+, yeast mito homolog, mito protein domain, coexpression, MS/MS++	Matrix
Q99LE3	Lysmd3	Extracellular; Cytoplasmic	Helical			True		True
Q99LJ6	Gpx7				True
Q99LP6	Grpel1								True	literature, APEX_matrix, targetP signal+, yeast mito homolog, Rickettsial homolog, mito protein domain+, induction, coexpression++, MS/MS++	Matrix
Q99LP8	Yipf2	Cytoplasmic; Lumenal	Helical			True		True
Q99LS1	Mmadhc								True	APEX_matrix, targetP signal, induction, coexpression	Matrix
Q99LV7	Pigx	Lumenal; Cytoplasmic	Helical		True	True		True
Q99LX8	Ost4	Lumenal; Cytoplasmic	Helical			True		True
Q99M07	Coa5								True	literature, APEX_IMS, yeast mito homolog++, mito protein domain+, induction, MS/MS	IMS
Q99M08	Arln		Helical			True
Q99M96	St7		Helical			True
Q99ML4	Dipk1b	Cytoplasmic; Lumenal	Helical			True		True
Q99MP3	Calcb				True
Q99MT7	Gpr87	Extracellular; Cytoplasmic	Helical			True		True
Q99MT8	Mrgprh	Extracellular; Cytoplasmic	Helical			True		True
Q99MU1	Tpra1		Helical			True
Q99N03	Ms4a10	Cytoplasmic; Extracellular	Helical			True		True
Q99N07	Ms4a6d	Cytoplasmic; Extracellular	Helical			True		True
Q99N08	Ms4a6c	Cytoplasmic; Extracellular	Helical			True		True
Q99N09	Ms4a6b	Cytoplasmic; Extracellular	Helical			True		True
Q99N84	Mrps18b								True	literature, APEX_matrix, Rickettsial homolog, mito protein domain, MS/MS	Matrix
Q99N85	Mrps18a								True	literature, APEX_matrix, targetP signal, Rickettsial homolog, mito protein domain, induction, coexpression++, MS/MS++	Matrix
Q99N87	Mrps5								True	literature, APEX_matrix, yeast mito homolog++, Rickettsial homolog, mito protein domain, induction, coexpression, MS/MS	Matrix
Q99N90	Mrpl36								True	literature, targetP signal, yeast mito homolog++, mito protein domain, induction, coexpression+	Matrix
Q99N91	Mrpl34								True	literature, APEX_matrix, targetP signal+, yeast mito homolog++, Rickettsial homolog, mito protein domain, induction, coexpression++, MS/MS	Matrix
Q99N92	Mrpl27								True	literature, APEX_matrix, targetP signal, yeast mito homolog++, Rickettsial homolog, mito protein domain, MS/MS	Matrix
Q99N93	Mrpl16								True	literature, targetP signal, yeast mito homolog++, mito protein domain, coexpression++, MS/MS+	Matrix
Q9CPQ8	Atp5mg								True	literature, APEX_matrix, yeast mito homolog++, mito protein domain+, MS/MS++	MIM
Q9CPR5	Mrpl15								True	literature, APEX_matrix, targetP signal, yeast mito homolog++, Rickettsial homolog, mito protein domain, induction, coexpression, MS/MS	Matrix
Q9CPU3	Tex46		Helical		True	True
Q9CPV3	Mrpl42								True	APEX_matrix, GFP, mito protein domain+, induction, MS/MS	Matrix
Q9CPW5	Ssr2	Lumenal; Cytoplasmic	Helical		True	True		True
Q9CPX3	Lyzl1				True
Q9CPX7	Mrps16								True	literature, APEX_matrix, yeast mito homolog++, Rickettsial homolog, mito protein domain, MS/MS+	Matrix
Q9CPY1	Mrpl51								True	literature, APEX_matrix, targetP signal+, mito protein domain+, coexpression, MS/MS++	Matrix
Q9CPZ8	Cmc1								True	APEX_IMS, GFP, yeast mito homolog++, mito protein domain+, induction, coexpression, MS/MS+	IMS
Q9CQ06	Mrpl24								True	literature, APEX_matrix, targetP signal, yeast mito homolog++, Rickettsial homolog, mito protein domain, coexpression, MS/MS++	Matrix
Q9CQ35	Glipr1l2		Helical			True
Q9CQ44	Tmem218		Helical			True
Q9CQ58	Prl8a9				True
Q9CQ61	Unc50	Cytoplasmic; Lumenal	Helical			True		True
Q9CQ74	Leprotl1		Helical			True
Q9CQ85	Timm22		Helical			True			True	literature, yeast mito homolog++, mito protein domain+, induction, coexpression, MS/MS	MIM
Q9CQ89	Cuta				True
Q9CQA6	Chchd1								True	GFP, targetP signal, yeast mito homolog++, mito protein domain, coexpression+, MS/MS	MIM
Q9CQD8	Atp6v0e1	Lumenal; Cytoplasmic	Helical			True		True
Q9CQE3	Mrps17								True	literature, targetP signal, mito protein domain, induction, coexpression, MS/MS+	Matrix
Q9CQF0	Mrpl11								True	literature, targetP signal, yeast mito homolog++, Rickettsial homolog, mito protein domain, coexpression+, MS/MS+	Matrix
Q9CQF4	Mtres1								True	GFP, targetP signal, induction, coexpression++, MS/MS+	Matrix
Q9CQF8	Mrpl57								True	literature, APEX_matrix, targetP signal, mito protein domain+, coexpression, MS/MS+	Matrix
Q9CQG0	Tmed6	Lumenal; Cytoplasmic	Helical		True	True		True
Q9CQG6	Tmem147	Cytoplasmic; Lumenal	Helical			True		True
Q9CQJ1	Higd2a		Helical			True			True	APEX_IMS, yeast mito homolog++, mito protein domain+, induction, coexpression++, MS/MS++	MIM
Q9CQL4	Mrpl20								True	literature, APEX_matrix, targetP signal+, Rickettsial homolog, mito protein domain, induction, coexpression, MS/MS	Matrix
Q9CQL5	Mrpl18								True	literature, APEX_matrix, targetP signal, Rickettsial homolog, coexpression, MS/MS	Matrix
Q9CQM1		Extracellular; Cytoplasmic	Helical; Signal-anchor for type III membrane protein			True		True
Q9CQM2	Kdelr2	Lumenal; Cytoplasmic	Helical			True		True
Q9CQN3	Tomm6	Cytoplasmic; Mitochondrial intermembrane	Helical			True		True	True	GFP, mito protein domain+, coexpression, MS/MS+	MOM
Q9CQN6	Tmem14c		Helical			True			True	literature, yeast mito homolog, mito protein domain+, induction, coexpression, MS/MS+	MIM
Q9CQN7	Mrpl41								True	literature, APEX_matrix, targetP signal, yeast mito homolog++, mito protein domain, induction, MS/MS++	Matrix
Q9CQQ7	Atp5pb								True	literature, APEX_matrix, yeast mito homolog++, mito protein domain+, MS/MS++	MIM
Q9CQS3	Fibin				True
Q9CQU0	Txndc12				True
Q9CQU8	Immp1l								True	literature, yeast mito homolog++, Rickettsial homolog, mito protein domain+, MS/MS	MIM
Q9CQW0	Emc6	Cytoplasmic; Lumenal	Helical			True		True
Q9CQY7	Mmd	Cytoplasmic; Lumenal	Helical			True		True
Q9CQY8	Tm4sf20	Lumenal; Cytoplasmic	Helical			True		True
Q9CR59	Gadd45gip1								True	APEX_matrix, GFP, targetP signal+, coexpression+, MS/MS++	Matrix
Q9CR60	Golt1b	Cytoplasmic; Lumenal	Helical			True		True
Q9CR63	Cox16	Mitochondrial matrix; Mitochondrial intermembrane	Helical			True		True	True	APEX_IMS, GFP, targetP signal, yeast mito homolog++, mito protein domain+, MS/MS+	MIM
Q9CR64	Tmem167a	Extracellular; Cytoplasmic	Helical		True	True		True
Q9CR88	Mrps14								True	literature, APEX_matrix, targetP signal, yeast mito homolog++, Rickettsial homolog, mito protein domain, coexpression, MS/MS++	Matrix
Q9CRB5	Prl7c1				True
Q9CRB8	Mtfp1		Helical			True			True	literature, induction, coexpression, MS/MS+	Membrane
Q9CRG1	Tm7sf3		Helical		True	True
Q9CSV6	Sft2d3	Cytoplasmic; Lumenal	Helical			True		True
Q9CWD8	Nubpl								True	literature, targetP signal, Rickettsial homolog, mito protein domain, coexpression+, MS/MS+	Matrix
Q9CWE0	Mtfr1l								True	mito protein domain+, induction, coexpression, MS/MS	unknown
Q9CWQ3	Atp23								True	yeast mito homolog++, mito protein domain+, coexpression	IMS
Q9CWV0	Malsu1								True	literature, APEX_matrix, targetP signal+, yeast mito homolog++, Rickettsial homolog, mito protein domain, coexpression+, MS/MS	Matrix
Q9CWX2	Ndufaf1								True	literature, APEX_matrix, targetP signal, mito protein domain, induction, coexpression++, MS/MS++	MIM
Q9CX13	Cnih4		Helical			True
Q9CXC3	Mgme1								True	literature, APEX_matrix, GFP, targetP signal	Matrix
Q9CXL1	Tmem50a		Helical			True
Q9CXR1	Dhrs7				True
Q9CXT7	Tmem192	Cytoplasmic; Lumenal	Helical			True		True
Q9CXW2	Mrps22								True	literature, APEX_matrix, targetP signal+, mito protein domain+, induction, coexpression, MS/MS	Matrix
Q9CY16	Mrps28								True	literature, targetP signal+, mito protein domain+, coexpression++, MS/MS++	Matrix
Q9CYC3	Tmem39a		Helical			True
Q9CYH2	Prxl2a								True	GFP, mito protein domain, MS/MS++	Membrane
Q9CYH5	Gfod2				True
Q9CYK1	Wars2								True	literature, APEX_matrix, targetP signal, yeast mito homolog++, Rickettsial homolog, mito protein domain, coexpression, MS/MS	Matrix
Q9CYN2	Spcs2	Cytoplasmic; Lumenal	Helical			True		True
Q9CZ69	Cmtm6	Cytoplasmic; Extracellular	Helical			True		True
Q9CZ83	Mrpl55								True	literature, APEX_matrix, targetP signal, mito protein domain+, induction, coexpression++, MS/MS+	Matrix
Q9CZD5	Mtif3								True	literature, APEX_matrix, Rickettsial homolog, mito protein domain, coexpression	Matrix
Q9CZN8	Qrsl1								True	literature, APEX_matrix, GFP, yeast mito homolog, Rickettsial homolog, mito protein domain, coexpression, MS/MS	Matrix
Q9CZR3	Tomm40l								True	targetP signal, yeast mito homolog+, mito protein domain+, induction, coexpression+, MS/MS	MOM
Q9CZR4	Cmtm8		Helical			True
Q9CZR8	Tsfm								True	literature, APEX_matrix, targetP signal+, Rickettsial homolog, mito protein domain, induction, coexpression, MS/MS++	Matrix
Q9CZU4	Eral1								True	APEX_matrix, targetP signal+, yeast mito homolog+, Rickettsial homolog, mito protein domain, induction, coexpression++	Matrix
Q9CZX9	Emc4	Cytoplasmic; Lumenal	Helical			True		True
Q9D035	Nkain1		Helical			True
Q9D081	Alg14	Lumenal; Cytoplasmic	Helical			True		True
Q9D0G0	Mrps30								True	literature, APEX_matrix, targetP signal, mito protein domain, induction, coexpression, MS/MS++	Matrix
Q9D0L4	Adck1								True	yeast mito homolog+, Rickettsial homolog, mito protein domain, MS/MS	unknown
Q9D0L7	Armc10		Helical			True			True	GFP, MS/MS	MOM
Q9D0N8	Tmem88		Helical			True
Q9D0P0	Ebpl		Helical			True
Q9D0T7	Gkn3				True
Q9D0Y8	Mrpl52								True	literature, APEX_matrix, targetP signal+, coexpression, MS/MS	Matrix
Q9D113	Dnlz								True	APEX_matrix, targetP signal, yeast mito homolog++, mito protein domain+, MS/MS	Matrix
Q9D123	Tmem219	Extracellular; Cytoplasmic	Helical		True	True		True
Q9D136	Ogfod3	Cytoplasmic; Lumenal	Helical; Signal-anchor for type II membrane protein			True		True
Q9D173	Tomm7	Cytoplasmic; Mitochondrial intermembrane	Helical			True		True	True	literature, yeast mito homolog++, mito protein domain+, coexpression, MS/MS++	MOM
Q9D176	Susd3	Extracellular; Cytoplasmic	Helical			True		True
Q9D1B9	Mrpl28								True	literature, APEX_matrix, targetP signal, yeast mito homolog++, Rickettsial homolog, mito protein domain, coexpression, MS/MS++	Matrix
Q9D1C3	Pyurf								True	targetP signal+, induction, coexpression++, MS/MS	unknown
Q9D1I2	Card19		Helical			True
Q9D1I5	Mcee								True	targetP signal, induction, coexpression++, MS/MS++	Matrix
Q9D1L0	Chchd2								True	APEX_IMS, targetP signal+, yeast mito homolog+, mito protein domain, coexpression	IMS
Q9D1N9	Mrpl21								True	literature, APEX_matrix, targetP signal, yeast mito homolog++, Rickettsial homolog, mito protein domain, coexpression, MS/MS+	Matrix
Q9D1P0	Mrpl13								True	literature, APEX_matrix, targetP signal, yeast mito homolog, Rickettsial homolog, mito protein domain, induction, coexpression, MS/MS++	Matrix
Q9D1Q4	Dpm3		Helical			True
Q9D1R1	Tmem126b		Helical			True			True	mito protein domain+, MS/MS	MIM
Q9D1X9	Tmem50b		Helical			True
Q9D256	Spink12				True
Q9D2E9	Tmem190	Extracellular; Cytoplasmic	Helical		True	True		True
Q9D2G9	Hhipl2				True
Q9D2L5	Cpxm2				True
Q9D2R4	Tmed11	Lumenal; Cytoplasmic	Helical		True	True		True
Q9D2R6	Coa3	Mitochondrial matrix; Mitochondrial intermembrane	Helical			True		True	True	APEX_IMS, APEX_matrix, mito protein domain+, coexpression, MS/MS++	MIM
Q9D2R8	Mrps33								True	literature, targetP signal, mito protein domain+, MS/MS++	Matrix
Q9D2S4	Spaca7				True
Q9D2V8	Slc75a1		Helical			True
Q9D2W0	Fxyd4	Extracellular; Cytoplasmic	Helical		True	True		True
Q9D306	Mgat4c	Cytoplasmic; Lumenal	Helical; Signal-anchor for type II membrane protein			True		True
Q9D321	Slc35a4	Cytoplasmic; Lumenal	Helical			True		True
Q9D338	Mrpl19								True	literature, APEX_matrix, targetP signal, yeast mito homolog++, Rickettsial homolog, mito protein domain, coexpression, MS/MS+	Matrix
Q9D342	Tmem170a	Extracellular; Cytoplasmic	Helical			True		True
Q9D3L0	Fam174a	Extracellular; Cytoplasmic	Helical		True	True		True
Q9D3P8	Plgrkt	Extracellular; Cytoplasmic	Helical			True		True	True	GFP	Membrane
Q9D3S9	Cpvl				True
Q9D4D7	Tmem30c	Cytoplasmic; Extracellular	Helical			True		True
Q9D4G1	Epcip				True
Q9D4J3	Dcbld1	Extracellular; Cytoplasmic	Helical		True	True		True
Q9D5B7	Tex50		Helical		True	True
Q9D5K1	Tmem81	Extracellular; Cytoplasmic	Helical		True	True		True
Q9D5U0	Lpcat2b		Helical			True
Q9D6G9	Cmtm5		Helical			True
Q9D6K8	Fundc2	Cytoplasmic; Mitochondrial intermembrane	Helical			True		True	True	mito protein domain+, MS/MS++	MOM
Q9D6M3	Slc25a22		Helical			True			True	literature, yeast mito homolog+, mito protein domain+, MS/MS++	MIM
Q9D6X6	Prss23				True
Q9D773	Mrpl2								True	literature, APEX_matrix, yeast mito homolog++, Rickettsial homolog, mito protein domain, induction, coexpression++, MS/MS++	Matrix
Q9D7B7	Gpx8		Helical			True
Q9D7D7	Cldn23	Cytoplasmic; Extracellular	Helical			True		True
Q9D7F2	Lypd6b				True
Q9D7J4	Cox20	Mitochondrial intermembrane; Mitochondrial matrix	Helical			True		True	True	literature, APEX_IMS, GFP, yeast mito homolog++, MS/MS	MIM
Q9D7J6	Dnase1l1				True
Q9D7N3	Mrps9								True	literature, APEX_matrix, targetP signal, yeast mito homolog++, Rickettsial homolog, mito protein domain, induction, coexpression, MS/MS	Matrix
Q9D7N6	Mrpl30								True	literature, APEX_matrix, targetP signal, yeast mito homolog++, mito protein domain, coexpression++, MS/MS	Matrix
Q9D871	Ceacam18	Extracellular; Cytoplasmic	Helical		True	True		True
Q9D8B4	Ndufa11		Helical			True
Q9D8C2	Tspan13	Cytoplasmic; Extracellular	Helical			True		True
Q9D8G5	Reg4				True
Q9D8I2	P2ry13	Extracellular; Cytoplasmic	Helical			True		True
Q9D8P4	Mrpl17								True	literature, APEX_matrix, targetP signal+, yeast mito homolog++, Rickettsial homolog, mito protein domain, coexpression, MS/MS	Matrix
Q9D8U3	Erp27				True
Q9D8U6	Mcemp1	Cytoplasmic; Extracellular	Helical; Signal-anchor for type II membrane protein			True		True
Q9D8W7	Ociad2								True	MS/MS++	unknown
Q9D8Y1	Tmem126a	Mitochondrial matrix; Mitochondrial intermembrane	Helical			True		True	True	literature, mito protein domain+, induction, coexpression++, MS/MS++	MIM
Q9D924	Isca1								True	APEX_matrix, targetP signal, yeast mito homolog++, Rickettsial homolog, mito protein domain+, induction, MS/MS++	Matrix
Q9D938	Tmem160		Helical			True
Q9D958	Spcs1	Cytoplasmic; Lumenal	Helical			True		True
Q9D9D5	Tmco5a		Helical			True
Q9D9M0	Prss52		Helical		True	True
Q9D9N8	Pradc1				True
Q9DA03	Lyrm7								True	literature, APEX_matrix, targetP signal, yeast mito homolog++, mito protein domain+, MS/MS++	Matrix
Q9DA16	Izumo2	Extracellular; Cytoplasmic	Helical		True	True		True
Q9DA57	Spata25		Helical			True
Q9DAC0	Cmtm2b		Helical			True
Q9DAN8	Cst12				True
Q9DAU7	Wfdc2				True
Q9DAZ2	Prl2b1				True
Q9DB25	Alg5	Lumenal; Cytoplasmic	Helical			True		True
Q9DB43	Zfpl1	Cytoplasmic; Lumenal	Helical			True		True
Q9DBB9	Cpn2				True
Q9DBU0	Tm9sf1		Helical		True	True
Q9DC16	Ergic1	Cytoplasmic; Lumenal	Helical			True		True
Q9DC58	Dram1		Helical			True
Q9DC61	Pmpca								True	literature, APEX_matrix, targetP signal+, yeast mito homolog++, Rickettsial homolog, mito protein domain+, coexpression, MS/MS++	Matrix
Q9DC71	Mrps15								True	literature, targetP signal+, yeast mito homolog++, Rickettsial homolog, mito protein domain, coexpression++, MS/MS++	Matrix
Q9DCB8	Isca2								True	APEX_matrix, targetP signal+, yeast mito homolog++, Rickettsial homolog, mito protein domain+, induction, coexpression, MS/MS++	Matrix
Q9DCF9	Ssr3	Lumenal; Cytoplasmic	Helical			True		True
Q9DCK3	Tspan4	Cytoplasmic; Extracellular	Helical			True		True
Q9DCL4	Mettl15								True	APEX_matrix, targetP signal, Rickettsial homolog, coexpression	Matrix
Q9DCN7	Rnft1		Helical			True
Q9DCQ3	Golt1a	Cytoplasmic; Lumenal	Helical			True		True
Q9DCQ7	Serpina1f				True
Q9DCS1	Tmem176a		Helical			True
Q9DCU0	Paqr5	Cytoplasmic; Extracellular	Helical			True		True
Q9DCU6	Mrpl4								True	literature, APEX_matrix, targetP signal, yeast mito homolog++, Rickettsial homolog, mito protein domain, induction, MS/MS++	Matrix
Q9DCV4	Rmdn1								True	APEX_IMS, targetP signal+, mito protein domain, induction, coexpression, MS/MS	MOM
Q9DD20	Tmt1b				True
Q9EP72	Emc7	Lumenal; Cytoplasmic	Helical		True	True		True
Q9EPX2	Papln				True
Q9EQG5	Bean1		Helical			True
Q9EQI8	Mrpl46								True	literature, APEX_matrix, targetP signal, yeast mito homolog++, mito protein domain, induction, coexpression++, MS/MS++	Matrix
Q9EQQ3	Gpr63	Extracellular; Cytoplasmic	Helical			True		True
Q9EQQ4	Gpr45	Extracellular; Cytoplasmic	Helical			True		True
Q9ER10	Prss22				True
Q9ERN0	Scamp2	Cytoplasmic; Lumenal	Helical			True		True
Q9ERR7	Selenof				True
Q9ES81	Popdc3		Helical			True
Q9ESD6	Cmtm7		Helical			True
Q9ESG6	P2ry14	Extracellular; Cytoplasmic	Helical			True		True
Q9ESH5	Wfdc1				True
Q9ESP1	Sdf2l1				True
Q9ESQ8	Npvf				True
Q9ET30	Tm9sf3		Helical		True	True
Q9ET43	Cldn12	Cytoplasmic; Extracellular	Helical			True		True
Q9JHB2	Or7a40	Extracellular; Cytoplasmic	Helical			True		True
Q9JHG1	Pigp		Helical			True
Q9JHK0	Prl2a1				True
Q9JHY3	Wfdc12				True
Q9JHY4	Wfdc15b				True
Q9JI83	Plac1				True
Q9JIA9	Ctsr				True
Q9JIE3	Otor				True
Q9JIG8	Praf2	Cytoplasmic; Extracellular	Helical			True		True
Q9JII2	Prl5a1				True
Q9JIM5	Yipf7	Cytoplasmic; Lumenal	Helical			True		True
Q9JIT0	Lmbr1	Extracellular; Cytoplasmic	Helical			True		True
Q9JJQ0	Pigb		Helical			True
Q9JJV3	Tmem37		Helical			True
Q9JJY8	Il22b				True
Q9JK39	Btnl10	Extracellular; Cytoplasmic	Helical		True	True		True
Q9JKA3	Tas2r103	Extracellular; Cytoplasmic	Helical			True		True
Q9JKA5	Gpa33	Extracellular; Cytoplasmic	Helical		True	True		True
Q9JKF7	Mrpl39								True	literature, APEX_matrix, targetP signal, Rickettsial homolog, induction, coexpression, MS/MS	Matrix
Q9JKT2	Tas2r119	Extracellular; Cytoplasmic	Helical			True		True
Q9JL89	Ninj2	Extracellular; Cytoplasmic	Helical; Helical;Name=Helix alpha4			True		True
Q9JLG4	Pkd2l2	Cytoplasmic; Extracellular	Helical			True		True
Q9JLL0	Crim1	Extracellular; Cytoplasmic	Helical		True	True		True
Q9JLR1	Sec61a2	Cytoplasmic; Lumenal	Helical			True		True
Q9JLS0	Hilpda		Helical			True
Q9JMG2	C1galt1c1	Cytoplasmic; Lumenal	Helical; Signal-anchor for type II membrane protein			True		True
Q9JMG4	Nkain4		Helical			True
Q9QUL7	Tpsg1		Helical		True	True
Q9QUN5	Prl3c1				True
Q9QY33	Tspan3	Cytoplasmic; Extracellular	Helical			True		True
Q9QYC1	Pcnx1		Helical			True
Q9QYI4	Dnajb12		Helical			True
Q9QYT7	Pigq		Helical			True
Q9QYY7	Esm1				True
Q9QZ09	Phtf1		Helical			True
Q9QZ25	Vnn3				True
Q9QZC8	Abhd1		Helical; Signal-anchor for type II membrane protein			True
Q9R045	Angptl2				True
Q9R1K6	Gpr34	Extracellular; Cytoplasmic	Helical			True		True
Q9WUH1	Tmem115	Cytoplasmic; Lumenal	Helical			True		True
Q9WV96	Timm10b								True	literature, APEX_IMS, yeast mito homolog+, mito protein domain+, MS/MS+	MIM
Q9WVA2	Timm8a1								True	literature, yeast mito homolog+, mito protein domain+, MS/MS++	MIM
Q9Z0M9	Il18bp				True
Q9Z0S3	Cldn14	Cytoplasmic; Extracellular	Helical			True		True
Q9Z0S4	Cldn13	Cytoplasmic; Extracellular	Helical			True		True
Q9Z0V7	Timm17b		Helical			True			True	literature, APEX_IMS, yeast mito homolog+, mito protein domain+, coexpression, MS/MS+	MIM
Q9Z0V8	Timm17a		Helical			True			True	literature, APEX_IMS, yeast mito homolog+, mito protein domain+, induction, coexpression, MS/MS+	MIM
Q9Z109	Vsig2	Extracellular; Cytoplasmic	Helical		True	True		True
Q9Z2B3	Rgr	Extracellular; Cytoplasmic	Helical			True		True
Q9Z2C6	Upk1b	Cytoplasmic; Extracellular	Helical			True		True
Q9Z2Q5	Mrpl40								True	literature, APEX_matrix, targetP signal+, yeast mito homolog++, mito protein domain+, induction, coexpression, MS/MS	Matrix
Q9Z324	Dpm2		Helical			True
S4R2K0	Pdf								True	APEX_matrix, targetP signal, Rickettsial homolog, mito protein domain+, coexpression, MS/MS	Matrix
A0A0U1RQ45	Tmem275		Helical			True
A0A140LHF2	Vsig10l2		Helical		True	True
A0A140LHV9	Smim27		Helical			True
A0A140LIT1	Ccdc194				True
A0A1B0GRQ0	Smim36		Helical			True
A0A1W2P7I0	Kantr	Extracellular; Cytoplasmic	Helical		True	True		True
A1L0T3	Ssc4d				True
A2A3V2	Slc25a43		Helical			True			True	yeast mito homolog+, mito protein domain+	MIM
A2A5H7	Wfdc11				True
A2A7Z8	Aadacl3		Helical			True
A2A9G7	Shisal2a		Helical			True
A2A9Q0	Fndc10	Extracellular; Cytoplasmic	Helical		True	True		True
A2ADU8	Dgat2l6		Helical			True
A2AED3	Fndc7				True
A2AIL4	Ndufaf6								True	literature, targetP signal, mito protein domain, induction, coexpression++, MS/MS	MIM
A2AJB2	Tmem141		Helical			True
A2ALW5	Dnajc25		Helical			True
A2AMZ4	Ndufaf8								True	targetP signal, induction, coexpression+, MS/MS	IMS
A2APT9	Klhdc7a		Helical			True
A2ARJ3	Tmem236		Helical			True
A2BIM8	Mup18				True
A2RT91	Ankar		Helical			True
A4FUP9	Glt1d1				True
A7E1Z1	Tmem215		Helical			True
A9JSM3	Tmem238	Cytoplasmic; Extracellular	Helical			True		True
A9Z1V5	Vwa5b1				True
B1AZA5	Tmem245		Helical			True
B2B9E1	Triqk		Helical			True
B2RTN2	Igsf23		Helical			True
B2RU40	Prrt4		Helical		True	True
B3GLJ3	Pate3				True
B7ZWI3	Tmem92	Extracellular; Cytoplasmic	Helical		True	True		True
B9EJI9	Tmem229a		Helical			True
B9EKX1	Ptchd4		Helical			True
B9UIU9	Scpppq1				True
C0HKD1	Spata31f1b		Helical			True
C0HKD2	Spata31f1c		Helical			True
C0HKD3	Spata31f1d		Helical			True
D3YUK8	Pttg1ip2	Extracellular; Cytoplasmic	Helical		True	True		True
D3YVE8	Slc35g2		Helical			True
D3YWX3	Pate13				True
D3Z690	Izumo4				True
E9Q0B3			Helical		True	True
E9Q343	Gpr137c	Lumenal; Cytoplasmic	Helical			True		True
E9Q3C1	C2cd2		Helical			True
E9Q7F5	Eddm13				True
E9Q942	Smim13		Helical			True
F6ULY1	Wfdc6b				True
G3X8R9	Tmigd3		Helical		True	True
G5E8D7	Oosp3				True
H3BJG9	Ly6l				True
O08540	Msmb				True
O08976	Pbsn				True
P01627	Igkv2-112				True
P01634					True
P01635	Igkv12-41				True
P01637					True
P01638					True
P01641	Igkv9-129				True
P01642	Igkv5-48				True
P01658					True
P01661					True
P01680					True
P01723					True
P01724					True
P01726					True
P01727					True
P01728					True
P01729					True
P01734					True
P01735					True
P01736					True
P01738					True
P01739					True
P01740					True
P01746					True
P01748					True
P01749	Ighv1-61				True
P01750					True
P01753					True
P01754	Ighv1-62-3				True
P01758	Igh-VJ558				True
P01759					True
P01795					True
P01806					True
P01819					True
P01820					True
P01821	Ighv2-4				True
P01822					True
P01851		Cytoplasmic	Helical			True		True
P01852		Cytoplasmic	Helical			True		True
P01853		Cytoplasmic	Helical			True		True
P02815	Mucl2				True
P03978	Tcrg-V1				True
P03980					True
P03985		Cytoplasmic	Helical			True		True
P04212					True
P04213					True
P04214					True
P05142	Prh1				True
P05143	Prp2				True
P06320					True
P06321					True
P06323					True
P06324					True
P06325	Tcrg-V1				True
P06327	Ighv1-84				True
P06328	Ighv1-72				True
P06334		Cytoplasmic	Helical			True		True
P06335		Cytoplasmic	Helical			True		True
P0C1P0	Pigy	Cytoplasmic; Lumenal	Helical			True		True
P0C6B7	Igsf6	Extracellular; Cytoplasmic	Helical		True	True		True
P0C7M9	Clec2l		Helical			True
P0DJE0	Pet100		Helical			True			True	literature, yeast mito homolog++, MS/MS	MIM
P0DJF2	Pet117								True	literature, yeast mito homolog, MS/MS	MIM
P0DN89	Tmem254		Helical			True
P13438	Tpbpa				True
P18524					True
P18525					True
P18526					True
P18529					True
P18530					True
P18532					True
P18533	Ighv3-5				True
P30933	Svs5				True
P56983	Tmem14a		Helical			True
P58059	Mrps21								True	literature, yeast mito homolog++, Rickettsial homolog, mito protein domain, induction, MS/MS++	Matrix
P58749	Tm6sf1		Helical			True
P59034	Lrrc3		Helical		True	True
P60154	Rnase9				True
P61110	Kap				True
P85094	Isoc2a								True	APEX_matrix, MS/MS++	Matrix
P86045	Tmem207	Lumenal; Cytoplasmic	Helical		True	True		True
P86050	Tmem170b	Extracellular; Cytoplasmic	Helical			True		True
Q08AU7	Myadml2		Helical			True
Q08AU9					True
Q08EA8	Tmem213	Cytoplasmic; Lumenal	Helical		True	True		True
Q0VAY3	Fam187b	Extracellular; Cytoplasmic	Helical		True	True		True
Q0VBB0	Prelid2								True	yeast mito homolog+, mito protein domain+, induction, coexpression, MS/MS	IMS
Q0VBF2	Tmem52b		Helical		True	True
Q0VBF8	Stum		Helical			True
Q0VBP7	Shisal1	Extracellular; Cytoplasmic	Helical		True	True		True
Q0VF94	Nkpd1		Helical			True
Q0VG18	Smim24		Helical		True	True
Q0VG49	2300009A05Rik				True				True	APEX_matrix, targetP signal, MS/MS	Matrix
Q149F5	Tmem71		Helical			True
Q14AE4	Wfdc3				True
Q1LZI2	Slc35f3		Helical			True
Q2TA57	Asphd1	Cytoplasmic; Lumenal	Helical			True		True
Q2YFS1	Pilrb2	Extracellular; Cytoplasmic	Helical		True	True		True
Q30KM9	Defb43				True
Q30KN3	Defb33				True
Q30KN4	Defb30				True
Q30KP5	Defb18				True
Q32M26		Extracellular; Cytoplasmic	Helical		True	True		True
Q3KQJ0	Tmem69		Helical			True
Q3TB48	SLC38A12	Cytoplasmic; Extracellular	Helical			True		True
Q3TBN1	Tmem248		Helical			True
Q3TC33	Ccdc127								True	APEX_IMS, MS/MS	Membrane
Q3TS39	Smim33		Helical			True
Q3TYE7	Tlcd5		Helical			True
Q3TYP4	Tmem278		Helical			True
Q3TYV2	Hhla1				True
Q3TYX2	Lrrn4cl	Extracellular; Cytoplasmic	Helical		True	True		True
Q3U095	Nxpe2		Helical			True
Q3U0Y2	Tmem35b		Helical		True	True
Q3U6U5	Gtpbp6								True	APEX_matrix, targetP signal+, mito protein domain	Matrix
Q3U7U4			Helical			True
Q3UHD2	Gfod1				True
Q3UHH2	Slc22a23		Helical			True
Q3UHK3	Greb1		Helical			True
Q3UM83	Klrg2		Helical			True
Q3UMF9	Faxc		Helical			True
Q3UNZ8	Cryzl2								True	targetP signal, mito protein domain, MS/MS++	Matrix
Q3UP23	Tmem26		Helical			True
Q3UPL6	Ms4a15		Helical			True
Q3UPR9	Sbspon				True
Q3UQS2	Lsmem1		Helical			True
Q3URD2	Rprml		Helical			True
Q3URE8	Ctxn2		Helical			True
Q3URS3	Lrcol1				True
Q3UTD9	Smim15		Helical			True
Q3UUA0	Lhfpl7		Helical			True
Q3UV16	Itpripl2	Extracellular; Cytoplasmic	Helical		True	True		True
Q3UV31	Rnf223		Helical			True
Q3UW21	Clpsl2				True
Q3UW31	Pate2				True
Q3UW41	Wfdc9				True
Q3UW55	Wfdc6a				True
Q3V0X1	Smim9	Extracellular; Cytoplasmic	Helical		True	True		True
Q3V209	Tmub2		Helical			True
Q3V2D2	Gm94				True
Q3V2G4	Smim31		Helical			True
Q3V2T4	Krtdap				True
Q3ZRW6	Clul1				True
Q497K7	Tmem247		Helical			True
Q4FJU9	Tmem40		Helical			True
Q4FZG7	Timm8a2								True	literature, yeast mito homolog+, mito protein domain+, MS/MS	IMS
Q4KL18	Tmem171		Helical			True
Q4KUS1	Wfdc8		Helical			True
Q4QQM4	Trp53i11	Cytoplasmic; Extracellular	Helical			True		True
Q52KP5	Nxpe4				True
Q58Y74	Trcg1				True
Q5DQQ6	Wfdc13				True
Q5F285	Tmem256	Extracellular; Cytoplasmic	Helical		True	True		True
Q5F297	Slc35g3		Helical			True
Q5FW56	Tmem255b		Helical			True
Q5FWC3	Ms4a13		Helical			True
Q5GAM7	Rnase13				True
Q5GAM8	Rnase12				True
Q5GAM9	Rnase11				True
Q5GH66	Xkr5		Helical			True
Q5GH68	Xkrx		Helical			True
Q5H8A1	Nms				True
Q5M8N4	Sdr39u1								True	targetP signal, mito protein domain, coexpression, MS/MS++	unknown
Q5M9N4	Pigh	Cytoplasmic; Lumenal	Helical			True		True
Q5ND56	Tlcd3a		Helical			True
Q5PT54	Slc10a5	Extracellular; Cytoplasmic	Helical		True	True		True
Q5QR91	Gm11437		Helical			True
Q5RKS2	Smim7	Extracellular; Cytoplasmic	Helical		True	True		True
Q5SSN7	Sft2d1	Cytoplasmic; Lumenal	Helical			True		True
Q5SWT3	Slc25a35		Helical			True			True	APEX_matrix, yeast mito homolog+, mito protein domain+, induction, coexpression, MS/MS++	MIM
Q5SXG7	Vmo1				True
Q5U419	Slc33a2		Helical			True
Q5XK03	Serinc4		Helical			True
Q60774	Tmem45a		Helical			True
Q61199	Nxph2				True
Q640P4	Glt8d2	Cytoplasmic; Lumenal	Helical; Signal-anchor for type II membrane protein			True		True
Q64356	Svs6				True
Q68FE7	Tmem151b		Helical			True
Q6DFV6	Fndc3c1	Cytoplasmic	Helical			True		True
Q6DFV8	Vwde				True
Q6JVL5	Lcn12				True
Q6NSQ3	Smim48	Cytoplasmic; Lumenal	Helical			True		True
Q6NXM3	Tmem130	Extracellular; Cytoplasmic	Helical		True	True		True
Q6P1J0	Maneal	Cytoplasmic; Lumenal	Helical; Signal-anchor for type II membrane protein			True		True
Q6P3A4	Vsig8	Extracellular; Cytoplasmic	Helical		True	True		True
Q6P3B9	Rbfa								True	APEX_matrix, targetP signal, Rickettsial homolog, coexpression	Matrix
Q6P4U0	Thsd7b	Extracellular; Cytoplasmic	Helical		True	True		True
Q6PDE8	Slc68a1	Extracellular; Cytoplasmic	Helical			True		True
Q6PDF3	Svopl		Helical			True
Q6PE13	Prrt3	Extracellular; Cytoplasmic	Helical		True	True		True
Q6PE55	Pdgfrl				True
Q6PGC7	Slc35e3		Helical			True
Q6PHN7	Tmem164		Helical			True
Q6TAW2	Serp2		Helical			True
Q6UGQ3	Scgb2b2				True
Q6UJB9	Tmem270		Helical			True
Q70KL2	Defb40				True
Q70KL3	Defb39				True
Q710D3	Unc93a		Helical			True
Q76I25	Higd1c	Cytoplasmic; Extracellular	Helical			True		True
Q78HU7	Gypc	Extracellular; Cytoplasmic	Helical; Signal-anchor for type III membrane protein			True		True
Q78RX3	Smim12		Helical			True
Q78S06	Sys1		Helical			True
Q7M723	Tas2r104	Extracellular; Cytoplasmic	Helical			True		True
Q7M724	Tas2r106	Extracellular; Cytoplasmic	Helical			True		True
Q7M742	Scgb1c1				True
Q7M747	Scgb2b24				True
Q7TMD2	Defb37				True
Q7TSQ8	Pdpr								True	APEX_matrix, targetP signal+, yeast mito homolog, mito protein domain, MS/MS++	Matrix
Q80SV1	Lhfpl1		Helical		True	True
Q80V70	Megf6				True
Q80VP8	Tmem106c		Helical			True
Q80X45	Tmem167b	Extracellular; Cytoplasmic	Helical		True	True		True
Q80X59	Tmco5b		Helical			True
Q80XA0	Tmem121		Helical			True
Q80ZA7	Fmr1nb	Cytoplasmic; Extracellular	Helical			True		True
Q80ZC9	Psors1c2				True
Q80ZS3	Mrps26								True	literature, APEX_matrix, targetP signal, mito protein domain+, induction, coexpression, MS/MS+	Matrix
Q80ZU4	Smim19		Helical			True
Q80ZW2	Them6				True
Q810L4	Tmem39b		Helical			True
Q810U2	Teddm1a		Helical			True
Q8BFQ2	TMEM229B	Cytoplasmic; Extracellular	Helical			True		True
Q8BFT9	Svop	Cytoplasmic; Vesicular	Helical			True		True
Q8BG09	Tmem184b		Helical			True
Q8BG50	Tmem169	Extracellular; Cytoplasmic	Helical			True		True
Q8BG75	Tmem198		Helical			True
Q8BGI1	Rnf24		Helical			True
Q8BGK5	Slc35f1		Helical			True
Q8BGK9			Helical			True
Q8BGN5	Nipal3		Helical			True
Q8BGN9			Helical			True
Q8BGW9	Defb29				True
Q8BGY3	Luzp2				True
Q8BGY5	Tmem140	Cytoplasmic; Extracellular	Helical			True		True
Q8BH07	Arl6ip6		Helical			True
Q8BH51	Cox14	Mitochondrial intermembrane; Cytoplasmic	Helical			True		True	True	literature, GFP, mito protein domain+, induction, coexpression++, MS/MS+	MIM
Q8BH55	Thnsl1								True	APEX_matrix, mito protein domain, MS/MS++	Matrix
Q8BH89	Wfdc15a				True
Q8BHC4	Dcakd								True	GFP, yeast mito homolog, Rickettsial homolog, mito protein domain, coexpression, MS/MS	Membrane
Q8BHH8	Clrn3		Helical			True
Q8BHH9	Tmem179		Helical			True
Q8BHW5	Tmem255a		Helical			True
Q8BHY2	Noc4l		Helical			True
Q8BIS8	Ccdc126				True
Q8BJN4	Fndc9		Helical			True
Q8BK08	Tmem11		Helical			True			True	GFP, targetP signal, mito protein domain+, induction, coexpression, MS/MS	MIM
Q8BKE6	Cyp20a1		Helical			True
Q8BLQ7	Slc7a4		Helical			True
Q8BLS7	Sowaha				True
Q8BM86	Lhfpl6		Helical		True	True
Q8BML2	Oacyl		Helical		True	True
Q8BN57	E130311K13Rik		Helical			True			True	APEX_matrix, MS/MS	Matrix
Q8BNX7	Nrac		Helical			True
Q8BP07	Tmem220		Helical			True
Q8BPE4	Tmem177	Mitochondrial matrix; Mitochondrial intermembrane	Helical			True		True	True	targetP signal, coexpression, MS/MS	MIM
Q8BQM7	Smco3		Helical			True
Q8BQU3	Sdhaf3								True	targetP signal, yeast mito homolog++, mito protein domain+, coexpression+, MS/MS	Matrix
Q8BQX5	Tmco6		Helical			True
Q8BR21	Fam180a				True
Q8BTX9	Hsdl1								True	GFP, Rickettsial homolog, mito protein domain, MS/MS++	unknown
Q8BTZ5	Ankrd46		Helical			True
Q8BU51	Bpifb6				True
Q8BU88	Mrpl22								True	literature, APEX_matrix, targetP signal, yeast mito homolog++, Rickettsial homolog, mito protein domain, MS/MS++	Matrix
Q8BUM6	Fam163b		Helical			True
Q8BVA2	Tmem222	Extracellular; Cytoplasmic	Helical			True		True
Q8BVD7	C1qtnf7				True
Q8BWY2	Clec1a	Cytoplasmic; Extracellular	Helical; Signal-anchor for type II membrane protein			True		True
Q8BXJ9	Tmem62		Helical			True
Q8BXV2	Bri3bp		Helical			True
Q8BXZ0	Ctxn3		Helical			True
Q8BYC4	Gpr20	Extracellular; Cytoplasmic	Helical			True		True
Q8BYI8	Fam234b		Helical			True
Q8BYY9	Serpina3b				True
Q8BZE1	Cdcp3				True
Q8BZG5	Mettl25b		Helical			True
Q8C088	Egfem1				True
Q8C0T7	Slc67a2		Helical			True
Q8C186	Bpifc				True
Q8C1A9	Abhd18				True
Q8C1E1	Bpifb2				True
Q8C3I9	Dipk2b				True
Q8C3K5	Tmem72	Lumenal; Cytoplasmic	Helical			True		True
Q8C3X2	Ccdc90b		Helical			True			True	literature, APEX_matrix, targetP signal, yeast mito homolog+, mito protein domain+, MS/MS	MIM
Q8C4Q9	Tmem154	Extracellular; Cytoplasmic	Helical		True	True		True
Q8C4U2	Tmem145		Helical			True
Q8C581	Tmem91	Extracellular; Cytoplasmic	Helical			True		True
Q8C5C9			Helical			True
Q8C5U4	Spem2		Helical			True
Q8C6C9	Leg1				True
Q8C6U2	Slc66a3		Helical		True	True
Q8C6Z1	Muc15	Extracellular; Cytoplasmic	Helical		True	True		True
Q8C708			Helical			True
Q8C811	Slc35e2a		Helical			True
Q8C817	Tmem200a	Cytoplasmic; Extracellular	Helical			True		True
Q8CA71	Shisa4	Extracellular; Cytoplasmic	Helical		True	True		True
Q8CAA5	Fam163a		Helical			True
Q8CAK1	Iba57								True	APEX_matrix, targetP signal+, yeast mito homolog++, Rickettsial homolog, mito protein domain, coexpression, MS/MS++	Matrix
Q8CAV0	Ybey								True	APEX_matrix, targetP signal, Rickettsial homolog, MS/MS	Matrix
Q8CB19	Phtf2		Helical			True
Q8CB65	Nemp2		Helical		True	True
Q8CC84	Lysmd4	Extracellular; Cytoplasmic	Helical			True		True
Q8CCB5	Mettl24				True
Q8CCH2	Nhlrc3				True
Q8CD26	Slc35e1		Helical			True
Q8CD78	Sertm1		Helical			True
Q8CDN1			Helical			True
Q8CE47	Slc49a3		Helical			True
Q8CEF8	Rnf222		Helical			True
Q8CEF9	Tmem132c	Extracellular; Cytoplasmic	Helical		True	True		True
Q8CEZ1	Smco1		Helical			True
Q8CF27	Fam24a				True
Q8CHJ2	Aqp12		Helical			True
Q8CHQ6	Tmem125		Helical			True
Q8CHS2	Dnajc22		Helical			True
Q8CI78	Rmnd1								True	literature, GFP, targetP signal, yeast mito homolog++, Rickettsial homolog, mito protein domain, MS/MS	MIM
Q8CIE0	Serpina11				True
Q8JZS9	Mrpl48								True	literature, APEX_matrix, mito protein domain, MS/MS++	Matrix
Q8K071	Tmem221		Helical			True
Q8K0B3	Lrrc66		Helical			True
Q8K126	Mtrf1								True	literature, APEX_matrix, targetP signal, yeast mito homolog+, Rickettsial homolog, mito protein domain	Matrix
Q8K129	Ctxn1		Helical			True
Q8K158	Cnppd1		Helical			True
Q8K177	Krtcap3		Helical			True
Q8K199	Cmc2								True	APEX_IMS, yeast mito homolog++, mito protein domain+, induction, coexpression, MS/MS+	IMS
Q8K201	Kct2	Extracellular; Cytoplasmic	Helical		True	True		True
Q8K262	Plac9				True
Q8K2J9	Btbd6				True
Q8K2Q5	Chchd7								True	yeast mito homolog, induction, coexpression, MS/MS+	IMS
Q8K2W9					True
Q8K2Y3	Eva1b		Helical			True
Q8K353	Cystm1		Helical			True
Q8K3D6	Slc35e4		Helical			True
Q8K3U4	Defb36				True
Q8QZR0	Tram1l1	Cytoplasmic; Lumenal	Helical			True		True
Q8QZW3	Fam151a		Helical			True
Q8R033	Lyrm2								True	APEX_matrix, GFP, targetP signal+, mito protein domain+, coexpression, MS/MS	Matrix
Q8R043	Smim29		Helical			True
Q8R0I4	Tm2d2	Extracellular; Cytoplasmic	Helical		True	True		True
Q8R115	Tmem82		Helical			True
Q8R1E7	Tmem234		Helical			True
Q8R2I3	Defb35				True
Q8R2I4	Defb13				True
Q8R2I6	Defb9				True
Q8R314	Slc35f5		Helical			True
Q8R3N2	Mfsd6l		Helical			True
Q8R3Q6	Mix23								True	APEX_IMS, yeast mito homolog++, mito protein domain+, MS/MS++	IMS
Q8R3R5	Tmem185b		Helical			True
Q8R448	Otos				True
Q8VCE1	Dnajc28								True	targetP signal, Rickettsial homolog, mito protein domain, coexpression+	unknown
Q8VCH9	Lrrc3b		Helical		True	True
Q8VCV9	Mfsd4b1		Helical			True
Q8VD26	Tmem143		Helical			True			True	targetP signal, coexpression+, MS/MS	MIM
Q8VDT9	Mrpl50								True	literature, APEX_matrix, targetP signal+, mito protein domain+, coexpression+, MS/MS	Matrix
Q8VE38	Oxnad1				True				True	APEX_matrix, GFP, targetP signal, yeast mito homolog, mito protein domain, coexpression++, MS/MS++	Matrix
Q8VEH0	Tmem144		Helical			True
Q8VIH7	Cyyr1	Extracellular; Cytoplasmic	Helical		True	True		True
Q8WUR0			Helical			True
Q91VP7	Tmem101		Helical			True
Q91VT8	Smim14	Lumenal; Cytoplasmic	Helical			True		True
Q91W34	Rusf1		Helical			True
Q91W52	Tmem19		Helical			True
Q91WC7	Nipal2		Helical			True
Q91WK1	Spryd4								True	APEX_matrix, GFP, targetP signal, mito protein domain, coexpression+, MS/MS++	Matrix
Q91WM2	Hdhd5				True				True	APEX_matrix, targetP signal, yeast mito homolog, mito protein domain, MS/MS++	Matrix
Q91WR6	Ginm1	Extracellular; Cytoplasmic	Helical		True	True		True
Q91WR8	Gpx6				True
Q91WU4	Tmco4		Helical			True
Q91X21	Kiaa2013	Extracellular; Cytoplasmic	Helical		True	True		True
Q91XD3	Tm4sf4	Cytoplasmic; Extracellular	Helical			True		True
Q91XE8	Tmem205		Helical			True			True	yeast mito homolog, mito protein domain+, coexpression	Membrane
Q91Y02	Pcdhb18		Helical		True	True
Q91YN1	Fam118a		Helical			True
Q91YP0	L2hgdh								True	literature, APEX_matrix, targetP signal, mito protein domain, induction, coexpression, MS/MS++	MIM
Q91ZC0	Mrgprb4	Extracellular; Cytoplasmic	Helical			True		True
Q91ZC1	Mrgprb3	Extracellular; Cytoplasmic	Helical			True		True
Q91ZC5	Mrgpra7	Extracellular; Cytoplasmic	Helical			True		True
Q91ZC6	Mrgpra6	Extracellular; Cytoplasmic	Helical			True		True
Q921S7	Mrpl37								True	literature, APEX_matrix, targetP signal, mito protein domain, induction, coexpression+, MS/MS++	Matrix
Q921V7	Slc44a3		Helical			True
Q99J19	Smim11		Helical			True
Q99JY6	Higd1b	Cytoplasmic; Extracellular	Helical			True		True
Q99LG1	Tmem51		Helical			True
Q99N05	Ms4a4d	Cytoplasmic; Extracellular	Helical			True		True
Q99N94	Mrpl9								True	literature, APEX_matrix, targetP signal, Rickettsial homolog, mito protein domain, induction, coexpression+, MS/MS	Matrix
Q99N95	Mrpl3								True	literature, APEX_matrix, targetP signal, yeast mito homolog++, Rickettsial homolog, mito protein domain, induction, coexpression	Matrix
Q99N96	Mrpl1								True	literature, APEX_matrix, targetP signal+, yeast mito homolog++, mito protein domain, induction, coexpression, MS/MS++	Matrix
Q99PE5	Smim3		Helical			True
Q9CPV4	Glod4								True	APEX_matrix, targetP signal, coexpression, MS/MS++	Matrix
Q9CPW3	Mrpl54								True	literature, APEX_matrix, targetP signal+, yeast mito homolog++, mito protein domain, coexpression, MS/MS+	Matrix
Q9CPZ3			Helical			True
Q9CQ00	Dmac1		Helical			True			True	literature,MS/MS	MIM
Q9CQ40	Mrpl49								True	literature, APEX_matrix, targetP signal, yeast mito homolog++, mito protein domain, coexpression, MS/MS++	Matrix
Q9CQ88	Tspan31	Cytoplasmic; Extracellular	Helical			True		True
Q9CQB7	Lyrm1								True	GFP, yeast mito homolog, mito protein domain+, MS/MS	unknown
Q9CQD7	Pinlyp				True
Q9CQE1	Nipsnap3b								True	GFP, targetP signal, MS/MS+	Matrix
Q9CQE2	Tmem223	Mitochondrial matrix; Mitochondrial intermembrane	Helical			True		True
Q9CQH0	Pdzk1ip1	Extracellular; Cytoplasmic	Helical			True		True
Q9CQL6	Mrpl35								True	literature, APEX_matrix, targetP signal, Rickettsial homolog, mito protein domain, induction, coexpression++	Matrix
Q9CQP0	Mrpl33								True	literature, targetP signal, yeast mito homolog++, Rickettsial homolog, mito protein domain, coexpression, MS/MS++	Matrix
Q9CQP3	Chchd5								True	APEX_IMS, yeast mito homolog++, coexpression, MS/MS	IMS
Q9CQQ0	Smim8		Helical			True			True	manual, induction, coexpression, MS/MS	MOM
Q9CQV5	Mrps24								True	literature, APEX_matrix, targetP signal, induction, coexpression++, MS/MS	Matrix
Q9CR10	Oxld1								True	targetP signal, yeast mito homolog, mito protein domain+, coexpression+	unknown
Q9CR33	Mansc1	Extracellular; Cytoplasmic	Helical		True	True		True
Q9CR76	Tmem186	Mitochondrial matrix; Mitochondrial intermembrane	Helical			True		True	True	targetP signal, coexpression, MS/MS	MIM
Q9CR96	Tmem208		Helical			True
Q9CR98	Fam136a								True	APEX_IMS, mito protein domain+, MS/MS++	IMS
Q9CTN8	Lhfpl3		Helical			True
Q9CWB7	C330018D20Rik								True	targetP signal, coexpression+, MS/MS	Matrix
Q9CWG1	Glipr1		Helical		True	True
Q9CX19	Fam162b		Helical			True
Q9CXR4	Pigc		Helical			True
Q9CY24	Tmem179b		Helical			True
Q9CYW4	Hdhd3								True	APEX_matrix, MS/MS++	Matrix
Q9CYY7	Prelid3b								True	GFP, yeast mito homolog+, mito protein domain+, induction, coexpression	IMS
Q9CZH7	Mxra7		Helical			True
Q9CZJ9	Dnajc18		Helical			True
Q9CZL2	Fam241a		Helical			True
Q9D0B5	Tstd3								True	targetP signal, yeast mito homolog, Rickettsial homolog, mito protein domain, induction, MS/MS	unknown
Q9D0Q7	Mrpl45								True	literature, APEX_matrix, targetP signal, mito protein domain, induction, coexpression, MS/MS+	Matrix
Q9D125	Mrps25								True	literature, APEX_matrix, targetP signal, mito protein domain, induction, coexpression, MS/MS++	Matrix
Q9D162	Ccdc167		Helical			True
Q9D172	Gatd3								True	APEX_matrix, targetP signal+, mito protein domain, induction, coexpression++, MS/MS++	Matrix
Q9D1D1	Tspan11		Helical			True
Q9D1H8	Mrpl53								True	literature, APEX_matrix, targetP signal, yeast mito homolog++, mito protein domain+, induction, coexpression++, MS/MS++	Matrix
Q9D1I6	Mrpl14								True	literature, APEX_matrix, targetP signal+, Rickettsial homolog, mito protein domain, coexpression+, MS/MS	Matrix
Q9D1Y9	Shisal2b		Helical			True
Q9D232	Spns3		Helical			True
Q9D263	Spint4				True
Q9D267	Lcn9				True
Q9D2F0	Tmem210	Extracellular; Cytoplasmic	Helical		True	True		True
Q9D3H0	Tmem80		Helical			True
Q9D3R5	Fam187a	Extracellular; Cytoplasmic	Helical		True	True		True
Q9D4V6	Tomm20l	Mitochondrial intermembrane; Cytoplasmic	Helical			True		True	True	manual, yeast mito homolog+	MOM
Q9D665	Sdr42e1		Helical			True
Q9D6B9	Hrct1		Helical			True
Q9D6G5	Tmem138		Helical			True
Q9D6I7	Dipk1a	Cytoplasmic; Lumenal	Helical			True		True
Q9D6S7	Mrrf								True	literature, APEX_matrix, targetP signal+, yeast mito homolog++, Rickettsial homolog, mito protein domain, coexpression, MS/MS++	Matrix
Q9D6W7	Cd164l2	Extracellular; Cytoplasmic	Helical		True	True		True
Q9D701	Upk3bl1	Extracellular; Cytoplasmic	Helical		True	True		True
Q9D702	Tmem52		Helical		True	True
Q9D799	Mtfmt								True	literature, APEX_matrix, targetP signal, yeast mito homolog++, Rickettsial homolog, mito protein domain, coexpression	Matrix
Q9D7D1	Rnf225		Helical			True
Q9D7D2	Serpina9				True
Q9D7J9	Echdc3								True	targetP signal, yeast mito homolog+, mito protein domain, induction, coexpression, MS/MS++	Matrix
Q9D7K5	Dmac2								True	APEX_matrix, GFP, targetP signal, induction, MS/MS	MIM
Q9D7Q0	Lyg1				True
Q9D7S1	Tmem54		Helical			True
Q9D7U6	Cldn22	Cytoplasmic; Extracellular	Helical			True		True
Q9D7Z7	Lypd5				True
Q9D844	Dnajc4		Helical			True			True	GFP, targetP signal, Rickettsial homolog, mito protein domain, coexpression	Membrane
Q9D882	Fam241b		Helical			True
Q9D8N1		Extracellular; Cytoplasmic	Helical		True	True		True
Q9D8S9	Bola1								True	GFP, targetP signal+, Rickettsial homolog, mito protein domain, coexpression, MS/MS++	Matrix
Q9D8T4	Tvp23b		Helical			True
Q9D8U2	Tmem41a		Helical		True	True
Q9D8X0	Manbal		Helical			True
Q9D9G2	Pebp4				True
Q9D9H2	Cldnd2		Helical			True
Q9D9H8	1700066M21Rik								True	APEX_matrix	Matrix
Q9D9J8	Bpifa3				True
Q9D9R3	Spata9		Helical			True
Q9DA04	Tmem89	Extracellular; Cytoplasmic	Helical		True	True		True
Q9DA21	Smco2		Helical			True
Q9DA77	Tex29	Extracellular; Cytoplasmic	Helical			True		True
Q9DAL0	Smim23	Cytoplasmic; Extracellular	Helical; Signal-anchor for type II membrane protein			True		True
Q9DAL9	Fam24b				True
Q9DAM7	Tmem263		Helical			True
Q9DAY5					True
Q9DAZ5	Fam174c		Helical		True	True
Q9DB72	Btbd17				True
Q9DCC3	Ccdc107		Helical		True	True
Q9DCT5	Sdf2				True
Q9DD23	Lypd2				True
Q9EPV9	Defb5				True
Q9EPW4	Clec3a				True
Q9ERY9	Erg28		Helical			True
Q9JHA8	Vwa7				True
Q9JI02	Scgb2b20				True
Q9JIS3	Smco4		Helical			True
Q9JJB1	Tmem191		Helical			True
Q9JJB9	Tmem183		Helical			True
Q9JJC9	Herpud2		Helical			True
Q9JJR8	Tmem9b		Helical		True	True
Q9JJW0	Pxmp4		Helical			True			True	targetP signal, mito protein domain+, coexpression	unknown
Q9JK88	Serpini2				True
Q9JKL4	Ndufaf3								True	literature, targetP signal, mito protein domain, MS/MS	MIM
Q9JKV5	Scamp4	Cytoplasmic	Helical			True		True
Q9JME9	Vstm2b	Extracellular; Cytoplasmic	Helical		True	True		True
Q9R0Q9	Mpdu1		Helical			True
Q9R1Q7	Plp2		Helical			True
Q9Z1L2	Syngr4		Helical			True
Q9Z2Y8	Plpbp								True	APEX_matrix, targetP signal, coexpression, MS/MS++	Matrix
A0A140LIA7	Gm29797				True
A0A1B0GQX3	Ctxnd2		Helical			True
A0A1B0GST9	Ctxnd1		Helical			True
E9Q2Z6	Smim35		Helical			True
P0C1V4	Tmco2		Helical			True
P0DW86	Tmem276		Helical		True	True
Q3UN90	Lyrm9								True	mito protein domain+, MS/MS	unknown
Q3UNB8	Tmem253		Helical			True
Q3V3I5	Gm525				True
Q7TPD2	Fam185a								True	APEX_matrix, targetP signal, coexpression	Matrix
Q80W35	Tmem202		Helical			True
Q810S2			Helical			True
Q8BT42	Smim5		Helical			True
Q8BTE5	Cebpzos		Helical			True			True	coexpression+, MS/MS+	unknown
Q8C353	Tmem252		Helical			True
Q8C6V3	Tmem212		Helical			True
Q8K174	Tmem60		Helical			True
Q8QZR4	Oaf				True
Q8VDR5	Tmem267		Helical			True
Q8VE95	C030006K11Rik								True	APEX_matrix, targetP signal+, coexpression+, MS/MS++	Matrix
Q9CR22	Tmem42		Helical			True
Q9CZB9	Tmem128		Helical			True
Q9D4Y8	Tmem269		Helical			True
Q9DA47	Tmem239		Helical			True
